transaction_id,amount,hour_of_day,day_of_week,merchant_category,transaction_type,distance_from_home,distance_from_last_txn,avg_daily_transactions,velocity_last_hour,failed_attempts_24h,account_age_days,is_international,is_fraud
TXN000000,763.48,19,5,online,card_present,14.5,3.7,6.0,1.0,0,267,0,0
TXN000001,19.35,6,6,grocery,card_present,21.7,15.8,2.0,0.0,0,605,0,0
TXN000002,38.5,16,6,travel,contactless,17.4,15.6,0.0,1.0,0,2848,0,0
TXN000003,54.69,20,1,electronics,card_present,28.3,13.6,2.0,0.0,1,181,0,0
TXN000004,159.87,8,6,restaurant,card_present,3.8,2.1,3.0,0.0,1,3169,1,0
TXN000005,21.63,22,2,travel,card_present,25.7,9.5,4.0,0.0,1,2170,0,0
TXN000006,69.1,9,5,travel,contactless,17.2,2.3,4.0,2.0,1,3474,0,0
TXN000007,63.4,15,6,restaurant,card_present,16.3,7.2,7.0,1.0,0,3303,0,0
TXN000008,108.12,9,5,travel,card_present,0.2,2.3,2.0,2.0,0,486,0,0
TXN000009,51.65,20,3,gas,card_present,7.5,13.6,3.0,1.0,0,2543,0,0
TXN000010,315.92,21,3,clothing,online,21.1,12.5,1.0,3.0,0,2344,0,0
TXN000011,86.58,7,6,travel,card_present,13.3,11.9,1.0,2.0,0,2430,1,0
TXN000012,16.45,20,5,restaurant,card_present,16.1,11.1,3.0,1.0,0,3172,1,0
TXN000013,168.72,7,5,electronics,card_present,4.5,4.8,6.0,3.0,1,2344,0,0
TXN000014,78.31,19,1,online,card_present,14.1,4.8,2.0,2.0,0,1349,0,0
TXN000015,22.4,8,2,grocery,card_present,6.4,14.1,1.0,1.0,0,1425,0,0
TXN000016,102.8,11,5,grocery,contactless,9.4,9.8,4.0,1.0,0,2354,0,0
TXN000017,8695.13,0,1,electronics,online,349.2,528.2,4.0,6.0,3,29,1,1
TXN000018,81.37,10,6,gas,card_present,14.0,11.9,2.0,0.0,0,1838,0,0
TXN000019,84.43,17,1,grocery,card_present,31.5,5.5,4.0,2.0,1,2095,0,0
TXN000020,101.87,1,2,travel,card_present,117.3,682.8,9.0,2.0,3,7,1,1
TXN000021,137.23,13,0,electronics,card_present,5.8,13.3,4.0,0.0,0,827,1,0
TXN000022,123.22,17,2,travel,online,5.7,7.4,5.0,0.0,1,2733,0,0
TXN000023,199.38,19,4,clothing,contactless,10.5,1.7,2.0,0.0,0,1155,0,0
TXN000024,14.37,20,5,grocery,online,6.8,4.7,5.0,1.0,0,1621,0,0
TXN000025,2762.78,5,3,electronics,online,61.8,467.0,12.0,7.0,4,45,0,1
TXN000026,104.09,9,4,gas,card_present,24.3,0.0,2.0,0.0,0,294,0,0
TXN000027,208.22,17,3,gas,card_present,12.7,24.0,2.0,0.0,1,1662,0,0
TXN000028,44.0,20,6,gas,contactless,13.5,31.9,5.0,2.0,0,1892,0,0
TXN000029,61.65,8,6,electronics,online,14.0,9.9,1.0,1.0,0,1199,0,0
TXN000030,99.0,14,2,electronics,card_present,8.6,13.1,4.0,1.0,1,1126,0,0
TXN000031,60.06,6,0,online,online,20.2,22.4,3.0,1.0,0,456,0,0
TXN000032,192.77,6,2,travel,card_present,4.1,17.0,3.0,0.0,1,1358,1,0
TXN000033,84.31,16,1,restaurant,online,9.8,1.1,3.0,2.0,1,3439,0,0
TXN000034,57.77,12,5,online,online,3.5,4.9,3.0,0.0,0,1029,1,0
TXN000035,47.04,18,1,online,online,26.8,8.9,1.0,0.0,0,2639,0,0
TXN000036,254.76,16,0,travel,contactless,26.8,11.7,2.0,2.0,1,3451,0,0
TXN000037,136.71,16,4,electronics,online,27.1,2.2,2.0,0.0,0,667,0,0
TXN000038,59.54,19,6,electronics,card_present,27.1,1.6,3.0,4.0,0,2115,1,0
TXN000039,11.38,18,4,gas,card_present,21.1,21.3,6.0,1.0,0,423,0,0
TXN000040,87.27,7,3,travel,online,6.8,9.4,1.0,1.0,0,1948,0,0
TXN000041,16.11,18,0,grocery,online,25.7,4.9,3.0,1.0,0,1463,1,0
TXN000042,14.53,16,6,gas,contactless,9.4,0.3,2.0,0.0,0,2830,0,0
TXN000043,8.44,9,4,online,card_present,7.0,23.1,2.0,1.0,0,2093,0,0
TXN000044,20.14,11,0,online,online,21.4,4.3,5.0,2.0,0,393,0,0
TXN000045,66.48,15,4,travel,card_present,10.8,19.3,4.0,1.0,0,3577,0,0
TXN000046,41.28,20,3,gas,card_present,24.5,12.9,5.0,0.0,1,2777,1,0
TXN000047,14.34,20,1,grocery,contactless,22.2,6.4,2.0,1.0,0,2792,0,0
TXN000048,281.45,19,4,travel,online,2.2,1.8,3.0,0.0,0,986,0,0
TXN000049,401.68,14,3,online,online,17.5,1.8,3.0,1.0,0,78,1,0
TXN000050,9.15,13,6,restaurant,online,8.2,14.0,1.0,1.0,0,2205,1,0
TXN000051,20.0,20,1,travel,card_present,24.0,2.6,5.0,1.0,0,2702,0,0
TXN000052,96.23,17,1,restaurant,online,11.7,5.1,3.0,1.0,0,779,0,0
TXN000053,21.19,7,2,gas,card_present,1.0,19.1,2.0,4.0,0,1856,0,0
TXN000054,85.93,7,1,travel,card_present,7.7,4.4,2.0,1.0,0,2537,0,0
TXN000055,243.58,9,2,grocery,online,21.6,8.9,5.0,2.0,0,2196,0,0
TXN000056,44.41,13,4,travel,online,17.3,11.2,2.0,1.0,0,708,0,0
TXN000057,177.1,2,3,online,online,252.6,354.1,5.0,4.0,1,41,1,1
TXN000058,84.18,6,4,grocery,contactless,15.6,2.6,10.0,0.0,0,3249,0,0
TXN000059,52.31,10,3,clothing,online,27.0,2.6,3.0,3.0,0,1978,0,0
TXN000060,94.64,12,0,gas,contactless,11.3,18.2,3.0,1.0,0,277,1,0
TXN000061,152.97,12,4,online,online,12.6,2.0,1.0,1.0,0,2745,0,0
TXN000062,22.3,20,3,online,card_present,0.2,3.0,2.0,1.0,0,602,0,0
TXN000063,65.01,20,2,online,card_present,0.1,12.4,3.0,1.0,0,3283,0,0
TXN000064,14.7,11,0,clothing,card_present,24.9,13.4,1.0,1.0,0,1572,1,0
TXN000065,102.74,16,4,clothing,contactless,0.6,28.1,5.0,2.0,1,2088,1,0
TXN000066,46.95,10,2,electronics,contactless,0.2,15.6,2.0,0.0,1,1326,1,0
TXN000067,1704.86,1,3,travel,online,6.2,285.3,6.0,5.0,5,13,1,1
TXN000068,37.96,20,0,grocery,card_present,0.5,9.6,1.0,0.0,0,1532,1,0
TXN000069,21.4,20,4,restaurant,online,17.7,13.0,3.0,1.0,0,576,0,0
TXN000070,67.38,16,3,online,online,1.0,2.0,2.0,0.0,0,2253,0,0
TXN000071,56.25,8,5,grocery,card_present,16.7,6.8,4.0,2.0,0,311,0,0
TXN000072,40.55,6,1,restaurant,card_present,8.1,2.5,1.0,0.0,1,1185,0,0
TXN000073,90.76,8,4,electronics,card_present,5.2,6.7,2.0,0.0,1,1140,0,0
TXN000074,67.67,14,2,electronics,online,25.2,0.7,3.0,0.0,0,1480,0,0
TXN000075,116.4,16,5,gas,card_present,9.3,2.1,2.0,1.0,1,1815,0,0
TXN000076,27.63,15,3,grocery,online,6.0,0.9,4.0,1.0,0,1935,0,0
TXN000077,21.64,12,3,travel,card_present,10.0,8.5,3.0,0.0,0,3550,0,0
TXN000078,81.93,6,0,electronics,card_present,15.6,15.4,3.0,2.0,0,2154,0,0
TXN000079,57.97,10,1,gas,card_present,19.3,12.4,3.0,1.0,1,1540,1,0
TXN000080,9.54,17,4,restaurant,card_present,35.0,1.5,1.0,3.0,0,1228,0,0
TXN000081,15.62,7,0,gas,contactless,6.7,4.8,2.0,0.0,0,372,1,0
TXN000082,41.48,13,2,electronics,card_present,29.1,5.0,3.0,1.0,0,2500,1,0
TXN000083,98.63,15,4,electronics,card_present,16.9,7.2,2.0,0.0,0,413,0,0
TXN000084,186.43,21,1,travel,online,9.7,5.0,3.0,3.0,0,3076,0,0
TXN000085,87.36,9,1,travel,contactless,25.3,5.3,2.0,1.0,1,2154,1,0
TXN000086,157.81,7,1,electronics,card_present,4.0,10.2,6.0,1.0,0,3496,0,0
TXN000087,88.77,22,4,travel,online,34.9,2.5,5.0,2.0,0,1053,0,0
TXN000088,159.72,6,5,grocery,contactless,9.1,0.5,3.0,4.0,1,1020,0,0
TXN000089,133.13,10,5,gas,card_present,29.4,4.6,3.0,2.0,0,805,0,0
TXN000090,12.02,8,3,restaurant,card_present,15.5,3.7,4.0,3.0,0,2911,0,0
TXN000091,12.89,10,5,online,card_present,12.3,9.6,4.0,0.0,0,142,0,0
TXN000092,23.61,9,6,restaurant,card_present,10.6,2.8,2.0,1.0,1,135,0,0
TXN000093,53.22,19,6,electronics,online,21.0,11.5,4.0,2.0,0,1476,1,0
TXN000094,19.33,11,5,restaurant,card_present,30.0,2.2,2.0,1.0,0,848,1,0
TXN000095,22.53,7,4,travel,card_present,3.5,21.2,3.0,1.0,0,1176,0,0
TXN000096,273.22,16,3,electronics,card_present,7.7,27.9,6.0,2.0,0,2582,1,0
TXN000097,175.14,11,1,gas,card_present,34.8,11.2,2.0,2.0,0,2100,0,0
TXN000098,40.01,22,2,travel,card_present,14.1,14.5,2.0,0.0,0,724,1,0
TXN000099,295.17,7,3,travel,card_present,18.6,7.0,4.0,0.0,0,269,1,0
TXN000100,172.31,6,1,online,card_present,12.5,14.2,1.0,1.0,0,2647,0,0
TXN000101,81.3,17,4,travel,online,19.5,16.2,1.0,0.0,0,3343,0,0
TXN000102,37.59,22,4,grocery,online,14.0,0.6,2.0,0.0,0,2933,0,0
TXN000103,33.46,20,2,travel,online,22.5,4.1,7.0,2.0,0,797,0,0
TXN000104,23.32,17,6,restaurant,contactless,33.8,0.4,5.0,2.0,0,1667,1,0
TXN000105,19.78,11,5,clothing,online,6.7,12.1,4.0,0.0,0,539,0,0
TXN000106,120.72,15,4,grocery,card_present,11.6,18.7,0.0,0.0,0,1766,0,0
TXN000107,404.41,11,1,clothing,online,5.3,0.7,1.0,1.0,0,2808,0,0
TXN000108,55.37,17,5,clothing,online,6.3,10.9,3.0,0.0,1,3008,0,0
TXN000109,109.82,13,3,gas,card_present,3.7,1.5,3.0,1.0,0,991,1,0
TXN000110,55.31,12,0,travel,card_present,12.0,15.7,1.0,2.0,0,2934,0,0
TXN000111,12.27,8,4,online,contactless,29.4,12.9,2.0,2.0,0,2054,0,0
TXN000112,87.59,6,2,clothing,online,11.4,9.8,3.0,1.0,0,747,0,0
TXN000113,17.41,20,4,clothing,card_present,0.5,20.7,5.0,1.0,0,346,0,0
TXN000114,22.78,8,3,grocery,contactless,21.5,13.5,3.0,1.0,0,2019,1,0
TXN000115,80.91,21,0,grocery,contactless,7.9,1.8,0.0,0.0,0,2609,0,0
TXN000116,6.9,20,5,grocery,card_present,9.5,0.0,4.0,3.0,0,3274,0,0
TXN000117,27.03,13,1,clothing,card_present,10.1,4.6,3.0,1.0,0,3028,1,0
TXN000118,6.34,22,4,clothing,card_present,12.6,11.9,4.0,1.0,0,2947,0,0
TXN000119,26.98,22,0,gas,card_present,31.2,3.1,3.0,3.0,0,909,0,0
TXN000120,30.22,13,5,travel,card_present,6.7,14.9,2.0,0.0,0,117,0,0
TXN000121,349.55,17,1,online,contactless,2.8,1.0,5.0,1.0,0,3542,0,0
TXN000122,41.66,12,4,electronics,card_present,0.6,10.5,0.0,0.0,0,2879,0,0
TXN000123,144.85,17,2,electronics,contactless,14.0,8.0,0.0,2.0,0,2821,0,0
TXN000124,32.48,18,5,grocery,card_present,14.3,17.5,4.0,0.0,0,338,0,0
TXN000125,44.78,15,3,clothing,online,11.1,6.6,3.0,1.0,1,3097,1,0
TXN000126,36.44,14,4,electronics,card_present,8.7,8.2,1.0,0.0,0,1088,0,0
TXN000127,27.16,6,5,online,contactless,4.3,14.9,3.0,1.0,0,2887,0,0
TXN000128,82.84,12,6,online,card_present,5.2,9.2,5.0,0.0,0,2841,0,0
TXN000129,45.36,13,3,electronics,online,10.5,13.0,3.0,0.0,0,3097,0,0
TXN000130,90.52,15,6,travel,contactless,10.8,2.2,2.0,1.0,0,3321,0,0
TXN000131,89.23,16,2,electronics,card_present,4.9,6.1,2.0,1.0,1,2961,0,0
TXN000132,71.55,10,0,gas,card_present,31.1,20.9,1.0,1.0,0,811,1,0
TXN000133,41.07,21,6,clothing,online,9.6,15.5,2.0,2.0,0,3219,0,0
TXN000134,73.49,7,0,electronics,online,21.4,19.0,0.0,2.0,0,1969,0,0
TXN000135,80.17,7,3,grocery,card_present,9.2,6.3,2.0,3.0,0,967,0,0
TXN000136,73.41,22,2,clothing,contactless,5.2,13.2,4.0,0.0,0,130,0,0
TXN000137,71.38,8,6,gas,online,7.4,8.8,1.0,4.0,0,3475,0,0
TXN000138,26.66,14,6,clothing,contactless,25.6,1.0,1.0,0.0,1,2205,0,0
TXN000139,35.73,15,1,travel,card_present,6.8,7.5,7.0,1.0,0,2635,0,0
TXN000140,115.81,18,6,clothing,card_present,26.4,13.7,7.0,1.0,1,2301,0,0
TXN000141,24.69,20,2,restaurant,contactless,25.0,6.6,4.0,0.0,0,564,0,0
TXN000142,63.08,12,2,gas,card_present,7.9,1.1,4.0,2.0,1,2800,0,0
TXN000143,18.96,15,2,travel,contactless,8.7,4.3,3.0,2.0,0,2124,1,0
TXN000144,10.43,8,0,clothing,card_present,33.1,19.1,1.0,3.0,0,3508,0,0
TXN000145,84.97,7,2,electronics,contactless,10.4,7.5,2.0,0.0,0,229,1,0
TXN000146,16.6,10,4,restaurant,online,0.9,2.5,2.0,0.0,0,3425,0,0
TXN000147,34.2,9,2,travel,card_present,4.9,4.4,4.0,1.0,0,3136,1,0
TXN000148,138.98,7,6,travel,online,8.0,9.8,0.0,1.0,0,2266,0,0
TXN000149,18.43,15,6,electronics,online,5.7,14.4,0.0,3.0,0,394,1,0
TXN000150,126.11,17,1,online,card_present,34.7,11.6,2.0,1.0,0,1744,0,0
TXN000151,123.63,18,2,electronics,contactless,11.8,10.5,3.0,2.0,0,809,1,0
TXN000152,48.24,6,2,travel,card_present,24.5,9.1,4.0,0.0,0,429,0,0
TXN000153,106.2,6,4,gas,online,6.2,5.9,5.0,4.0,0,48,0,0
TXN000154,112.63,9,5,restaurant,online,25.6,15.3,2.0,0.0,1,3312,0,0
TXN000155,17.71,22,1,online,card_present,15.5,2.2,4.0,0.0,0,643,0,0
TXN000156,20.52,7,4,restaurant,contactless,20.3,2.2,3.0,0.0,0,1592,0,0
TXN000157,348.03,8,5,online,online,26.7,22.3,5.0,0.0,1,2646,0,0
TXN000158,14.6,21,1,travel,online,25.0,1.5,2.0,2.0,0,819,1,0
TXN000159,27.49,8,4,travel,online,15.9,16.7,3.0,1.0,0,1204,0,0
TXN000160,40.78,22,1,gas,online,14.3,5.8,2.0,1.0,1,3481,1,0
TXN000161,20.38,7,4,clothing,online,9.2,22.4,2.0,1.0,0,2037,1,0
TXN000162,25.14,9,0,online,contactless,6.1,12.6,2.0,0.0,1,3264,0,0
TXN000163,87.58,7,2,electronics,online,18.1,9.4,3.0,0.0,0,872,0,0
TXN000164,47.74,19,4,clothing,online,20.2,6.6,4.0,0.0,0,2976,0,0
TXN000165,360.03,14,3,clothing,card_present,29.4,12.0,1.0,1.0,0,668,0,0
TXN000166,25.43,23,2,online,card_present,100.2,203.2,7.0,5.0,1,1,1,1
TXN000167,17.76,13,0,gas,online,2.9,15.9,3.0,1.0,0,1040,0,0
TXN000168,5.03,18,0,travel,card_present,6.0,15.0,3.0,2.0,1,2925,0,0
TXN000169,7.61,6,1,travel,contactless,22.4,1.2,1.0,1.0,0,3481,0,0
TXN000170,27.61,16,4,travel,card_present,5.7,2.8,4.0,1.0,1,1996,0,0
TXN000171,95.46,14,1,restaurant,card_present,15.4,7.7,7.0,2.0,1,438,1,0
TXN000172,384.95,21,3,grocery,online,21.7,6.3,4.0,0.0,0,177,0,0
TXN000173,108.57,15,4,grocery,card_present,6.0,13.1,3.0,0.0,0,2242,1,0
TXN000174,91.78,19,3,restaurant,contactless,2.1,7.1,2.0,0.0,0,2381,0,0
TXN000175,53.47,16,0,restaurant,card_present,10.2,9.5,2.0,2.0,0,3642,0,0
TXN000176,109.72,16,3,travel,contactless,7.5,6.3,1.0,3.0,0,2870,0,0
TXN000177,11.65,11,2,travel,card_present,19.0,14.4,1.0,1.0,0,2090,0,0
TXN000178,21.42,13,4,online,online,10.4,3.1,2.0,4.0,0,2791,0,0
TXN000179,90.53,11,3,grocery,online,8.2,1.3,1.0,0.0,1,3406,0,0
TXN000180,23.31,19,4,electronics,card_present,31.1,16.9,4.0,1.0,0,1245,0,0
TXN000181,26.93,8,5,clothing,card_present,18.1,0.8,2.0,1.0,1,2848,1,0
TXN000182,29.85,10,0,travel,contactless,4.9,13.6,2.0,0.0,0,3023,0,0
TXN000183,83.88,16,2,clothing,online,3.0,10.5,2.0,0.0,0,2873,0,0
TXN000184,29.91,16,3,online,card_present,25.5,1.8,1.0,0.0,0,1602,0,0
TXN000185,100.31,8,6,online,card_present,17.5,19.2,4.0,0.0,0,240,0,0
TXN000186,87.49,15,1,clothing,card_present,7.5,14.0,2.0,0.0,0,2335,0,0
TXN000187,197.63,13,1,restaurant,card_present,30.0,1.3,4.0,0.0,0,2662,0,0
TXN000188,120.35,13,4,travel,card_present,3.4,11.9,3.0,2.0,0,1996,1,0
TXN000189,81.38,9,6,electronics,card_present,20.8,14.4,3.0,0.0,0,867,0,0
TXN000190,46.1,12,1,grocery,card_present,17.2,4.3,5.0,0.0,0,2326,0,0
TXN000191,32.68,7,6,travel,online,14.3,8.4,2.0,0.0,0,3463,0,0
TXN000192,138.3,11,4,clothing,contactless,0.9,32.1,4.0,0.0,0,1055,0,0
TXN000193,34.81,19,4,gas,card_present,18.7,3.4,2.0,2.0,0,3468,0,0
TXN000194,27.18,15,4,grocery,card_present,15.0,7.9,2.0,1.0,0,3410,0,0
TXN000195,35.97,14,2,clothing,contactless,11.4,6.9,3.0,1.0,0,3380,0,0
TXN000196,58.91,17,2,travel,online,5.5,22.9,3.0,3.0,1,3088,0,0
TXN000197,29.77,22,6,gas,card_present,13.0,4.4,6.0,0.0,0,3644,1,0
TXN000198,62.06,8,3,gas,card_present,3.3,16.1,1.0,1.0,1,3161,0,0
TXN000199,149.83,14,5,gas,card_present,7.7,16.0,1.0,0.0,0,1154,0,0
TXN000200,23.42,21,3,travel,card_present,15.3,0.9,5.0,2.0,0,1185,0,0
TXN000201,38.72,17,1,online,card_present,4.5,4.0,3.0,2.0,0,3070,1,0
TXN000202,118.47,10,3,restaurant,online,5.8,1.6,2.0,3.0,0,3402,0,0
TXN000203,98.12,13,3,restaurant,card_present,7.5,5.4,3.0,2.0,0,2202,1,0
TXN000204,33.43,15,1,clothing,online,7.7,17.0,4.0,1.0,0,477,0,0
TXN000205,18.51,10,6,travel,card_present,8.7,1.2,7.0,3.0,1,686,0,0
TXN000206,41.33,9,4,online,online,2.6,1.2,2.0,2.0,0,2986,0,0
TXN000207,60.3,19,6,travel,card_present,1.5,9.9,4.0,1.0,1,3374,0,0
TXN000208,723.12,22,1,electronics,card_present,18.5,6.6,5.0,1.0,0,3106,0,0
TXN000209,163.82,15,3,restaurant,contactless,24.2,24.6,3.0,0.0,0,3465,0,0
TXN000210,7.2,19,1,electronics,card_present,6.0,13.9,4.0,0.0,0,3422,0,0
TXN000211,45.85,7,3,gas,card_present,15.7,14.4,4.0,2.0,1,664,0,0
TXN000212,116.69,10,1,restaurant,online,29.8,11.3,2.0,2.0,0,777,1,0
TXN000213,1470.6,1,6,online,online,307.2,262.3,4.0,9.0,3,43,1,1
TXN000214,78.85,20,2,grocery,online,1.5,1.9,2.0,0.0,0,680,0,0
TXN000215,50.26,15,6,travel,card_present,11.7,6.0,2.0,0.0,0,3044,0,0
TXN000216,16.28,13,0,clothing,contactless,16.0,1.1,3.0,0.0,0,866,0,0
TXN000217,49.97,15,3,travel,contactless,18.6,5.2,6.0,1.0,0,342,0,0
TXN000218,40.84,8,4,grocery,online,17.2,7.2,2.0,1.0,0,2567,1,0
TXN000219,76.89,22,6,grocery,card_present,2.5,9.6,5.0,0.0,0,2991,1,0
TXN000220,34.89,22,3,grocery,contactless,13.6,1.8,2.0,2.0,0,846,0,0
TXN000221,118.3,10,3,restaurant,card_present,6.6,3.2,3.0,2.0,0,2950,0,0
TXN000222,34.93,17,6,online,card_present,22.7,7.0,2.0,1.0,0,1868,0,0
TXN000223,25.28,17,1,gas,contactless,38.8,14.5,4.0,2.0,0,1537,0,0
TXN000224,45.27,15,5,restaurant,online,19.3,3.8,4.0,0.0,0,611,0,0
TXN000225,5.02,17,2,gas,card_present,4.5,29.4,2.0,1.0,0,989,0,0
TXN000226,52.82,10,0,restaurant,card_present,7.2,6.1,2.0,0.0,0,2809,0,0
TXN000227,100.4,11,6,travel,card_present,40.6,1.1,0.0,0.0,0,2454,0,0
TXN000228,529.77,17,0,electronics,online,4.2,6.1,4.0,0.0,0,2913,0,0
TXN000229,29.38,13,2,restaurant,online,18.3,0.5,3.0,1.0,0,734,1,0
TXN000230,96.52,19,4,grocery,card_present,9.5,14.8,1.0,2.0,0,199,1,0
TXN000231,257.53,7,0,grocery,card_present,13.5,17.5,4.0,0.0,0,1212,1,0
TXN000232,20.24,14,0,travel,card_present,8.9,9.4,2.0,2.0,0,257,0,0
TXN000233,43.66,6,3,restaurant,online,17.1,11.1,3.0,2.0,1,2772,1,0
TXN000234,65.12,15,2,clothing,contactless,15.6,4.7,2.0,2.0,1,1291,0,0
TXN000235,152.85,22,4,grocery,contactless,3.2,18.0,1.0,1.0,0,3436,1,0
TXN000236,130.33,11,3,clothing,contactless,9.4,6.3,3.0,0.0,0,1560,1,0
TXN000237,116.37,18,6,online,contactless,16.3,0.5,6.0,2.0,1,2059,0,0
TXN000238,62.14,7,1,travel,card_present,18.2,1.5,2.0,1.0,0,2360,0,0
TXN000239,71.34,9,6,clothing,online,32.3,3.9,3.0,1.0,0,2277,0,0
TXN000240,305.84,6,5,grocery,online,8.6,26.1,2.0,1.0,0,1870,0,0
TXN000241,27.8,19,0,online,contactless,2.0,6.2,5.0,1.0,0,2775,0,0
TXN000242,43.83,16,3,clothing,online,1.3,12.1,1.0,2.0,0,2749,0,0
TXN000243,32.71,17,3,restaurant,card_present,3.8,24.9,3.0,1.0,0,1327,0,0
TXN000244,10.87,13,3,online,contactless,4.6,6.4,2.0,1.0,1,1072,0,0
TXN000245,239.26,10,0,clothing,card_present,37.3,7.8,4.0,1.0,0,526,1,0
TXN000246,13.69,21,1,online,card_present,8.9,2.1,3.0,2.0,1,71,0,0
TXN000247,15.34,8,4,clothing,contactless,23.7,1.8,5.0,1.0,0,2664,0,0
TXN000248,154.22,6,3,online,card_present,0.2,4.7,2.0,1.0,0,2896,1,0
TXN000249,23.44,14,2,restaurant,card_present,30.5,11.0,4.0,2.0,0,514,1,0
TXN000250,128.17,22,3,travel,card_present,14.0,3.7,5.0,1.0,1,1269,0,0
TXN000251,27.06,8,6,grocery,online,2.8,6.3,4.0,0.0,0,2760,0,0
TXN000252,73.12,15,0,electronics,contactless,11.3,5.1,4.0,2.0,0,1931,0,0
TXN000253,311.36,6,6,gas,online,1.0,0.2,2.0,0.0,0,2133,1,0
TXN000254,94.81,16,4,electronics,contactless,6.0,6.9,2.0,1.0,0,691,0,0
TXN000255,32.82,19,3,online,card_present,2.5,0.7,3.0,0.0,0,632,1,0
TXN000256,20.69,8,4,restaurant,card_present,10.7,25.8,7.0,0.0,0,3645,0,0
TXN000257,494.05,23,2,online,card_present,109.7,586.2,9.0,4.0,4,26,1,1
TXN000258,49.04,17,3,clothing,card_present,14.2,24.8,2.0,0.0,0,553,0,0
TXN000259,50.62,16,4,restaurant,card_present,18.6,10.2,2.0,0.0,0,2140,0,0
TXN000260,42.25,17,2,restaurant,card_present,3.3,1.1,3.0,0.0,0,1776,0,0
TXN000261,64.11,7,5,grocery,card_present,15.5,1.5,2.0,1.0,0,2843,0,0
TXN000262,21.34,17,6,travel,online,31.4,3.5,6.0,1.0,0,1469,0,0
TXN000263,19.5,9,0,grocery,card_present,17.1,16.5,1.0,1.0,0,1277,0,0
TXN000264,12.94,15,5,grocery,card_present,26.8,17.5,3.0,1.0,0,2385,0,0
TXN000265,12.98,11,6,gas,card_present,13.5,8.6,3.0,1.0,0,971,1,0
TXN000266,6.87,13,2,travel,card_present,5.4,12.7,2.0,3.0,0,1887,0,0
TXN000267,59.31,16,6,travel,contactless,5.5,12.6,4.0,0.0,1,811,0,0
TXN000268,79.31,13,4,grocery,online,3.1,2.2,0.0,3.0,0,2680,0,0
TXN000269,4.83,10,3,electronics,card_present,6.6,14.9,2.0,2.0,0,1489,0,0
TXN000270,259.51,11,1,electronics,card_present,12.7,2.1,3.0,1.0,0,2226,0,0
TXN000271,133.86,17,1,clothing,online,5.0,15.7,3.0,1.0,0,1587,0,0
TXN000272,8.44,19,4,online,online,10.2,17.6,6.0,0.0,0,3077,0,0
TXN000273,298.16,20,0,electronics,card_present,12.6,12.4,3.0,0.0,0,2403,0,0
TXN000274,18.52,9,0,clothing,online,5.5,15.1,7.0,0.0,0,164,0,0
TXN000275,20.52,19,1,travel,card_present,26.2,9.5,2.0,2.0,1,762,0,0
TXN000276,14.69,17,0,clothing,card_present,1.1,1.3,2.0,1.0,0,2041,0,0
TXN000277,134.82,21,6,electronics,card_present,11.7,10.4,3.0,2.0,0,1399,1,0
TXN000278,21.94,20,3,clothing,contactless,5.1,5.6,3.0,3.0,0,1403,0,0
TXN000279,162.73,14,6,travel,online,11.9,21.9,2.0,1.0,0,1252,0,0
TXN000280,98.46,16,1,grocery,online,6.8,1.6,2.0,2.0,0,2665,0,0
TXN000281,32.14,15,5,restaurant,card_present,9.2,1.6,3.0,1.0,0,3239,0,0
TXN000282,52.74,13,1,travel,card_present,2.8,3.0,1.0,1.0,0,1753,1,0
TXN000283,141.4,3,2,jewelry,online,25.5,120.4,8.0,1.0,1,24,1,1
TXN000284,9.59,17,4,clothing,online,10.3,20.3,2.0,0.0,1,401,0,0
TXN000285,78.71,21,4,online,card_present,3.4,23.7,3.0,0.0,0,2759,0,0
TXN000286,29.16,12,4,gas,online,7.1,2.5,3.0,0.0,0,1779,0,0
TXN000287,133.3,16,4,online,card_present,2.7,5.3,3.0,2.0,0,686,1,0
TXN000288,77.46,19,4,travel,card_present,37.8,5.6,2.0,0.0,0,261,0,0
TXN000289,140.59,11,0,online,contactless,28.4,1.1,0.0,1.0,0,2423,0,0
TXN000290,55.0,13,2,travel,online,16.3,12.6,4.0,1.0,0,3242,0,0
TXN000291,56.74,14,0,grocery,card_present,12.6,15.9,4.0,0.0,0,3445,0,0
TXN000292,20.69,10,2,electronics,card_present,1.1,4.3,6.0,3.0,0,2767,0,0
TXN000293,23.84,19,1,electronics,contactless,10.1,19.3,2.0,1.0,1,1490,0,0
TXN000294,36.42,21,2,gas,card_present,14.3,12.1,4.0,2.0,0,3372,0,0
TXN000295,53.72,10,2,electronics,card_present,2.8,9.8,2.0,2.0,0,1102,0,0
TXN000296,35.07,18,4,electronics,online,10.3,12.1,1.0,1.0,0,2765,0,0
TXN000297,11.79,13,0,clothing,card_present,9.4,6.1,2.0,2.0,0,931,0,0
TXN000298,255.22,7,5,grocery,card_present,12.2,14.7,1.0,1.0,0,1616,1,0
TXN000299,234.07,9,2,gas,card_present,11.8,0.3,2.0,0.0,0,1845,0,0
TXN000300,179.69,8,3,gas,online,6.4,0.9,2.0,0.0,1,1051,0,0
TXN000301,39.54,9,4,grocery,online,0.9,4.2,2.0,0.0,1,2693,0,0
TXN000302,87.63,6,1,electronics,contactless,2.2,12.4,2.0,0.0,0,1219,1,0
TXN000303,89.25,11,6,clothing,contactless,14.9,7.7,6.0,1.0,0,987,0,0
TXN000304,70.64,7,4,restaurant,card_present,35.5,2.9,5.0,0.0,0,156,0,0
TXN000305,110.72,18,2,restaurant,online,31.5,8.1,1.0,0.0,0,3473,0,0
TXN000306,52.85,22,2,electronics,card_present,19.1,6.1,2.0,1.0,1,2557,0,0
TXN000307,83.24,19,1,electronics,card_present,29.9,1.9,1.0,1.0,0,1885,0,0
TXN000308,50.83,19,2,online,online,19.2,11.6,4.0,1.0,0,1559,0,0
TXN000309,118.52,13,5,clothing,card_present,20.2,2.5,2.0,1.0,0,1843,0,0
TXN000310,22.04,21,0,travel,online,22.4,0.1,1.0,2.0,0,622,0,0
TXN000311,12.85,18,1,travel,card_present,15.2,2.8,3.0,2.0,1,1463,0,0
TXN000312,288.3,7,6,clothing,online,11.6,9.1,2.0,0.0,1,1447,0,0
TXN000313,206.06,17,4,gas,card_present,1.3,1.4,3.0,1.0,0,1007,1,0
TXN000314,209.65,7,5,restaurant,online,19.6,4.8,3.0,0.0,0,453,1,0
TXN000315,82.19,10,0,gas,online,3.5,4.6,5.0,0.0,0,2582,1,0
TXN000316,24.44,21,6,clothing,contactless,11.3,12.1,6.0,2.0,0,222,1,0
TXN000317,81.24,22,0,online,online,6.6,10.2,7.0,1.0,0,2551,1,0
TXN000318,7.03,8,1,travel,card_present,19.3,1.8,2.0,3.0,0,2594,0,0
TXN000319,49.1,9,6,gas,online,12.8,9.0,2.0,0.0,1,2913,0,0
TXN000320,25.22,17,5,restaurant,card_present,18.9,15.1,5.0,1.0,0,2199,0,0
TXN000321,33.72,15,2,online,card_present,47.0,21.0,5.0,2.0,0,494,0,0
TXN000322,14.57,20,5,grocery,card_present,1.9,14.9,3.0,0.0,0,2653,0,0
TXN000323,668.78,12,0,restaurant,card_present,28.3,17.9,3.0,0.0,1,3378,0,0
TXN000324,211.2,7,6,restaurant,card_present,12.4,3.7,3.0,0.0,0,775,0,0
TXN000325,12.24,18,0,restaurant,card_present,24.4,1.3,1.0,0.0,0,3263,0,0
TXN000326,42.82,19,3,restaurant,online,16.0,10.4,1.0,1.0,0,2151,0,0
TXN000327,27.66,16,2,clothing,card_present,19.3,8.3,5.0,0.0,1,2832,1,0
TXN000328,26.45,12,6,online,card_present,1.5,2.0,5.0,0.0,0,2515,1,0
TXN000329,91.65,8,4,gas,card_present,1.3,5.0,1.0,1.0,0,3494,0,0
TXN000330,97.48,8,1,electronics,online,6.6,19.7,1.0,1.0,0,3590,0,0
TXN000331,101.38,14,6,online,card_present,9.5,8.1,4.0,0.0,0,3159,1,0
TXN000332,25.74,6,3,gas,online,15.1,11.8,4.0,0.0,1,454,0,0
TXN000333,33.39,19,2,electronics,card_present,4.5,9.6,3.0,1.0,0,1690,0,0
TXN000334,198.03,12,2,electronics,card_present,12.8,18.2,5.0,1.0,1,36,0,0
TXN000335,43.75,21,0,grocery,card_present,23.8,10.1,5.0,2.0,0,3421,0,0
TXN000336,7.57,22,1,gas,online,5.3,12.0,3.0,1.0,0,3464,0,0
TXN000337,86.86,19,6,travel,contactless,0.3,10.7,3.0,4.0,1,3034,0,0
TXN000338,70.64,10,6,clothing,card_present,23.6,18.6,3.0,2.0,1,3298,0,0
TXN000339,71.37,7,5,restaurant,online,16.7,4.7,5.0,1.0,1,1534,1,0
TXN000340,19.45,20,4,travel,online,18.0,3.8,2.0,3.0,0,1486,0,0
TXN000341,32.5,12,2,restaurant,card_present,15.4,2.7,3.0,1.0,0,3569,0,0
TXN000342,51.94,17,5,online,online,5.9,13.3,2.0,1.0,0,303,0,0
TXN000343,114.43,13,1,electronics,online,13.9,12.9,2.0,1.0,0,1290,0,0
TXN000344,11.82,19,5,restaurant,card_present,1.2,14.9,2.0,0.0,1,1103,0,0
TXN000345,61.72,17,5,grocery,contactless,7.4,16.3,1.0,2.0,0,2980,0,0
TXN000346,55.67,9,5,grocery,contactless,8.1,16.6,2.0,2.0,0,980,1,0
TXN000347,82.66,6,1,clothing,contactless,10.6,2.3,2.0,2.0,0,1185,0,0
TXN000348,176.12,15,3,grocery,online,14.1,4.0,2.0,0.0,0,551,0,0
TXN000349,44.07,21,4,grocery,card_present,10.4,4.0,4.0,1.0,0,1605,0,0
TXN000350,79.25,7,3,restaurant,card_present,10.2,18.2,5.0,2.0,0,1215,0,0
TXN000351,232.99,19,3,restaurant,contactless,4.8,5.3,3.0,0.0,0,2208,0,0
TXN000352,141.23,6,5,restaurant,online,28.1,4.2,2.0,0.0,0,103,0,0
TXN000353,67.57,12,5,restaurant,online,23.4,5.9,5.0,1.0,0,2310,0,0
TXN000354,47.9,19,1,restaurant,card_present,17.4,6.8,7.0,1.0,0,2582,1,0
TXN000355,198.89,22,5,restaurant,online,2.5,9.1,3.0,1.0,0,78,0,0
TXN000356,38.33,17,1,online,card_present,11.2,22.2,3.0,1.0,0,1960,0,0
TXN000357,18.22,12,6,gas,card_present,19.2,5.0,6.0,1.0,1,2683,0,0
TXN000358,57.09,14,0,online,card_present,4.3,7.2,6.0,2.0,0,2654,0,0
TXN000359,15.61,9,0,electronics,card_present,26.9,5.4,2.0,3.0,0,1193,0,0
TXN000360,400.04,10,1,clothing,card_present,12.9,16.6,9.0,2.0,0,1461,0,0
TXN000361,44.55,10,5,restaurant,card_present,4.5,11.1,6.0,2.0,0,2126,0,0
TXN000362,13.61,21,4,grocery,online,1.0,10.4,1.0,0.0,0,3000,0,0
TXN000363,218.91,11,5,travel,online,9.8,13.6,1.0,0.0,0,2840,0,0
TXN000364,26.86,21,2,gas,card_present,7.5,2.2,6.0,0.0,1,1240,1,0
TXN000365,213.9,8,2,restaurant,card_present,24.3,11.8,3.0,0.0,0,3551,1,0
TXN000366,538.5,18,6,grocery,card_present,4.2,9.0,2.0,1.0,0,2930,0,0
TXN000367,38.82,10,1,grocery,contactless,16.3,2.4,2.0,0.0,0,32,0,0
TXN000368,698.55,12,4,electronics,online,8.4,1.4,0.0,0.0,0,3030,0,0
TXN000369,65.62,15,4,grocery,contactless,22.6,2.4,5.0,1.0,0,3127,0,0
TXN000370,106.52,6,2,travel,card_present,3.8,3.8,1.0,4.0,1,1557,0,0
TXN000371,84.7,18,3,online,online,20.6,16.8,2.0,0.0,1,469,0,0
TXN000372,48.61,10,4,gas,card_present,12.5,15.9,2.0,1.0,0,1701,0,0
TXN000373,178.94,12,4,clothing,contactless,1.2,18.1,1.0,2.0,1,683,0,0
TXN000374,31.97,22,3,travel,card_present,12.1,4.2,2.0,0.0,0,2185,0,0
TXN000375,102.28,18,2,gas,online,10.4,5.3,6.0,1.0,0,2360,1,0
TXN000376,24.63,6,5,electronics,card_present,8.1,13.1,6.0,0.0,0,3266,0,0
TXN000377,38.04,8,0,clothing,card_present,15.0,14.8,4.0,1.0,0,1564,1,0
TXN000378,156.52,17,2,restaurant,card_present,16.3,0.8,2.0,0.0,0,2881,0,0
TXN000379,52.69,15,4,online,online,25.8,1.5,4.0,0.0,0,848,0,0
TXN000380,46.66,18,2,grocery,contactless,9.3,0.3,1.0,0.0,0,1152,0,0
TXN000381,58.75,15,6,restaurant,card_present,13.4,0.2,3.0,3.0,0,316,0,0
TXN000382,89.99,7,2,clothing,contactless,15.8,8.6,2.0,2.0,0,2874,0,0
TXN000383,439.68,13,4,restaurant,card_present,2.7,10.6,2.0,2.0,0,2002,1,0
TXN000384,79.36,13,4,restaurant,card_present,12.0,21.6,1.0,5.0,0,1020,0,0
TXN000385,80.32,6,0,electronics,card_present,24.9,10.8,4.0,1.0,1,261,0,0
TXN000386,17.14,9,5,clothing,card_present,25.4,8.3,3.0,2.0,0,2675,0,0
TXN000387,79.82,15,0,travel,card_present,9.6,11.8,3.0,0.0,1,2747,0,0
TXN000388,160.78,10,4,travel,card_present,13.2,20.0,1.0,0.0,0,2352,0,0
TXN000389,171.82,15,0,electronics,online,34.2,1.1,3.0,2.0,1,1338,1,0
TXN000390,66.2,13,5,restaurant,online,12.9,3.9,1.0,2.0,0,891,0,0
TXN000391,59.9,9,5,travel,online,7.9,11.9,4.0,0.0,1,1004,0,0
TXN000392,55.84,7,0,gas,online,16.0,20.0,1.0,2.0,0,576,0,0
TXN000393,65.67,14,6,online,card_present,24.9,13.7,2.0,0.0,1,2776,0,0
TXN000394,59.81,17,6,clothing,card_present,15.9,21.6,4.0,0.0,0,3373,0,0
TXN000395,87.18,17,3,electronics,online,1.1,8.5,3.0,0.0,0,2749,0,0
TXN000396,189.53,15,4,grocery,contactless,6.4,10.9,2.0,0.0,0,1340,1,0
TXN000397,167.51,8,2,online,card_present,13.4,10.3,2.0,2.0,0,1632,0,0
TXN000398,26.19,16,2,restaurant,card_present,1.9,9.5,4.0,1.0,0,2112,1,0
TXN000399,9.73,12,2,travel,online,5.7,7.3,7.0,1.0,0,3306,1,0
TXN000400,31.85,8,5,grocery,online,8.6,15.4,2.0,0.0,0,3170,0,0
TXN000401,52.72,13,2,gas,online,27.6,6.1,5.0,1.0,0,1823,0,0
TXN000402,40.06,20,1,restaurant,contactless,25.4,18.2,4.0,2.0,0,1877,0,0
TXN000403,106.6,13,5,restaurant,card_present,18.1,13.9,5.0,1.0,0,1016,0,0
TXN000404,105.58,14,3,grocery,contactless,17.3,0.4,3.0,1.0,0,897,0,0
TXN000405,79.99,6,4,clothing,online,9.1,3.8,4.0,0.0,0,60,0,0
TXN000406,47.12,6,6,online,contactless,0.7,15.4,4.0,1.0,0,1640,0,0
TXN000407,6.88,19,3,electronics,online,17.3,11.1,5.0,0.0,1,2257,0,0
TXN000408,3.5,20,1,online,online,13.2,1.8,2.0,0.0,0,758,0,0
TXN000409,27.74,6,6,clothing,contactless,27.8,10.3,5.0,0.0,0,1448,0,0
TXN000410,9.55,11,1,travel,contactless,11.3,1.6,4.0,1.0,0,3399,0,0
TXN000411,56.4,22,3,online,contactless,11.1,2.5,2.0,2.0,0,40,1,0
TXN000412,42.58,6,5,restaurant,card_present,21.0,2.7,2.0,0.0,0,1894,0,0
TXN000413,23.48,10,3,clothing,online,16.4,22.6,6.0,1.0,1,2481,0,0
TXN000414,20.3,4,6,online,online,223.0,46.9,7.0,6.0,3,6,1,1
TXN000415,87.48,17,3,grocery,card_present,17.4,7.1,3.0,0.0,0,2112,0,0
TXN000416,19.6,11,0,gas,contactless,4.2,4.7,2.0,2.0,1,1021,0,0
TXN000417,90.31,10,1,online,card_present,34.5,24.2,2.0,0.0,0,3029,0,0
TXN000418,422.27,15,0,electronics,contactless,15.4,15.2,3.0,0.0,0,1432,1,0
TXN000419,497.5,8,4,online,contactless,6.2,6.8,1.0,0.0,0,1918,0,0
TXN000420,157.61,10,2,online,card_present,17.0,17.4,5.0,0.0,1,1974,0,0
TXN000421,152.03,21,3,grocery,online,12.9,13.7,3.0,2.0,0,3574,0,0
TXN000422,81.11,19,0,grocery,card_present,10.4,6.9,1.0,0.0,0,893,0,0
TXN000423,29.15,19,0,online,card_present,0.1,7.8,3.0,2.0,1,1587,0,0
TXN000424,31.53,23,4,travel,card_present,216.8,406.6,10.0,4.0,5,45,1,1
TXN000425,22.14,12,4,clothing,contactless,23.2,0.7,4.0,2.0,1,2087,0,0
TXN000426,23.42,17,1,travel,contactless,15.2,12.1,3.0,2.0,0,2660,0,0
TXN000427,137.85,11,4,clothing,contactless,25.4,7.6,2.0,0.0,0,509,1,0
TXN000428,34.37,10,5,restaurant,online,13.2,4.4,2.0,0.0,1,3563,1,0
TXN000429,16.05,15,1,online,online,10.2,4.8,2.0,0.0,0,272,0,0
TXN000430,196.26,13,2,clothing,card_present,31.9,2.8,6.0,1.0,1,1220,0,0
TXN000431,31.84,13,1,travel,online,4.7,7.2,2.0,2.0,0,2351,0,0
TXN000432,55.29,20,3,electronics,card_present,2.9,9.6,1.0,1.0,0,1451,1,0
TXN000433,142.88,12,6,grocery,contactless,0.7,9.5,3.0,0.0,0,1895,0,0
TXN000434,34.1,12,6,clothing,card_present,3.7,15.8,3.0,0.0,1,766,0,0
TXN000435,11.65,6,0,travel,card_present,37.8,6.9,3.0,1.0,1,2931,0,0
TXN000436,97.17,9,0,restaurant,card_present,13.9,0.7,2.0,2.0,0,1645,0,0
TXN000437,86.77,15,6,electronics,card_present,20.0,0.2,3.0,3.0,0,503,0,0
TXN000438,56.71,12,4,grocery,online,36.4,15.7,2.0,1.0,0,1486,0,0
TXN000439,290.43,12,0,travel,online,12.6,1.3,4.0,1.0,0,1376,0,0
TXN000440,113.19,7,2,restaurant,online,3.2,3.7,3.0,0.0,0,2841,0,0
TXN000441,219.65,20,4,clothing,online,15.4,5.3,4.0,1.0,0,3487,0,0
TXN000442,267.94,22,3,travel,online,192.7,214.7,11.0,4.0,2,34,1,1
TXN000443,33.96,7,2,restaurant,card_present,18.7,1.4,2.0,0.0,0,3649,0,0
TXN000444,37.66,15,0,travel,contactless,4.4,21.7,1.0,2.0,0,2420,0,0
TXN000445,38.7,19,3,grocery,online,5.7,22.5,2.0,2.0,0,1675,0,0
TXN000446,102.15,21,1,travel,card_present,1.7,11.1,3.0,0.0,0,2138,0,0
TXN000447,62.64,13,1,travel,contactless,1.5,14.9,5.0,0.0,0,3443,0,0
TXN000448,9.95,12,6,online,card_present,7.5,3.3,6.0,0.0,1,3036,0,0
TXN000449,44.79,13,4,electronics,online,11.8,7.9,1.0,0.0,1,711,0,0
TXN000450,8.41,6,0,restaurant,card_present,2.4,9.6,4.0,1.0,0,1501,0,0
TXN000451,80.78,9,0,gas,online,12.5,22.0,4.0,4.0,0,2690,0,0
TXN000452,44.94,18,6,travel,card_present,23.9,4.6,2.0,2.0,0,145,1,0
TXN000453,96.04,13,4,travel,card_present,5.5,14.1,8.0,0.0,0,1675,0,0
TXN000454,242.91,21,6,electronics,online,9.5,3.8,4.0,1.0,0,2638,0,0
TXN000455,35.85,12,1,grocery,card_present,17.5,8.4,3.0,0.0,0,725,0,0
TXN000456,11.62,12,0,gas,card_present,29.5,7.1,3.0,1.0,0,2621,1,0
TXN000457,58.27,8,2,electronics,card_present,39.4,15.4,2.0,0.0,0,2877,0,0
TXN000458,100.52,14,2,travel,contactless,8.8,10.2,1.0,1.0,0,1285,0,0
TXN000459,59.56,7,6,restaurant,card_present,20.2,16.9,3.0,0.0,0,159,0,0
TXN000460,7.83,22,2,grocery,card_present,6.9,4.5,8.0,0.0,0,3624,0,0
TXN000461,27.54,10,3,online,card_present,47.1,1.0,4.0,0.0,0,3182,0,0
TXN000462,13.43,15,0,clothing,card_present,21.2,20.6,3.0,2.0,0,2903,0,0
TXN000463,29.04,16,2,gas,online,28.2,9.6,2.0,1.0,0,671,0,0
TXN000464,32.9,11,6,travel,card_present,11.1,14.4,1.0,1.0,0,1171,0,0
TXN000465,20.33,21,4,clothing,card_present,2.8,1.3,0.0,0.0,0,285,1,0
TXN000466,70.86,21,6,online,card_present,8.6,14.6,1.0,0.0,0,2976,0,0
TXN000467,14.58,10,2,restaurant,contactless,6.2,11.7,4.0,0.0,0,405,1,0
TXN000468,18.9,10,4,clothing,online,27.0,18.0,3.0,1.0,0,3305,0,0
TXN000469,66.92,17,3,restaurant,online,9.7,4.8,4.0,0.0,0,867,1,0
TXN000470,98.35,13,5,restaurant,card_present,23.7,8.9,2.0,1.0,0,139,0,0
TXN000471,12.83,21,2,online,online,6.7,15.1,3.0,2.0,0,2365,0,0
TXN000472,85.68,17,3,restaurant,card_present,14.3,23.0,1.0,0.0,0,2822,1,0
TXN000473,70.6,19,4,electronics,contactless,3.4,3.7,1.0,2.0,0,3013,0,0
TXN000474,47.75,13,4,travel,online,1.2,5.4,2.0,3.0,0,3581,0,0
TXN000475,152.74,22,6,restaurant,online,21.6,0.3,2.0,0.0,0,2660,0,0
TXN000476,82.57,18,1,travel,contactless,39.1,0.3,3.0,2.0,0,2091,0,0
TXN000477,67.01,18,2,restaurant,card_present,51.1,12.5,0.0,0.0,0,644,0,0
TXN000478,47.31,7,2,electronics,card_present,0.5,1.8,4.0,0.0,0,3475,0,0
TXN000479,61.02,10,6,online,contactless,19.4,10.1,4.0,1.0,1,1142,0,0
TXN000480,195.37,22,1,electronics,contactless,17.5,0.5,3.0,0.0,1,2946,0,0
TXN000481,250.39,11,2,gas,card_present,24.4,11.0,4.0,0.0,0,849,0,0
TXN000482,34.74,14,0,online,card_present,1.0,12.0,4.0,2.0,0,2316,0,0
TXN000483,121.27,16,1,restaurant,contactless,13.7,13.4,3.0,2.0,0,2383,1,0
TXN000484,23.75,22,0,restaurant,online,3.6,2.2,2.0,2.0,0,374,0,0
TXN000485,148.75,12,1,grocery,contactless,0.5,10.7,4.0,1.0,1,967,0,0
TXN000486,290.69,14,5,travel,card_present,20.2,2.1,2.0,0.0,1,2550,0,0
TXN000487,268.59,11,2,online,card_present,9.6,10.9,0.0,1.0,0,949,0,0
TXN000488,44.34,12,0,travel,card_present,5.0,1.0,2.0,2.0,0,1327,0,0
TXN000489,103.07,11,4,restaurant,card_present,10.2,3.5,1.0,5.0,0,3173,0,0
TXN000490,3.85,20,2,clothing,contactless,5.9,3.9,1.0,1.0,1,3016,0,0
TXN000491,80.86,11,6,electronics,online,12.5,1.6,4.0,0.0,0,401,1,0
TXN000492,5.95,8,0,restaurant,contactless,12.8,8.0,2.0,0.0,0,3108,0,0
TXN000493,181.39,4,3,online,card_present,11.3,310.5,7.0,8.0,1,40,0,1
TXN000494,23.42,17,4,electronics,contactless,25.3,10.1,4.0,0.0,0,763,0,0
TXN000495,74.43,15,6,clothing,card_present,15.7,7.6,3.0,1.0,0,1898,0,0
TXN000496,63.87,22,3,grocery,card_present,0.6,16.7,5.0,0.0,0,1969,0,0
TXN000497,78.84,21,1,travel,card_present,9.0,2.1,5.0,1.0,0,3230,0,0
TXN000498,71.23,11,2,travel,online,4.3,2.3,4.0,1.0,1,1682,0,0
TXN000499,51.5,22,5,travel,card_present,1.4,6.7,2.0,0.0,0,149,0,0
TXN000500,148.01,20,2,travel,contactless,7.7,2.2,3.0,0.0,0,568,0,0
TXN000501,14.81,9,3,grocery,online,7.9,14.1,2.0,0.0,0,2522,0,0
TXN000502,90.1,8,5,travel,contactless,8.8,3.6,3.0,2.0,1,1489,0,0
TXN000503,35.58,20,3,online,online,38.8,5.8,5.0,2.0,1,1445,0,0
TXN000504,19.04,7,6,clothing,online,33.4,17.9,2.0,1.0,0,3212,0,0
TXN000505,51.28,8,3,travel,contactless,25.8,5.2,4.0,1.0,0,883,1,0
TXN000506,39.84,20,2,grocery,card_present,1.8,17.5,1.0,2.0,0,1958,0,0
TXN000507,146.99,3,1,jewelry,online,263.5,655.5,6.0,4.0,4,44,0,1
TXN000508,257.22,22,5,clothing,card_present,51.2,9.7,6.0,2.0,1,396,0,0
TXN000509,12.71,7,6,online,online,18.7,17.3,4.0,2.0,1,1551,0,0
TXN000510,84.43,18,6,restaurant,online,0.3,5.3,1.0,1.0,0,2617,1,0
TXN000511,36.01,12,4,electronics,card_present,5.4,7.7,2.0,1.0,0,3372,0,0
TXN000512,125.4,8,4,online,card_present,12.5,2.8,2.0,3.0,0,2872,1,0
TXN000513,29.89,9,3,electronics,card_present,15.0,11.9,1.0,2.0,0,2191,0,0
TXN000514,30.33,18,5,online,contactless,2.7,8.5,2.0,0.0,0,1651,0,0
TXN000515,44.08,22,2,online,online,9.2,3.5,5.0,1.0,0,562,1,0
TXN000516,41.62,14,0,travel,online,13.4,4.1,1.0,0.0,0,1658,1,0
TXN000517,124.87,17,1,electronics,online,22.9,9.4,4.0,2.0,0,832,0,0
TXN000518,102.89,15,0,online,card_present,3.0,18.9,1.0,1.0,1,1819,0,0
TXN000519,314.48,13,1,travel,online,4.2,12.3,2.0,0.0,0,985,0,0
TXN000520,5.2,12,2,clothing,card_present,29.8,3.2,3.0,3.0,0,3472,0,0
TXN000521,174.14,15,1,travel,online,9.2,5.3,2.0,1.0,1,828,0,0
TXN000522,51.11,10,6,travel,online,8.2,11.3,2.0,0.0,1,2691,1,0
TXN000523,130.16,11,4,travel,card_present,2.2,3.6,3.0,1.0,0,1543,1,0
TXN000524,53.39,17,2,grocery,online,3.2,28.3,4.0,2.0,0,1712,0,0
TXN000525,202.59,19,1,grocery,online,11.3,12.0,1.0,2.0,0,2941,0,0
TXN000526,21.07,9,0,online,online,9.9,24.8,7.0,2.0,0,85,0,0
TXN000527,20.51,8,5,travel,contactless,3.0,12.1,1.0,3.0,0,1082,1,0
TXN000528,53.93,21,1,clothing,card_present,19.4,4.8,3.0,0.0,0,3479,0,0
TXN000529,157.6,7,3,restaurant,card_present,2.1,6.2,3.0,1.0,1,2247,0,0
TXN000530,20.44,18,4,gas,online,16.7,5.8,2.0,0.0,0,3331,0,0
TXN000531,147.58,18,4,online,online,11.6,6.3,2.0,0.0,0,1377,0,0
TXN000532,427.3,19,0,online,online,5.4,3.1,6.0,2.0,1,2261,0,0
TXN000533,44.01,5,2,jewelry,online,25.1,112.0,6.0,6.0,4,2,1,1
TXN000534,149.48,6,0,online,online,10.8,13.1,3.0,1.0,1,1585,0,0
TXN000535,118.39,12,0,travel,card_present,7.1,2.3,4.0,2.0,0,176,0,0
TXN000536,32.99,6,2,grocery,contactless,15.3,12.4,7.0,5.0,0,3109,0,0
TXN000537,58.65,10,6,electronics,card_present,6.4,11.0,5.0,2.0,0,501,0,0
TXN000538,51.71,15,4,grocery,card_present,2.7,10.1,2.0,0.0,1,2231,0,0
TXN000539,113.66,6,6,electronics,card_present,17.8,13.3,5.0,2.0,0,1575,0,0
TXN000540,209.53,18,2,gas,card_present,1.7,2.4,3.0,3.0,0,211,0,0
TXN000541,33.2,11,5,electronics,online,8.7,3.2,0.0,0.0,0,765,0,0
TXN000542,54.19,15,2,restaurant,contactless,3.7,1.7,3.0,2.0,0,239,1,0
TXN000543,59.41,16,5,travel,online,8.6,7.3,6.0,3.0,0,1222,0,0
TXN000544,197.47,6,3,electronics,online,11.7,13.4,4.0,1.0,0,494,0,0
TXN000545,53.03,16,4,restaurant,online,17.3,24.4,3.0,0.0,0,2711,0,0
TXN000546,42.25,21,0,electronics,card_present,20.3,11.0,3.0,0.0,0,3267,1,0
TXN000547,110.66,6,3,clothing,online,22.2,19.6,1.0,2.0,0,1426,0,0
TXN000548,16.77,19,3,grocery,online,4.1,26.7,1.0,0.0,0,3538,0,0
TXN000549,25.74,20,3,restaurant,card_present,11.8,6.9,1.0,1.0,0,2237,0,0
TXN000550,14.6,21,5,gas,online,8.9,2.1,4.0,2.0,0,2246,0,0
TXN000551,141.98,11,1,grocery,card_present,3.1,8.2,1.0,0.0,0,312,0,0
TXN000552,126.34,9,4,electronics,card_present,24.7,22.5,4.0,1.0,0,2852,0,0
TXN000553,78.22,11,4,grocery,online,0.3,16.8,4.0,3.0,1,2576,1,0
TXN000554,76.39,16,2,grocery,online,4.0,0.4,1.0,1.0,0,1621,0,0
TXN000555,13.84,19,1,restaurant,online,28.2,18.6,4.0,1.0,0,2766,0,0
TXN000556,74.28,15,5,online,card_present,4.8,6.0,3.0,1.0,0,2974,0,0
TXN000557,132.27,10,5,electronics,online,24.6,22.3,5.0,3.0,0,1576,0,0
TXN000558,167.49,20,2,electronics,card_present,29.7,2.2,4.0,0.0,0,1562,0,0
TXN000559,152.84,6,5,travel,card_present,0.8,1.1,3.0,2.0,0,564,0,0
TXN000560,643.55,23,6,travel,online,146.1,333.3,9.0,4.0,1,12,0,1
TXN000561,74.42,6,2,online,card_present,1.5,6.2,4.0,2.0,1,305,0,0
TXN000562,116.5,8,5,electronics,online,26.5,15.4,5.0,1.0,0,30,0,0
TXN000563,642.67,3,0,travel,online,159.2,67.3,9.0,7.0,2,33,1,1
TXN000564,323.26,2,3,online,online,568.2,302.0,9.0,3.0,4,16,1,1
TXN000565,39.8,11,6,electronics,card_present,17.5,3.6,3.0,1.0,0,3530,0,0
TXN000566,20.61,21,5,restaurant,card_present,9.0,20.8,4.0,0.0,0,189,0,0
TXN000567,17.91,8,1,restaurant,card_present,18.4,8.5,2.0,0.0,0,691,1,0
TXN000568,10.56,17,2,travel,contactless,4.0,18.0,3.0,0.0,0,641,1,0
TXN000569,70.8,22,3,online,contactless,5.8,18.3,2.0,0.0,0,2999,0,0
TXN000570,74.37,6,4,grocery,online,3.3,7.3,3.0,0.0,0,2793,0,0
TXN000571,25.48,10,5,restaurant,card_present,31.1,1.5,0.0,0.0,0,3091,0,0
TXN000572,53.95,6,3,restaurant,card_present,4.8,7.2,3.0,1.0,0,2306,0,0
TXN000573,119.42,8,2,grocery,online,15.3,23.2,6.0,2.0,0,2767,0,0
TXN000574,20.36,16,1,clothing,card_present,15.5,29.9,2.0,1.0,1,3079,0,0
TXN000575,219.62,20,6,travel,card_present,26.7,5.4,2.0,1.0,0,56,0,0
TXN000576,190.86,22,1,travel,online,449.1,313.7,6.0,6.0,5,2,1,1
TXN000577,29.45,14,5,grocery,card_present,17.2,10.2,4.0,0.0,1,2586,0,0
TXN000578,57.36,18,2,clothing,card_present,23.7,18.4,3.0,2.0,0,1790,0,0
TXN000579,56.35,12,5,clothing,card_present,2.4,0.9,3.0,0.0,0,3509,1,0
TXN000580,65.5,19,2,restaurant,online,1.2,13.6,4.0,1.0,0,2945,1,0
TXN000581,20.44,10,6,electronics,card_present,2.1,12.3,1.0,1.0,0,448,0,0
TXN000582,450.92,13,3,travel,card_present,3.5,3.5,3.0,0.0,0,3020,1,0
TXN000583,39.14,9,2,electronics,contactless,17.2,2.4,3.0,1.0,0,2450,1,0
TXN000584,4.09,20,3,online,online,9.5,10.8,1.0,2.0,1,2318,0,0
TXN000585,45.7,13,3,clothing,online,5.3,13.2,4.0,2.0,1,3454,1,0
TXN000586,126.69,11,5,travel,card_present,20.2,8.7,4.0,2.0,0,1206,0,0
TXN000587,20.78,14,3,grocery,card_present,5.3,12.6,5.0,3.0,0,3610,0,0
TXN000588,157.25,12,6,online,card_present,9.9,4.2,2.0,0.0,0,2465,0,0
TXN000589,43.66,20,1,clothing,card_present,8.5,5.4,2.0,4.0,1,3211,0,0
TXN000590,273.77,21,3,travel,online,27.5,3.8,1.0,1.0,0,2589,1,0
TXN000591,70.62,17,4,clothing,online,42.2,3.5,3.0,3.0,0,3203,0,0
TXN000592,94.91,7,2,gas,online,2.5,1.4,3.0,0.0,0,597,0,0
TXN000593,328.61,23,1,travel,online,347.7,506.8,10.0,3.0,3,25,1,1
TXN000594,54.83,7,1,clothing,online,4.9,11.3,2.0,0.0,0,846,0,0
TXN000595,52.92,11,6,gas,online,24.5,20.1,2.0,0.0,0,1207,1,0
TXN000596,50.93,21,6,online,online,9.0,1.5,4.0,2.0,0,3257,0,0
TXN000597,89.72,16,0,grocery,card_present,15.1,3.1,3.0,2.0,0,1590,1,0
TXN000598,201.21,20,2,restaurant,card_present,7.5,11.7,3.0,1.0,0,3481,0,0
TXN000599,230.8,15,4,restaurant,card_present,31.0,11.4,4.0,3.0,0,152,0,0
TXN000600,44.1,16,5,online,card_present,3.8,3.7,6.0,2.0,0,717,1,0
TXN000601,17.05,18,0,online,online,16.9,6.7,4.0,0.0,0,3497,0,0
TXN000602,59.99,2,2,jewelry,online,164.7,598.0,11.0,7.0,2,32,1,1
TXN000603,39.9,7,4,online,online,25.8,4.4,3.0,1.0,0,462,0,0
TXN000604,65.06,20,4,electronics,online,0.7,22.6,1.0,0.0,0,38,1,0
TXN000605,19.39,17,4,online,online,9.6,11.0,7.0,0.0,0,1794,0,0
TXN000606,173.11,8,6,clothing,card_present,14.3,5.9,4.0,2.0,0,3213,1,0
TXN000607,55.25,6,4,travel,online,2.1,9.0,1.0,1.0,0,1578,1,0
TXN000608,174.49,3,5,travel,online,331.4,136.0,12.0,3.0,2,31,1,1
TXN000609,958.35,20,0,restaurant,card_present,1.8,2.3,2.0,0.0,1,206,0,0
TXN000610,7.03,12,0,restaurant,online,19.5,12.7,5.0,0.0,1,820,0,0
TXN000611,35.97,18,5,grocery,online,13.3,10.1,2.0,0.0,0,2321,0,0
TXN000612,58.47,6,1,clothing,card_present,14.7,3.6,2.0,0.0,0,3188,0,0
TXN000613,47.45,22,1,online,card_present,12.1,29.5,1.0,0.0,0,3219,0,0
TXN000614,13.85,22,4,grocery,online,18.4,20.3,6.0,1.0,0,3116,0,0
TXN000615,31.43,10,2,gas,online,12.0,5.4,0.0,1.0,0,1105,0,0
TXN000616,130.42,15,2,travel,card_present,5.3,13.7,2.0,1.0,0,2657,0,0
TXN000617,82.24,10,3,electronics,card_present,0.0,0.5,1.0,1.0,0,2577,0,0
TXN000618,37.89,22,1,clothing,card_present,4.8,19.2,4.0,0.0,0,637,0,0
TXN000619,475.8,20,3,gas,contactless,18.5,8.1,5.0,1.0,1,1654,0,0
TXN000620,11.82,19,2,travel,contactless,23.3,16.4,2.0,1.0,1,2687,1,0
TXN000621,57.93,13,6,restaurant,contactless,7.1,0.1,2.0,1.0,0,3248,0,0
TXN000622,99.89,12,5,travel,online,9.7,22.2,2.0,1.0,0,3449,0,0
TXN000623,47.84,15,2,gas,contactless,15.6,9.5,3.0,3.0,0,1051,1,0
TXN000624,88.14,12,2,clothing,card_present,3.4,15.4,1.0,1.0,0,2771,1,0
TXN000625,224.72,13,5,restaurant,contactless,1.1,1.3,5.0,1.0,0,1566,0,0
TXN000626,38.17,10,6,restaurant,card_present,5.4,4.2,2.0,1.0,0,365,0,0
TXN000627,39.01,20,5,clothing,card_present,6.6,3.5,4.0,1.0,0,189,0,0
TXN000628,46.43,7,4,restaurant,online,2.1,6.6,5.0,2.0,0,2923,0,0
TXN000629,41.22,8,3,gas,contactless,2.0,0.9,2.0,4.0,0,2255,1,0
TXN000630,5.98,10,4,travel,contactless,0.9,7.4,4.0,1.0,0,2106,0,0
TXN000631,242.22,13,2,online,card_present,6.3,18.3,2.0,0.0,0,834,0,0
TXN000632,49.76,16,6,travel,online,8.6,3.3,2.0,2.0,0,211,0,0
TXN000633,78.37,12,2,clothing,contactless,5.3,1.7,1.0,1.0,1,947,0,0
TXN000634,47.82,6,0,online,card_present,6.4,0.9,6.0,0.0,0,1592,0,0
TXN000635,15.44,16,5,grocery,card_present,12.3,2.3,2.0,1.0,0,1242,0,0
TXN000636,44.86,20,3,electronics,contactless,1.2,8.0,1.0,1.0,0,2055,0,0
TXN000637,55.34,8,3,grocery,online,20.8,7.0,3.0,2.0,0,1334,1,0
TXN000638,124.03,14,4,grocery,contactless,40.7,1.6,8.0,0.0,1,3345,0,0
TXN000639,53.55,10,6,electronics,card_present,3.0,17.9,2.0,0.0,1,2527,0,0
TXN000640,15.68,7,4,gas,card_present,8.0,11.9,1.0,0.0,0,3239,0,0
TXN000641,135.36,14,2,gas,card_present,1.4,19.4,1.0,0.0,0,3260,0,0
TXN000642,18.77,14,4,clothing,online,17.0,15.6,3.0,3.0,0,3169,0,0
TXN000643,14.4,9,3,clothing,online,22.8,12.3,2.0,0.0,0,619,0,0
TXN000644,61.68,16,6,electronics,online,33.5,15.9,5.0,3.0,0,2456,0,0
TXN000645,165.13,16,0,clothing,card_present,0.8,12.7,2.0,0.0,0,215,0,0
TXN000646,90.98,10,2,grocery,contactless,16.4,12.6,2.0,2.0,0,2977,0,0
TXN000647,26.78,12,4,electronics,contactless,10.8,16.5,6.0,1.0,0,1197,1,0
TXN000648,6.94,21,3,grocery,card_present,8.1,5.3,3.0,0.0,0,2571,0,0
TXN000649,72.0,21,0,gas,online,41.3,19.7,3.0,2.0,0,1474,0,0
TXN000650,107.98,14,4,restaurant,card_present,12.3,9.4,5.0,0.0,0,1065,1,0
TXN000651,38.0,15,4,restaurant,card_present,14.0,5.6,0.0,3.0,0,2451,1,0
TXN000652,322.24,16,6,restaurant,online,1.2,12.0,1.0,2.0,0,3486,0,0
TXN000653,31.51,13,6,electronics,online,3.8,2.7,1.0,1.0,0,2388,0,0
TXN000654,341.99,4,6,jewelry,card_present,214.0,469.1,14.0,3.0,3,5,0,1
TXN000655,2574.9,1,0,travel,online,188.6,488.7,5.0,5.0,1,34,1,1
TXN000656,244.88,18,3,restaurant,contactless,4.1,4.1,2.0,2.0,0,3250,0,0
TXN000657,31.05,13,2,online,online,4.7,13.4,2.0,1.0,0,3192,0,0
TXN000658,220.4,12,6,electronics,online,23.7,3.3,3.0,2.0,0,1235,0,0
TXN000659,87.97,22,6,grocery,online,11.6,0.1,3.0,2.0,1,2899,0,0
TXN000660,24.48,20,5,travel,card_present,9.4,18.9,2.0,2.0,0,954,1,0
TXN000661,53.63,22,0,restaurant,online,0.5,4.0,3.0,1.0,0,3378,1,0
TXN000662,251.76,6,5,restaurant,card_present,8.1,0.6,1.0,0.0,0,2164,0,0
TXN000663,19.95,16,0,electronics,card_present,22.3,6.7,2.0,2.0,0,353,0,0
TXN000664,275.56,12,4,gas,contactless,10.3,4.6,6.0,1.0,1,3439,0,0
TXN000665,23.41,16,2,gas,online,27.6,12.1,6.0,1.0,0,1271,1,0
TXN000666,108.48,6,3,online,online,28.2,25.1,1.0,0.0,0,1978,1,0
TXN000667,11.44,10,3,restaurant,card_present,2.6,6.5,2.0,0.0,1,3384,0,0
TXN000668,69.32,18,1,travel,online,8.3,2.7,2.0,0.0,0,188,0,0
TXN000669,39.13,9,6,clothing,card_present,6.8,1.3,2.0,0.0,0,2774,0,0
TXN000670,38.77,16,6,clothing,online,14.2,9.3,3.0,0.0,0,1212,0,0
TXN000671,53.73,6,5,electronics,card_present,6.6,6.0,1.0,0.0,0,96,0,0
TXN000672,45.69,12,2,electronics,card_present,1.9,14.2,4.0,4.0,0,3028,0,0
TXN000673,49.64,19,2,gas,online,19.5,9.1,3.0,0.0,0,2399,0,0
TXN000674,105.31,12,2,clothing,card_present,0.9,6.9,2.0,1.0,0,2147,1,0
TXN000675,73.26,12,5,clothing,card_present,0.7,13.4,4.0,0.0,0,666,0,0
TXN000676,130.49,14,3,online,online,14.2,6.1,2.0,0.0,0,204,0,0
TXN000677,73.04,19,2,grocery,card_present,11.8,0.1,6.0,1.0,0,177,0,0
TXN000678,59.04,14,5,clothing,card_present,10.3,2.1,3.0,2.0,0,3202,1,0
TXN000679,70.72,14,0,travel,contactless,29.4,24.6,0.0,2.0,0,3384,0,0
TXN000680,75.52,22,0,gas,online,24.5,7.6,1.0,2.0,0,3374,0,0
TXN000681,34.14,14,3,grocery,contactless,4.9,19.8,3.0,4.0,0,696,0,0
TXN000682,37.89,15,6,grocery,card_present,9.2,4.3,4.0,0.0,1,3605,1,0
TXN000683,296.59,9,4,clothing,contactless,3.9,17.3,3.0,2.0,0,1331,0,0
TXN000684,67.2,22,5,online,online,26.2,15.5,9.0,3.0,0,3061,0,0
TXN000685,43.24,20,6,electronics,contactless,10.0,16.7,3.0,3.0,0,2353,1,0
TXN000686,36.0,21,6,travel,card_present,9.2,2.7,4.0,0.0,0,1828,0,0
TXN000687,19.92,13,0,travel,contactless,6.4,16.2,3.0,1.0,1,2511,0,0
TXN000688,49.3,22,6,electronics,contactless,11.5,10.2,4.0,2.0,0,799,0,0
TXN000689,12.02,13,6,clothing,contactless,16.9,13.8,5.0,1.0,1,2369,0,0
TXN000690,34.76,16,4,grocery,card_present,23.9,4.1,8.0,1.0,0,1367,0,0
TXN000691,36.9,13,6,electronics,online,12.6,6.4,3.0,1.0,0,2051,0,0
TXN000692,26.36,6,0,online,contactless,22.0,3.7,1.0,0.0,0,823,0,0
TXN000693,209.75,15,1,travel,card_present,24.8,8.8,3.0,1.0,0,3341,0,0
TXN000694,1102.18,4,1,jewelry,card_present,108.7,265.4,8.0,8.0,4,58,0,1
TXN000695,13.39,15,2,travel,card_present,20.2,11.6,2.0,0.0,1,2835,0,0
TXN000696,70.06,11,4,clothing,online,13.3,14.6,1.0,2.0,1,1109,0,0
TXN000697,19.08,20,4,restaurant,contactless,2.6,23.6,4.0,2.0,0,3096,1,0
TXN000698,125.36,22,3,clothing,contactless,7.3,19.3,4.0,0.0,1,486,0,0
TXN000699,149.88,17,3,online,online,9.0,10.3,3.0,1.0,1,3301,0,0
TXN000700,24.1,7,2,grocery,card_present,4.7,1.2,7.0,2.0,0,1837,1,0
TXN000701,47.89,12,6,travel,card_present,17.7,0.9,1.0,1.0,0,2078,0,0
TXN000702,24.48,21,6,gas,online,5.6,10.0,4.0,0.0,0,3144,0,0
TXN000703,393.11,7,5,electronics,card_present,28.7,5.0,3.0,1.0,1,2358,0,0
TXN000704,19.29,11,1,restaurant,contactless,0.8,37.0,4.0,1.0,1,568,0,0
TXN000705,11.9,9,0,online,card_present,2.0,6.5,4.0,1.0,1,3485,0,0
TXN000706,22.51,18,1,electronics,card_present,14.5,17.2,1.0,1.0,0,1455,0,0
TXN000707,48.96,19,6,restaurant,contactless,5.8,0.1,2.0,0.0,0,1523,0,0
TXN000708,60.67,12,3,online,online,9.7,6.2,3.0,0.0,0,1480,0,0
TXN000709,9.2,10,4,grocery,contactless,2.6,12.4,3.0,1.0,0,2016,0,0
TXN000710,43.22,10,0,grocery,online,0.8,12.1,3.0,0.0,0,2366,0,0
TXN000711,103.83,6,5,travel,card_present,31.6,3.6,4.0,3.0,0,1647,0,0
TXN000712,18.99,13,1,online,contactless,42.5,13.1,3.0,3.0,0,1082,0,0
TXN000713,67.28,14,2,online,online,13.4,4.1,2.0,2.0,1,1579,0,0
TXN000714,324.7,21,2,online,card_present,29.0,3.6,1.0,1.0,0,3203,0,0
TXN000715,140.51,14,2,clothing,online,1.7,5.2,1.0,0.0,0,3280,1,0
TXN000716,38.84,15,6,online,card_present,19.9,0.9,4.0,0.0,0,2894,0,0
TXN000717,130.52,8,1,clothing,card_present,14.5,7.4,2.0,2.0,0,1267,0,0
TXN000718,80.3,22,0,clothing,contactless,14.5,6.2,3.0,0.0,0,171,0,0
TXN000719,520.7,22,6,jewelry,online,92.8,100.5,10.0,7.0,4,41,1,1
TXN000720,55.18,19,6,travel,card_present,17.5,3.0,0.0,2.0,0,3043,0,0
TXN000721,50.53,17,2,grocery,card_present,11.6,3.2,7.0,2.0,0,3558,0,0
TXN000722,95.2,10,0,gas,contactless,14.1,15.0,4.0,0.0,0,1771,1,0
TXN000723,118.02,14,1,gas,online,25.1,2.4,5.0,1.0,0,3073,0,0
TXN000724,659.11,1,6,electronics,online,370.5,61.9,8.0,4.0,2,48,1,1
TXN000725,210.83,21,4,gas,card_present,12.6,7.0,3.0,1.0,0,1361,0,0
TXN000726,8.39,22,4,gas,online,3.8,10.2,5.0,1.0,1,1785,0,0
TXN000727,168.64,11,2,travel,card_present,2.1,2.0,3.0,1.0,0,968,0,0
TXN000728,49.94,16,1,online,online,19.2,12.7,2.0,0.0,0,1698,0,0
TXN000729,24.0,9,4,travel,card_present,19.7,6.4,2.0,2.0,0,669,0,0
TXN000730,338.13,22,0,online,online,376.4,176.5,7.0,5.0,5,24,1,1
TXN000731,40.21,18,6,electronics,card_present,17.1,7.3,2.0,2.0,0,332,1,0
TXN000732,72.76,22,3,online,online,12.2,5.5,4.0,1.0,1,1717,0,0
TXN000733,32.59,14,5,clothing,card_present,30.4,9.5,1.0,1.0,1,3347,0,0
TXN000734,16.13,8,1,travel,card_present,6.5,8.0,5.0,0.0,0,2056,0,0
TXN000735,42.46,19,0,restaurant,contactless,3.4,5.6,4.0,1.0,1,2950,0,0
TXN000736,252.33,21,5,grocery,online,2.6,11.8,2.0,0.0,0,708,0,0
TXN000737,25.88,14,5,restaurant,online,34.3,8.2,1.0,1.0,1,624,0,0
TXN000738,655.36,15,5,travel,contactless,21.9,11.5,3.0,1.0,0,956,0,0
TXN000739,2.88,18,3,gas,card_present,6.1,2.1,6.0,1.0,0,1610,1,0
TXN000740,177.86,9,6,travel,online,6.9,14.8,5.0,0.0,0,628,0,0
TXN000741,58.75,12,2,travel,contactless,33.2,17.0,2.0,0.0,0,2326,0,0
TXN000742,157.14,19,5,gas,card_present,12.3,2.2,2.0,0.0,0,3405,0,0
TXN000743,28.92,12,5,gas,contactless,10.0,5.2,2.0,1.0,0,1760,0,0
TXN000744,59.71,21,5,grocery,card_present,2.8,1.4,4.0,0.0,0,844,0,0
TXN000745,43.21,15,1,gas,online,11.8,1.2,6.0,1.0,0,1480,0,0
TXN000746,45.3,10,3,electronics,online,0.2,20.0,0.0,0.0,0,3505,0,0
TXN000747,221.32,7,2,restaurant,online,19.4,29.0,4.0,2.0,0,1528,0,0
TXN000748,94.8,20,2,travel,card_present,19.5,10.9,3.0,2.0,1,194,0,0
TXN000749,51.2,17,5,grocery,online,2.5,9.0,5.0,2.0,0,619,0,0
TXN000750,192.02,6,1,restaurant,card_present,26.1,17.7,5.0,1.0,0,337,0,0
TXN000751,53.77,18,4,electronics,card_present,20.6,20.2,4.0,1.0,0,1711,0,0
TXN000752,90.93,6,1,gas,online,1.3,10.9,0.0,1.0,0,2817,0,0
TXN000753,111.64,10,3,travel,online,15.1,14.2,7.0,1.0,0,3520,0,0
TXN000754,73.56,11,1,grocery,contactless,19.0,11.8,8.0,1.0,0,74,0,0
TXN000755,43.75,10,1,gas,card_present,5.1,3.7,5.0,1.0,1,2848,0,0
TXN000756,247.44,15,6,gas,contactless,19.8,8.0,3.0,1.0,0,957,0,0
TXN000757,12.1,11,2,restaurant,card_present,19.6,11.7,2.0,1.0,0,2619,0,0
TXN000758,41.24,11,3,restaurant,online,14.5,2.1,4.0,0.0,0,1747,0,0
TXN000759,179.06,7,4,travel,online,5.6,9.7,2.0,0.0,0,1686,0,0
TXN000760,95.02,15,5,grocery,contactless,25.8,10.3,2.0,1.0,0,483,0,0
TXN000761,398.33,8,3,clothing,online,3.8,28.7,5.0,1.0,0,1159,0,0
TXN000762,90.52,8,1,electronics,contactless,10.8,4.7,1.0,1.0,0,3482,0,0
TXN000763,14.86,18,6,restaurant,card_present,16.1,4.0,2.0,1.0,0,1340,1,0
TXN000764,230.47,9,3,gas,online,12.3,16.1,3.0,0.0,1,360,0,0
TXN000765,47.23,7,2,online,online,4.7,7.3,4.0,2.0,0,943,0,0
TXN000766,29.23,15,4,travel,card_present,1.1,18.0,8.0,0.0,0,266,1,0
TXN000767,16.82,10,3,travel,card_present,30.5,13.3,5.0,2.0,1,3094,1,0
TXN000768,38.04,10,4,grocery,card_present,33.5,13.4,1.0,1.0,0,633,0,0
TXN000769,106.8,8,2,travel,contactless,9.6,4.0,5.0,1.0,0,1515,0,0
TXN000770,21.44,6,5,gas,contactless,20.3,4.2,2.0,0.0,0,1001,0,0
TXN000771,88.26,11,6,grocery,contactless,35.2,10.0,0.0,1.0,0,1268,1,0
TXN000772,109.26,21,0,electronics,card_present,15.3,6.2,1.0,0.0,0,87,1,0
TXN000773,72.17,11,0,restaurant,card_present,2.1,16.5,2.0,1.0,0,1701,0,0
TXN000774,20.82,14,5,online,card_present,32.4,9.6,3.0,1.0,0,2656,1,0
TXN000775,256.89,20,1,travel,card_present,40.4,1.4,3.0,1.0,0,3612,0,0
TXN000776,99.36,9,5,gas,contactless,1.0,2.4,3.0,1.0,1,1749,0,0
TXN000777,110.44,10,4,clothing,online,6.2,9.9,2.0,1.0,0,378,0,0
TXN000778,165.29,16,2,online,contactless,15.6,8.6,1.0,1.0,1,1839,0,0
TXN000779,390.3,21,2,gas,card_present,21.2,9.8,3.0,1.0,0,3108,0,0
TXN000780,26.36,19,6,travel,card_present,16.7,2.8,2.0,0.0,0,545,0,0
TXN000781,32.62,9,4,clothing,contactless,14.3,10.0,4.0,0.0,0,119,0,0
TXN000782,1896.68,22,1,travel,card_present,416.7,445.5,8.0,7.0,4,43,0,1
TXN000783,68.07,20,5,grocery,card_present,2.2,4.7,2.0,0.0,0,869,0,0
TXN000784,2762.02,1,2,travel,card_present,335.1,530.9,5.0,0.0,4,55,0,1
TXN000785,49.06,16,2,electronics,card_present,18.0,10.8,3.0,1.0,0,2078,1,0
TXN000786,28.95,10,3,clothing,online,0.9,6.3,3.0,1.0,0,249,0,0
TXN000787,17.81,20,0,travel,online,13.7,8.6,3.0,1.0,0,827,0,0
TXN000788,248.01,11,5,clothing,card_present,5.5,3.2,4.0,3.0,0,1492,0,0
TXN000789,25.36,16,1,online,card_present,33.8,16.7,3.0,1.0,0,683,0,0
TXN000790,18.22,20,3,electronics,online,21.1,7.8,1.0,1.0,1,2383,0,0
TXN000791,36.45,16,6,travel,online,7.0,6.0,0.0,0.0,0,2270,0,0
TXN000792,21.1,21,4,online,card_present,10.3,9.7,10.0,2.0,1,3242,0,0
TXN000793,12.22,13,0,travel,contactless,0.2,17.4,4.0,2.0,0,1721,0,0
TXN000794,34.49,18,4,grocery,online,47.4,10.0,1.0,1.0,0,2662,0,0
TXN000795,5.95,8,3,gas,card_present,22.6,3.9,3.0,0.0,1,1727,0,0
TXN000796,88.48,14,4,electronics,card_present,9.9,4.7,3.0,0.0,0,2074,1,0
TXN000797,44.74,17,6,clothing,online,4.1,5.6,1.0,2.0,0,2943,0,0
TXN000798,29.28,22,2,restaurant,online,27.0,4.9,6.0,0.0,1,2706,0,0
TXN000799,47.13,20,0,restaurant,online,8.2,19.4,3.0,1.0,0,1602,0,0
TXN000800,25.52,9,1,clothing,card_present,0.6,0.8,3.0,0.0,0,824,1,0
TXN000801,28.25,17,2,electronics,online,7.1,0.1,2.0,2.0,0,826,0,0
TXN000802,54.7,6,3,grocery,card_present,22.1,7.7,3.0,2.0,1,915,1,0
TXN000803,93.21,14,0,gas,contactless,14.1,20.0,4.0,2.0,0,2721,0,0
TXN000804,15.73,8,0,grocery,card_present,12.5,18.5,2.0,0.0,0,1369,0,0
TXN000805,32.09,20,0,online,online,10.5,13.1,6.0,2.0,1,902,1,0
TXN000806,145.31,8,6,grocery,online,24.2,2.1,3.0,0.0,0,3581,0,0
TXN000807,80.37,13,1,travel,contactless,10.1,0.2,3.0,1.0,0,3343,0,0
TXN000808,30.06,8,1,gas,card_present,18.5,0.8,3.0,0.0,1,1654,0,0
TXN000809,13.13,14,4,gas,online,13.3,3.5,0.0,4.0,0,1357,0,0
TXN000810,736.33,15,3,travel,online,8.2,13.0,5.0,0.0,1,2034,0,0
TXN000811,16.79,18,0,clothing,card_present,28.8,8.5,3.0,0.0,0,3572,0,0
TXN000812,39.62,9,6,clothing,contactless,22.6,4.0,2.0,0.0,0,1353,0,0
TXN000813,24.83,11,6,online,card_present,6.7,16.5,6.0,2.0,0,843,0,0
TXN000814,16.48,20,4,online,card_present,14.4,1.6,3.0,1.0,0,2875,0,0
TXN000815,29.98,7,4,gas,online,0.1,9.4,2.0,1.0,0,2089,0,0
TXN000816,4.78,19,5,online,contactless,12.4,13.9,2.0,0.0,0,3302,0,0
TXN000817,20.64,10,0,restaurant,card_present,1.6,2.0,2.0,1.0,0,2740,0,0
TXN000818,68.05,14,6,gas,card_present,6.5,11.9,1.0,1.0,0,671,1,0
TXN000819,35.65,13,6,clothing,card_present,12.1,13.7,3.0,0.0,1,901,0,0
TXN000820,10.37,14,0,clothing,online,21.5,2.0,1.0,0.0,0,1749,0,0
TXN000821,80.88,18,1,restaurant,card_present,20.4,5.1,3.0,1.0,0,1924,0,0
TXN000822,51.04,12,2,grocery,card_present,21.3,11.6,4.0,2.0,0,1005,0,0
TXN000823,91.29,11,1,online,contactless,22.5,6.3,3.0,1.0,0,378,0,0
TXN000824,15.32,6,1,clothing,card_present,20.8,10.0,4.0,1.0,0,1518,0,0
TXN000825,160.47,10,5,travel,online,3.9,17.5,6.0,1.0,0,3636,0,0
TXN000826,232.25,10,6,restaurant,online,7.6,5.5,2.0,0.0,0,3590,0,0
TXN000827,55.27,6,6,gas,card_present,13.7,10.8,3.0,0.0,0,361,0,0
TXN000828,119.51,17,0,clothing,online,7.6,17.2,3.0,2.0,0,3259,1,0
TXN000829,3.66,23,3,electronics,card_present,130.5,431.3,14.0,10.0,1,2,1,1
TXN000830,31.13,17,4,clothing,online,29.6,1.2,5.0,1.0,0,676,0,0
TXN000831,11.35,10,1,gas,contactless,17.3,5.9,0.0,0.0,0,2958,0,0
TXN000832,29.05,11,5,gas,card_present,22.6,20.2,3.0,2.0,0,599,0,0
TXN000833,8.84,9,0,gas,online,10.2,12.1,3.0,1.0,0,1662,1,0
TXN000834,59.5,19,3,gas,card_present,6.5,15.0,1.0,2.0,0,2443,0,0
TXN000835,142.28,22,6,online,contactless,2.7,5.3,4.0,0.0,0,974,0,0
TXN000836,28.18,7,2,clothing,contactless,12.8,0.4,3.0,1.0,0,2218,0,0
TXN000837,141.53,15,5,clothing,card_present,3.1,5.8,2.0,1.0,0,2712,0,0
TXN000838,105.13,11,0,travel,online,7.6,7.7,3.0,2.0,0,1227,0,0
TXN000839,78.29,22,2,restaurant,card_present,9.7,9.0,3.0,0.0,0,3164,0,0
TXN000840,67.95,8,2,electronics,online,39.7,7.0,3.0,2.0,0,893,0,0
TXN000841,10.85,17,0,clothing,card_present,4.6,3.9,2.0,1.0,1,1502,1,0
TXN000842,76.55,13,6,travel,contactless,1.0,7.2,2.0,1.0,0,2825,0,0
TXN000843,65.36,22,1,clothing,contactless,12.9,29.6,5.0,1.0,0,1598,0,0
TXN000844,16.65,21,3,travel,card_present,0.8,1.3,7.0,1.0,0,993,0,0
TXN000845,120.1,8,4,clothing,card_present,18.5,2.6,3.0,2.0,1,2603,1,0
TXN000846,80.95,12,0,grocery,contactless,11.5,16.6,4.0,1.0,1,138,0,0
TXN000847,983.74,23,6,electronics,card_present,268.3,382.8,9.0,7.0,4,8,1,1
TXN000848,103.36,15,6,online,card_present,14.2,17.9,4.0,0.0,0,2499,0,0
TXN000849,24.85,8,5,travel,online,3.7,13.4,1.0,0.0,0,2075,0,0
TXN000850,41.31,19,2,grocery,contactless,18.8,5.8,5.0,1.0,0,3246,1,0
TXN000851,18.62,13,1,electronics,online,25.5,4.2,1.0,0.0,0,3547,0,0
TXN000852,84.5,12,3,online,online,51.5,9.2,2.0,2.0,0,2959,0,0
TXN000853,108.45,9,0,online,online,17.5,1.2,1.0,0.0,0,3319,1,0
TXN000854,81.39,12,6,electronics,card_present,20.4,4.7,8.0,1.0,1,1397,0,0
TXN000855,79.85,22,5,gas,card_present,18.0,5.3,2.0,2.0,1,2327,0,0
TXN000856,12.83,7,1,online,card_present,22.6,0.5,1.0,0.0,1,2120,0,0
TXN000857,540.18,18,1,online,card_present,19.9,0.5,2.0,1.0,0,2819,0,0
TXN000858,17.77,17,3,electronics,card_present,9.7,5.0,1.0,0.0,1,770,0,0
TXN000859,32.22,18,4,online,contactless,5.4,16.4,1.0,0.0,0,3502,1,0
TXN000860,135.77,7,2,clothing,contactless,0.2,1.8,1.0,0.0,1,2709,0,0
TXN000861,27.44,19,6,restaurant,online,9.7,16.5,4.0,0.0,0,581,0,0
TXN000862,123.81,10,3,electronics,online,9.6,13.5,3.0,2.0,1,1556,0,0
TXN000863,62.6,15,4,restaurant,card_present,22.0,1.8,5.0,1.0,0,2665,0,0
TXN000864,143.71,15,0,restaurant,online,16.4,2.0,4.0,2.0,0,2695,0,0
TXN000865,54.58,22,0,grocery,card_present,10.2,3.5,4.0,3.0,0,2692,0,0
TXN000866,47.49,19,2,gas,card_present,18.4,2.9,4.0,0.0,0,409,0,0
TXN000867,103.0,17,2,online,contactless,0.2,1.8,2.0,0.0,0,122,0,0
TXN000868,33.34,22,4,online,card_present,17.4,0.6,3.0,1.0,0,2615,0,0
TXN000869,32.31,17,4,online,card_present,25.2,5.4,3.0,1.0,0,2917,1,0
TXN000870,638.98,21,3,online,contactless,4.2,1.7,2.0,1.0,0,521,1,0
TXN000871,46.91,6,1,gas,online,12.4,12.2,4.0,1.0,0,532,0,0
TXN000872,75.42,17,1,online,contactless,27.3,10.2,3.0,1.0,0,1723,0,0
TXN000873,86.25,12,4,gas,card_present,7.4,2.6,5.0,1.0,0,2666,1,0
TXN000874,23.01,10,6,restaurant,online,33.2,0.4,5.0,0.0,0,1263,0,0
TXN000875,254.47,16,3,gas,card_present,3.7,7.0,8.0,2.0,0,643,0,0
TXN000876,12.79,12,3,online,card_present,8.0,7.4,3.0,0.0,0,2274,0,0
TXN000877,9.36,7,3,grocery,online,17.5,1.7,2.0,1.0,0,358,0,0
TXN000878,77.61,18,3,gas,online,25.9,0.2,5.0,2.0,0,2172,0,0
TXN000879,54.95,21,3,clothing,online,33.9,24.0,4.0,0.0,0,81,0,0
TXN000880,39.05,21,2,online,card_present,3.1,24.3,2.0,1.0,0,3116,0,0
TXN000881,48.69,22,6,online,card_present,5.2,6.0,3.0,2.0,0,1966,0,0
TXN000882,39.41,8,1,clothing,card_present,29.9,1.8,5.0,2.0,0,2851,1,0
TXN000883,33.35,6,6,travel,online,2.4,1.1,0.0,0.0,1,3058,0,0
TXN000884,594.89,22,2,grocery,card_present,47.0,2.0,4.0,0.0,0,3329,0,0
TXN000885,26.4,11,0,grocery,online,3.1,4.2,3.0,0.0,0,929,1,0
TXN000886,26.55,7,6,online,card_present,6.9,1.9,2.0,0.0,0,534,0,0
TXN000887,25.69,20,1,gas,card_present,41.5,1.2,2.0,1.0,0,2169,0,0
TXN000888,13.06,9,4,electronics,card_present,28.1,6.8,2.0,1.0,0,526,0,0
TXN000889,7.26,7,4,gas,card_present,5.9,18.1,5.0,0.0,0,1014,0,0
TXN000890,428.31,13,6,clothing,card_present,20.5,7.8,4.0,0.0,0,1000,0,0
TXN000891,46.26,7,0,restaurant,card_present,14.5,20.4,1.0,0.0,0,3138,1,0
TXN000892,169.97,22,3,gas,online,14.7,9.0,4.0,1.0,0,3389,0,0
TXN000893,55.76,14,3,gas,card_present,0.6,3.3,2.0,3.0,0,598,0,0
TXN000894,19.2,17,0,restaurant,online,7.3,0.8,1.0,2.0,0,3190,1,0
TXN000895,16.29,10,6,travel,card_present,23.2,13.3,2.0,2.0,0,2825,0,0
TXN000896,73.5,12,0,online,card_present,1.4,2.2,3.0,3.0,0,3120,0,0
TXN000897,39.08,9,3,restaurant,card_present,12.4,5.5,3.0,1.0,1,1909,0,0
TXN000898,455.85,15,4,grocery,online,17.0,24.0,4.0,0.0,0,3392,0,0
TXN000899,67.86,9,0,grocery,card_present,28.9,18.4,4.0,0.0,1,452,0,0
TXN000900,51.55,22,2,clothing,contactless,18.4,9.3,1.0,0.0,1,2268,0,0
TXN000901,127.41,10,0,online,card_present,16.2,15.2,1.0,1.0,0,3514,0,0
TXN000902,75.5,20,1,travel,online,31.1,16.1,4.0,2.0,0,3631,0,0
TXN000903,78.37,17,1,grocery,card_present,2.9,0.5,2.0,1.0,0,1946,0,0
TXN000904,206.53,18,1,clothing,contactless,18.0,8.3,1.0,2.0,1,2598,1,0
TXN000905,152.47,15,1,travel,card_present,18.4,3.3,4.0,0.0,1,2996,0,0
TXN000906,84.73,8,1,restaurant,online,9.1,20.5,2.0,0.0,0,518,0,0
TXN000907,80.11,15,0,gas,online,4.9,15.2,1.0,2.0,0,2232,0,0
TXN000908,13.75,10,5,travel,card_present,9.6,19.3,2.0,1.0,1,2524,1,0
TXN000909,186.36,7,2,gas,card_present,12.3,2.6,2.0,0.0,0,2248,0,0
TXN000910,37.67,6,3,grocery,contactless,4.8,0.3,0.0,1.0,0,783,0,0
TXN000911,34.12,18,3,clothing,online,8.2,6.0,0.0,2.0,0,2091,0,0
TXN000912,57.88,11,3,restaurant,card_present,5.1,13.4,4.0,2.0,0,964,0,0
TXN000913,8.37,20,1,restaurant,online,17.1,10.4,2.0,1.0,0,49,0,0
TXN000914,11.54,20,2,gas,contactless,15.5,12.7,2.0,1.0,0,347,0,0
TXN000915,63.41,21,3,grocery,online,9.4,6.1,7.0,3.0,0,2298,0,0
TXN000916,319.08,19,6,restaurant,online,20.5,20.0,2.0,3.0,0,853,0,0
TXN000917,209.79,12,0,restaurant,card_present,12.4,6.5,6.0,0.0,0,3316,1,0
TXN000918,64.74,13,0,travel,card_present,27.0,9.3,3.0,0.0,0,2506,1,0
TXN000919,23.24,17,4,electronics,online,19.1,12.6,5.0,0.0,0,2364,0,0
TXN000920,31.69,12,1,electronics,online,14.0,1.0,4.0,0.0,0,149,0,0
TXN000921,32.17,22,3,clothing,online,1.0,15.8,2.0,0.0,1,3006,0,0
TXN000922,31.95,22,0,grocery,card_present,11.6,7.1,5.0,1.0,0,3329,0,0
TXN000923,61.77,20,1,electronics,contactless,25.0,3.2,0.0,0.0,0,2647,0,0
TXN000924,35.55,13,4,electronics,contactless,9.5,2.0,7.0,0.0,1,748,0,0
TXN000925,14.05,16,3,online,online,11.6,4.8,5.0,0.0,1,3344,0,0
TXN000926,155.6,11,5,travel,card_present,36.4,18.4,6.0,4.0,0,2749,0,0
TXN000927,7.03,11,0,online,card_present,3.0,9.6,3.0,0.0,0,2300,0,0
TXN000928,13.71,18,1,travel,card_present,21.4,13.4,2.0,2.0,0,923,1,0
TXN000929,23.64,15,3,gas,card_present,28.8,29.0,3.0,0.0,1,2345,0,0
TXN000930,36.23,22,4,clothing,card_present,7.2,4.0,3.0,0.0,0,910,0,0
TXN000931,42.31,14,0,electronics,card_present,13.9,2.1,4.0,3.0,0,207,1,0
TXN000932,762.82,1,2,travel,online,83.6,232.4,7.0,7.0,3,30,1,1
TXN000933,21.33,21,1,clothing,contactless,28.7,12.6,3.0,4.0,0,1050,0,0
TXN000934,7.88,10,2,grocery,card_present,17.5,2.6,0.0,1.0,0,1687,0,0
TXN000935,82.53,15,3,restaurant,contactless,9.2,4.8,2.0,0.0,0,598,0,0
TXN000936,66.1,11,2,gas,card_present,2.8,13.1,2.0,2.0,0,2182,0,0
TXN000937,61.76,9,0,grocery,online,19.5,4.3,1.0,2.0,0,1502,0,0
TXN000938,37.5,18,2,gas,online,7.8,19.3,1.0,2.0,0,3380,0,0
TXN000939,97.26,11,1,electronics,card_present,23.2,8.3,2.0,0.0,0,2782,1,0
TXN000940,147.84,10,6,restaurant,card_present,12.9,14.6,2.0,1.0,1,1565,0,0
TXN000941,40.63,15,3,restaurant,contactless,16.8,17.3,1.0,2.0,0,104,1,0
TXN000942,133.45,12,6,electronics,contactless,9.2,17.4,4.0,0.0,1,279,0,0
TXN000943,89.07,21,5,grocery,contactless,5.4,9.0,3.0,2.0,0,2798,0,0
TXN000944,11.67,9,2,grocery,contactless,10.7,4.6,7.0,0.0,0,788,0,0
TXN000945,116.35,10,2,restaurant,card_present,2.2,17.6,2.0,1.0,1,2328,0,0
TXN000946,56.56,17,0,grocery,card_present,0.4,11.5,1.0,0.0,0,784,0,0
TXN000947,60.78,17,2,restaurant,online,23.1,4.9,5.0,0.0,0,61,0,0
TXN000948,65.14,19,6,restaurant,card_present,9.5,3.8,2.0,0.0,0,405,0,0
TXN000949,11.21,13,3,online,online,21.5,16.8,2.0,1.0,1,3150,0,0
TXN000950,1108.51,4,0,travel,card_present,212.6,440.2,6.0,12.0,1,14,0,1
TXN000951,75.5,20,5,online,contactless,17.3,4.5,6.0,3.0,0,939,0,0
TXN000952,55.46,20,6,clothing,card_present,24.3,9.5,2.0,4.0,0,781,0,0
TXN000953,48.66,15,4,clothing,online,10.6,14.4,8.0,1.0,0,2002,0,0
TXN000954,62.59,11,6,travel,card_present,34.4,9.3,3.0,1.0,0,583,0,0
TXN000955,52.5,18,3,clothing,online,4.4,11.3,2.0,1.0,1,2020,0,0
TXN000956,31.46,8,4,clothing,contactless,24.4,11.2,4.0,4.0,0,1600,0,0
TXN000957,35.24,16,2,online,online,9.9,3.5,5.0,0.0,0,1280,0,0
TXN000958,130.62,9,2,clothing,card_present,15.7,29.7,2.0,0.0,0,2460,0,0
TXN000959,111.23,21,6,electronics,card_present,5.0,23.4,3.0,2.0,1,237,0,0
TXN000960,203.8,20,6,clothing,card_present,5.7,4.2,4.0,1.0,1,2239,0,0
TXN000961,37.74,22,5,clothing,contactless,1.0,5.6,2.0,2.0,0,1361,0,0
TXN000962,27.99,20,4,electronics,contactless,3.7,15.1,5.0,0.0,0,2776,0,0
TXN000963,56.7,12,1,restaurant,contactless,6.8,13.2,4.0,0.0,0,3317,0,0
TXN000964,88.24,9,4,travel,online,7.9,6.3,4.0,0.0,0,1328,0,0
TXN000965,36.22,6,1,travel,card_present,18.4,9.1,3.0,0.0,0,306,0,0
TXN000966,47.99,11,5,online,online,14.1,6.6,0.0,0.0,0,2401,1,0
TXN000967,62.68,17,1,electronics,card_present,19.0,10.8,3.0,0.0,1,1599,0,0
TXN000968,74.03,10,4,clothing,online,24.9,11.8,2.0,0.0,0,930,0,0
TXN000969,70.15,19,5,clothing,online,2.8,14.8,3.0,0.0,0,2375,0,0
TXN000970,776.26,5,2,electronics,online,144.1,818.2,10.0,10.0,2,17,1,1
TXN000971,71.45,10,5,travel,online,9.6,13.7,4.0,1.0,1,1667,0,0
TXN000972,36.9,21,4,travel,card_present,14.7,8.7,5.0,1.0,0,215,0,0
TXN000973,9.24,14,4,online,card_present,6.8,8.1,3.0,2.0,0,2133,0,0
TXN000974,221.74,16,5,clothing,online,31.6,16.2,4.0,1.0,1,1686,0,0
TXN000975,20.46,21,0,travel,contactless,17.1,17.7,3.0,2.0,1,1941,1,0
TXN000976,13.72,14,3,restaurant,card_present,3.8,24.2,3.0,2.0,1,1416,0,0
TXN000977,37.17,7,1,travel,card_present,13.6,17.9,3.0,0.0,1,1240,0,0
TXN000978,20.6,17,2,clothing,card_present,23.8,13.2,3.0,1.0,0,2890,0,0
TXN000979,103.38,18,2,gas,card_present,38.0,2.6,3.0,1.0,0,1132,0,0
TXN000980,306.65,20,4,clothing,card_present,20.1,0.3,4.0,3.0,1,189,0,0
TXN000981,66.72,16,6,restaurant,card_present,15.1,6.7,1.0,1.0,0,2729,0,0
TXN000982,10.84,21,0,clothing,online,0.7,25.6,4.0,2.0,0,2706,0,0
TXN000983,547.82,8,3,clothing,online,5.7,6.3,2.0,1.0,0,1636,0,0
TXN000984,20.8,22,3,gas,contactless,26.1,3.5,3.0,1.0,0,2658,0,0
TXN000985,76.75,19,3,grocery,card_present,2.4,8.6,3.0,3.0,0,1484,1,0
TXN000986,262.05,7,5,travel,online,6.7,19.9,7.0,3.0,0,1488,0,0
TXN000987,55.38,21,4,restaurant,card_present,27.8,14.7,3.0,0.0,0,2029,0,0
TXN000988,201.04,12,2,travel,contactless,2.0,1.6,4.0,0.0,0,1452,0,0
TXN000989,87.15,0,5,online,online,35.8,345.7,8.0,7.0,3,51,0,1
TXN000990,444.06,0,0,travel,online,49.0,327.5,9.0,4.0,5,4,1,1
TXN000991,1567.46,5,5,online,online,35.6,456.9,7.0,7.0,2,54,1,1
TXN000992,69.75,11,3,online,card_present,3.7,9.9,0.0,2.0,0,837,0,0
TXN000993,29.79,15,3,grocery,online,0.6,13.2,1.0,3.0,1,3385,0,0
TXN000994,128.45,10,2,clothing,online,6.8,11.5,3.0,1.0,0,2479,0,0
TXN000995,68.32,16,3,restaurant,card_present,11.4,2.4,3.0,1.0,0,3241,0,0
TXN000996,63.01,19,6,travel,online,16.9,8.4,3.0,0.0,0,472,0,0
TXN000997,11.76,22,4,electronics,online,11.1,14.3,2.0,0.0,0,2720,0,0
TXN000998,36.91,7,6,electronics,online,20.7,1.5,2.0,1.0,0,2097,0,0
TXN000999,76.19,21,3,travel,card_present,12.3,8.9,2.0,0.0,0,205,0,0
TXN001000,10.09,16,0,electronics,contactless,7.1,7.9,5.0,0.0,0,469,1,0
TXN001001,10.07,13,4,gas,online,37.3,2.6,3.0,2.0,0,3134,0,0
TXN001002,429.02,19,2,clothing,card_present,22.4,0.5,4.0,0.0,0,1046,1,0
TXN001003,1258.59,18,0,grocery,card_present,6.4,6.6,2.0,1.0,0,1740,1,0
TXN001004,57.09,10,4,grocery,online,6.0,1.3,4.0,0.0,0,673,0,0
TXN001005,61.17,5,4,jewelry,online,273.2,276.4,10.0,7.0,1,23,1,1
TXN001006,583.64,16,1,online,card_present,11.0,2.3,1.0,3.0,0,1513,1,0
TXN001007,55.08,21,5,electronics,contactless,7.6,1.2,2.0,3.0,0,2177,0,0
TXN001008,3.22,9,0,online,card_present,4.0,2.3,5.0,1.0,0,3087,0,0
TXN001009,21.02,22,5,restaurant,card_present,6.3,11.8,3.0,2.0,0,2588,0,0
TXN001010,22.03,7,6,clothing,online,6.6,9.9,2.0,2.0,0,934,0,0
TXN001011,57.98,14,1,gas,card_present,11.6,25.6,5.0,0.0,0,884,0,0
TXN001012,37.02,19,2,grocery,card_present,6.0,5.2,4.0,1.0,0,3557,0,0
TXN001013,213.61,11,4,travel,online,0.2,1.4,4.0,1.0,0,2747,0,0
TXN001014,197.96,7,2,restaurant,card_present,1.3,0.1,4.0,1.0,0,1325,0,0
TXN001015,1887.05,1,6,travel,online,118.1,429.3,6.0,5.0,1,21,1,1
TXN001016,19.56,20,5,online,card_present,1.3,20.4,4.0,2.0,0,989,0,0
TXN001017,43.41,16,4,clothing,card_present,13.2,28.9,3.0,0.0,0,2780,0,0
TXN001018,70.54,15,4,restaurant,card_present,6.9,5.5,5.0,0.0,0,2034,1,0
TXN001019,11.51,12,1,grocery,card_present,14.4,7.5,10.0,3.0,0,1590,1,0
TXN001020,284.45,11,1,travel,card_present,3.2,0.4,4.0,1.0,0,89,0,0
TXN001021,52.72,15,5,gas,card_present,9.4,7.3,4.0,1.0,0,1845,0,0
TXN001022,37.83,19,1,travel,online,29.0,17.7,7.0,1.0,0,1636,0,0
TXN001023,282.86,19,1,restaurant,card_present,31.0,5.6,1.0,0.0,1,2228,0,0
TXN001024,9.88,13,6,travel,card_present,25.1,15.1,2.0,2.0,0,711,0,0
TXN001025,98.7,10,2,gas,contactless,11.3,10.7,4.0,2.0,0,2844,0,0
TXN001026,32.5,13,1,gas,online,11.0,4.2,3.0,0.0,0,2864,0,0
TXN001027,17.57,7,3,gas,card_present,1.3,1.2,4.0,0.0,0,2833,0,0
TXN001028,14.32,21,3,electronics,card_present,19.9,7.7,1.0,1.0,0,3036,0,0
TXN001029,438.19,12,5,clothing,contactless,6.8,4.9,6.0,2.0,1,2223,0,0
TXN001030,12.19,11,4,clothing,online,9.1,4.1,3.0,1.0,1,3264,0,0
TXN001031,15.81,18,5,travel,contactless,16.9,4.9,2.0,0.0,0,1357,0,0
TXN001032,144.9,21,2,restaurant,card_present,41.9,16.7,1.0,0.0,1,1591,0,0
TXN001033,31.28,17,6,clothing,card_present,18.7,12.6,2.0,1.0,1,3445,0,0
TXN001034,289.07,18,3,clothing,card_present,9.7,3.2,2.0,2.0,0,3355,0,0
TXN001035,119.53,7,5,travel,online,12.9,11.1,2.0,1.0,0,2207,0,0
TXN001036,32.62,15,3,clothing,online,19.1,2.7,2.0,1.0,0,960,1,0
TXN001037,241.59,12,4,travel,card_present,9.4,7.8,5.0,2.0,0,1135,1,0
TXN001038,130.21,13,5,travel,online,2.9,0.9,4.0,0.0,1,785,0,0
TXN001039,569.99,6,6,restaurant,contactless,4.1,16.8,1.0,0.0,0,2615,0,0
TXN001040,22.54,9,6,electronics,card_present,8.8,0.6,3.0,1.0,1,1505,0,0
TXN001041,9.44,15,1,restaurant,card_present,27.7,5.0,1.0,0.0,1,2026,0,0
TXN001042,21.98,20,2,restaurant,card_present,5.7,13.5,4.0,3.0,0,763,0,0
TXN001043,6662.18,2,1,travel,online,63.7,124.6,11.0,6.0,4,42,0,1
TXN001044,39.1,13,5,restaurant,card_present,2.1,24.2,3.0,2.0,0,713,0,0
TXN001045,212.75,9,4,travel,card_present,34.5,0.7,1.0,1.0,1,1444,0,0
TXN001046,29.71,20,5,restaurant,card_present,2.7,1.2,5.0,0.0,0,950,0,0
TXN001047,176.03,10,5,restaurant,card_present,15.6,2.5,2.0,0.0,0,1705,0,0
TXN001048,106.84,21,4,electronics,card_present,19.4,11.5,1.0,2.0,1,513,0,0
TXN001049,52.93,17,0,clothing,card_present,5.4,3.9,7.0,0.0,0,3647,0,0
TXN001050,16.5,9,1,online,online,8.3,0.1,0.0,1.0,0,408,0,0
TXN001051,81.4,11,3,clothing,online,24.7,14.7,4.0,1.0,1,3299,0,0
TXN001052,60.6,18,1,clothing,online,40.2,15.8,4.0,0.0,0,1993,0,0
TXN001053,46.12,20,0,online,contactless,9.6,21.2,7.0,1.0,0,3304,0,0
TXN001054,92.1,19,1,restaurant,online,15.2,21.5,5.0,1.0,0,2516,0,0
TXN001055,100.08,22,5,electronics,online,33.0,9.3,4.0,1.0,1,2162,0,0
TXN001056,182.47,10,0,restaurant,online,32.1,4.9,6.0,1.0,0,3037,0,0
TXN001057,27.99,7,1,online,card_present,36.0,15.4,5.0,2.0,0,3627,0,0
TXN001058,364.27,11,0,clothing,card_present,2.7,9.5,2.0,1.0,0,131,0,0
TXN001059,251.72,17,6,gas,contactless,22.7,4.6,2.0,0.0,0,2574,0,0
TXN001060,104.11,14,5,online,card_present,7.3,9.6,6.0,2.0,0,1306,0,0
TXN001061,30.23,12,4,clothing,online,23.4,1.6,5.0,2.0,1,2190,0,0
TXN001062,94.92,20,4,gas,contactless,2.5,8.4,1.0,0.0,0,858,0,0
TXN001063,39.52,20,6,restaurant,card_present,10.4,8.3,3.0,5.0,0,1141,0,0
TXN001064,154.09,14,1,online,card_present,5.5,0.2,3.0,1.0,1,2971,0,0
TXN001065,42.21,21,0,clothing,card_present,28.9,4.5,2.0,2.0,0,77,0,0
TXN001066,80.16,13,1,electronics,card_present,12.8,18.6,2.0,0.0,0,2007,0,0
TXN001067,22.25,6,6,gas,contactless,12.8,9.5,3.0,0.0,0,1722,0,0
TXN001068,48.74,10,6,online,contactless,10.1,2.4,1.0,2.0,0,3119,0,0
TXN001069,24.48,21,5,grocery,online,2.2,15.5,3.0,0.0,0,1033,0,0
TXN001070,34.35,16,3,electronics,card_present,0.4,3.7,3.0,0.0,1,1130,1,0
TXN001071,8.75,15,6,grocery,card_present,10.7,5.2,1.0,1.0,0,1262,0,0
TXN001072,121.65,9,3,gas,contactless,34.2,12.4,3.0,0.0,0,868,1,0
TXN001073,83.43,16,2,electronics,online,1.7,11.1,4.0,3.0,1,1477,0,0
TXN001074,46.98,11,4,restaurant,card_present,26.5,16.5,3.0,1.0,0,2697,0,0
TXN001075,39.34,10,5,restaurant,card_present,12.7,1.6,3.0,1.0,1,73,0,0
TXN001076,16.24,6,2,electronics,contactless,4.5,21.0,4.0,1.0,0,726,0,0
TXN001077,15.2,12,2,grocery,card_present,2.2,5.0,5.0,2.0,0,2529,1,0
TXN001078,98.61,19,6,online,online,1.4,2.4,4.0,0.0,0,143,0,0
TXN001079,1184.24,8,4,gas,card_present,5.7,0.1,2.0,2.0,0,2994,0,0
TXN001080,13.53,15,0,travel,card_present,0.6,17.2,2.0,0.0,0,539,0,0
TXN001081,52.65,9,3,clothing,online,2.8,15.8,2.0,0.0,0,639,0,0
TXN001082,30.28,12,3,electronics,contactless,18.8,7.1,2.0,1.0,0,3194,0,0
TXN001083,97.96,9,0,clothing,card_present,29.6,3.6,2.0,1.0,0,485,0,0
TXN001084,288.76,9,1,clothing,card_present,31.4,5.9,0.0,2.0,0,2942,0,0
TXN001085,9.56,16,3,clothing,card_present,4.3,10.0,3.0,2.0,0,379,0,0
TXN001086,32.26,11,5,grocery,contactless,29.9,2.0,4.0,1.0,1,104,0,0
TXN001087,12.1,13,3,travel,card_present,35.4,1.1,2.0,2.0,0,1053,0,0
TXN001088,43.95,19,0,electronics,online,32.3,1.5,1.0,0.0,1,683,0,0
TXN001089,23.49,19,6,gas,online,14.0,0.8,2.0,1.0,0,716,0,0
TXN001090,21.14,16,4,online,card_present,9.9,4.9,2.0,0.0,0,1383,0,0
TXN001091,44.29,19,2,gas,contactless,18.8,4.0,3.0,0.0,0,1394,0,0
TXN001092,13.74,11,4,electronics,card_present,46.0,12.0,7.0,0.0,1,1221,1,0
TXN001093,760.54,23,1,jewelry,online,236.0,341.1,7.0,4.0,2,6,0,1
TXN001094,2625.44,1,4,electronics,online,70.8,337.4,5.0,4.0,4,13,1,1
TXN001095,74.9,13,0,clothing,card_present,13.0,0.6,3.0,1.0,0,3180,0,0
TXN001096,37.85,19,1,clothing,card_present,30.4,12.8,2.0,1.0,0,777,0,0
TXN001097,55.64,6,4,electronics,card_present,30.1,6.9,1.0,1.0,0,3571,0,0
TXN001098,381.91,7,4,grocery,card_present,3.2,36.6,4.0,0.0,0,3524,1,0
TXN001099,413.07,11,4,grocery,card_present,1.8,11.1,2.0,0.0,0,2101,0,0
TXN001100,33.28,6,0,gas,contactless,1.5,4.7,1.0,1.0,1,1172,0,0
TXN001101,44.91,21,0,restaurant,contactless,8.9,0.7,3.0,1.0,0,1618,0,0
TXN001102,26.26,21,0,restaurant,card_present,11.6,0.1,2.0,2.0,1,876,0,0
TXN001103,161.35,22,3,electronics,online,13.0,3.9,1.0,1.0,0,246,0,0
TXN001104,22.25,21,4,online,contactless,26.5,27.8,6.0,1.0,0,3033,0,0
TXN001105,5.93,17,0,electronics,contactless,1.2,4.6,4.0,2.0,0,382,0,0
TXN001106,34.18,19,1,clothing,card_present,16.0,2.5,3.0,0.0,0,1614,1,0
TXN001107,33.12,9,0,clothing,contactless,3.2,15.4,2.0,0.0,0,3144,0,0
TXN001108,214.45,19,6,travel,online,19.5,8.2,5.0,1.0,0,1795,0,0
TXN001109,6.02,20,1,clothing,card_present,25.8,3.8,2.0,1.0,1,2992,0,0
TXN001110,117.48,10,5,travel,card_present,25.7,11.1,0.0,0.0,0,143,1,0
TXN001111,68.83,15,2,online,contactless,3.1,1.9,0.0,0.0,0,561,0,0
TXN001112,44.64,7,0,travel,card_present,5.5,21.8,2.0,1.0,1,3478,0,0
TXN001113,4.04,21,3,electronics,online,32.4,8.5,4.0,1.0,0,3615,0,0
TXN001114,80.91,21,2,grocery,online,7.0,0.0,3.0,0.0,0,3534,1,0
TXN001115,26.91,16,3,online,online,7.4,8.2,3.0,0.0,0,1278,0,0
TXN001116,45.19,11,5,travel,card_present,6.3,2.8,3.0,2.0,0,210,0,0
TXN001117,27.74,19,5,electronics,card_present,6.1,6.3,6.0,0.0,0,3476,1,0
TXN001118,382.09,0,1,electronics,online,103.4,199.6,7.0,5.0,3,28,1,1
TXN001119,57.03,17,4,online,online,27.6,12.8,1.0,1.0,0,2160,0,0
TXN001120,15.21,13,4,grocery,card_present,19.7,7.5,1.0,1.0,0,3339,0,0
TXN001121,911.1,6,0,restaurant,card_present,16.3,11.0,2.0,1.0,0,1262,0,0
TXN001122,57.0,15,5,online,card_present,8.3,1.4,0.0,1.0,0,756,0,0
TXN001123,17.33,21,1,travel,card_present,7.6,2.7,1.0,1.0,0,388,1,0
TXN001124,10.75,17,4,electronics,contactless,22.3,0.8,6.0,0.0,0,2506,0,0
TXN001125,44.69,8,5,restaurant,card_present,2.4,15.5,1.0,2.0,0,3277,0,0
TXN001126,45.72,18,5,restaurant,contactless,30.3,7.1,3.0,1.0,0,1395,0,0
TXN001127,32.37,12,0,gas,card_present,6.2,5.7,3.0,0.0,0,2988,0,0
TXN001128,15.33,11,2,travel,online,9.1,4.9,2.0,1.0,1,3165,0,0
TXN001129,127.83,10,6,clothing,card_present,13.6,5.7,1.0,0.0,1,1978,0,0
TXN001130,75.78,15,5,travel,card_present,3.7,10.7,4.0,1.0,0,166,0,0
TXN001131,8.1,18,6,travel,online,28.7,5.8,4.0,1.0,0,86,0,0
TXN001132,56.47,18,3,electronics,online,0.1,5.2,3.0,1.0,0,408,0,0
TXN001133,29.42,13,1,gas,card_present,2.1,5.2,3.0,1.0,0,281,0,0
TXN001134,99.79,7,5,gas,contactless,1.7,8.5,2.0,0.0,0,1091,0,0
TXN001135,59.0,12,0,online,online,9.3,7.2,2.0,0.0,0,3162,0,0
TXN001136,67.33,7,3,restaurant,contactless,29.6,9.1,3.0,0.0,1,1069,0,0
TXN001137,36.49,12,3,restaurant,card_present,19.5,9.5,5.0,1.0,0,2976,0,0
TXN001138,25.02,16,6,travel,card_present,24.5,0.8,2.0,1.0,0,1764,0,0
TXN001139,56.19,16,3,gas,online,8.6,1.6,4.0,2.0,0,3384,0,0
TXN001140,97.68,22,2,electronics,online,21.2,9.2,1.0,0.0,1,2861,1,0
TXN001141,55.08,16,2,gas,card_present,24.2,11.7,5.0,0.0,0,1150,0,0
TXN001142,55.81,17,2,electronics,contactless,19.2,25.9,4.0,1.0,0,1698,0,0
TXN001143,88.79,18,2,restaurant,contactless,4.1,11.1,4.0,2.0,0,1426,0,0
TXN001144,49.19,15,3,online,online,26.1,1.2,2.0,0.0,0,2881,0,0
TXN001145,99.86,17,4,gas,card_present,25.5,6.3,1.0,2.0,0,785,0,0
TXN001146,29.68,8,1,electronics,card_present,27.3,13.0,2.0,1.0,1,1679,0,0
TXN001147,1708.17,22,3,travel,online,196.8,208.2,5.0,6.0,2,7,1,1
TXN001148,156.07,18,2,clothing,card_present,10.3,10.3,4.0,2.0,0,2600,0,0
TXN001149,56.5,6,2,online,online,10.2,12.1,1.0,1.0,0,3247,1,0
TXN001150,270.06,15,1,clothing,card_present,6.5,6.9,5.0,0.0,0,3241,0,0
TXN001151,23.09,16,1,gas,card_present,31.2,3.6,4.0,0.0,0,2172,0,0
TXN001152,211.8,18,2,grocery,card_present,10.1,16.1,1.0,2.0,0,2148,0,0
TXN001153,30.3,10,2,travel,card_present,9.3,2.1,3.0,1.0,0,1379,0,0
TXN001154,11.48,11,6,restaurant,card_present,5.5,2.9,5.0,0.0,0,1368,0,0
TXN001155,340.86,12,1,restaurant,card_present,8.7,2.8,6.0,2.0,0,2763,0,0
TXN001156,176.52,7,1,grocery,card_present,8.4,5.2,2.0,1.0,1,3206,0,0
TXN001157,31.42,14,3,grocery,online,34.9,5.3,1.0,1.0,1,1815,0,0
TXN001158,29.13,15,3,online,card_present,6.4,3.2,4.0,1.0,0,3089,0,0
TXN001159,8.23,18,3,electronics,online,6.8,10.5,2.0,1.0,1,1872,1,0
TXN001160,12.64,13,6,gas,contactless,2.0,3.6,2.0,2.0,1,392,0,0
TXN001161,6.54,21,5,grocery,contactless,31.5,18.8,3.0,2.0,0,2507,0,0
TXN001162,36.93,19,5,grocery,card_present,2.5,9.1,1.0,3.0,0,2752,0,0
TXN001163,84.44,21,4,gas,contactless,15.3,1.1,2.0,2.0,1,2261,1,0
TXN001164,11.87,18,6,travel,card_present,4.1,16.2,4.0,0.0,0,1706,1,0
TXN001165,45.25,20,0,travel,card_present,17.5,2.0,3.0,0.0,0,962,1,0
TXN001166,55.92,13,5,grocery,online,4.4,29.3,2.0,0.0,0,230,0,0
TXN001167,19.89,19,6,travel,card_present,37.4,5.1,1.0,1.0,0,2299,0,0
TXN001168,81.26,21,3,restaurant,card_present,18.1,8.8,5.0,1.0,1,117,0,0
TXN001169,14.5,19,3,electronics,card_present,17.2,4.8,5.0,2.0,0,1210,0,0
TXN001170,30.75,14,5,gas,online,2.9,1.6,2.0,0.0,1,1959,0,0
TXN001171,37.65,19,2,restaurant,card_present,18.0,6.7,0.0,0.0,0,3498,0,0
TXN001172,54.04,19,4,online,online,1.2,6.4,2.0,2.0,0,2114,0,0
TXN001173,41.26,14,1,gas,card_present,27.7,9.5,5.0,0.0,0,1433,0,0
TXN001174,116.84,10,2,restaurant,online,22.5,13.1,2.0,1.0,1,2623,1,0
TXN001175,7.77,10,5,online,online,11.0,14.7,1.0,2.0,0,992,0,0
TXN001176,18.32,14,4,grocery,card_present,15.4,9.9,4.0,2.0,0,2250,0,0
TXN001177,1184.85,0,3,travel,online,149.0,14.1,6.0,3.0,1,32,1,1
TXN001178,45.88,20,4,electronics,card_present,11.1,0.1,2.0,2.0,0,2623,0,0
TXN001179,37.05,7,0,grocery,online,18.7,9.7,5.0,0.0,0,2237,0,0
TXN001180,45.13,10,0,online,contactless,20.4,22.5,4.0,0.0,0,2002,0,0
TXN001181,132.59,12,4,travel,online,22.9,9.4,7.0,0.0,1,2081,0,0
TXN001182,10.81,15,4,restaurant,card_present,10.3,5.7,3.0,1.0,1,1477,0,0
TXN001183,19.08,7,1,electronics,contactless,3.2,6.3,3.0,4.0,0,2763,0,0
TXN001184,101.7,16,4,gas,card_present,34.9,4.8,3.0,0.0,0,577,0,0
TXN001185,43.19,21,0,clothing,contactless,0.1,7.6,4.0,0.0,0,3623,0,0
TXN001186,13.3,14,0,grocery,contactless,7.2,8.7,2.0,0.0,0,1565,0,0
TXN001187,80.34,22,0,restaurant,online,10.2,11.7,1.0,0.0,0,3250,0,0
TXN001188,74.55,7,3,gas,card_present,9.0,5.0,2.0,2.0,0,2383,0,0
TXN001189,78.18,12,3,grocery,card_present,2.5,27.4,1.0,1.0,0,398,0,0
TXN001190,106.34,13,6,restaurant,online,13.2,0.1,5.0,2.0,0,3192,0,0
TXN001191,141.92,6,0,restaurant,card_present,14.8,11.8,2.0,0.0,0,1517,0,0
TXN001192,71.64,22,6,grocery,card_present,25.6,0.4,4.0,0.0,1,2938,0,0
TXN001193,22.32,13,6,restaurant,contactless,14.0,16.1,3.0,0.0,0,3325,0,0
TXN001194,66.38,18,2,electronics,online,17.9,23.4,3.0,0.0,0,3240,0,0
TXN001195,56.5,18,5,online,online,26.1,12.8,3.0,1.0,0,688,0,0
TXN001196,69.36,13,2,restaurant,card_present,14.4,12.5,4.0,0.0,0,3025,0,0
TXN001197,180.66,13,0,travel,online,19.4,1.3,6.0,0.0,0,1598,1,0
TXN001198,45.16,19,2,restaurant,card_present,29.9,10.0,6.0,1.0,0,601,0,0
TXN001199,109.89,9,6,travel,contactless,11.0,21.4,3.0,0.0,0,1559,0,0
TXN001200,14.89,7,4,clothing,contactless,21.9,11.0,3.0,2.0,0,1057,0,0
TXN001201,46.99,12,5,travel,contactless,7.4,9.6,4.0,0.0,0,89,0,0
TXN001202,90.12,14,4,restaurant,online,1.2,5.5,5.0,1.0,0,416,0,0
TXN001203,364.58,15,4,grocery,card_present,13.8,17.4,5.0,0.0,0,415,0,0
TXN001204,13.82,7,0,electronics,contactless,20.7,13.5,2.0,2.0,0,3512,0,0
TXN001205,28.19,20,2,restaurant,contactless,9.1,12.4,1.0,0.0,0,1731,0,0
TXN001206,71.08,9,1,clothing,card_present,1.9,4.0,3.0,0.0,0,3436,0,0
TXN001207,41.51,8,6,grocery,card_present,11.2,0.4,4.0,1.0,0,794,1,0
TXN001208,52.58,6,2,electronics,contactless,18.7,2.9,1.0,1.0,0,1122,0,0
TXN001209,53.25,14,3,restaurant,card_present,25.4,10.7,4.0,0.0,0,3174,0,0
TXN001210,18.38,7,5,clothing,online,10.6,22.4,2.0,1.0,1,395,0,0
TXN001211,18.23,18,0,online,card_present,7.4,1.1,5.0,0.0,0,2458,0,0
TXN001212,77.18,14,5,travel,card_present,31.4,5.6,3.0,3.0,0,1773,0,0
TXN001213,24.77,22,2,grocery,card_present,12.4,11.8,2.0,0.0,0,2091,1,0
TXN001214,162.55,15,2,gas,online,11.2,1.3,1.0,1.0,0,962,0,0
TXN001215,88.93,19,2,restaurant,card_present,2.9,3.4,2.0,0.0,1,2057,0,0
TXN001216,13.05,17,0,travel,card_present,23.3,2.5,3.0,1.0,1,920,0,0
TXN001217,132.11,9,6,restaurant,card_present,20.5,7.1,3.0,2.0,0,693,1,0
TXN001218,104.83,13,6,restaurant,card_present,16.2,13.0,5.0,1.0,0,3577,0,0
TXN001219,67.03,9,1,gas,online,5.5,0.7,2.0,0.0,1,2405,0,0
TXN001220,178.16,3,6,electronics,online,51.4,315.1,15.0,5.0,4,25,1,1
TXN001221,106.26,13,4,gas,online,21.4,1.0,4.0,0.0,0,884,0,0
TXN001222,56.04,10,0,clothing,online,33.5,7.4,0.0,1.0,0,3395,0,0
TXN001223,108.45,17,3,restaurant,card_present,2.8,2.6,2.0,0.0,0,2343,0,0
TXN001224,22.27,6,3,gas,contactless,42.9,5.2,4.0,1.0,0,1987,0,0
TXN001225,32.75,10,4,online,online,23.2,11.6,3.0,2.0,1,520,0,0
TXN001226,90.88,14,2,online,card_present,4.9,5.4,3.0,0.0,0,2945,0,0
TXN001227,38.15,9,1,clothing,online,7.0,16.4,3.0,2.0,0,1601,1,0
TXN001228,54.27,7,4,gas,card_present,44.0,18.8,3.0,1.0,0,3120,0,0
TXN001229,19.37,15,5,travel,card_present,11.3,11.6,1.0,0.0,0,1351,0,0
TXN001230,11.46,22,4,gas,online,6.9,10.7,3.0,0.0,0,3077,1,0
TXN001231,23.98,19,0,electronics,card_present,1.2,6.4,2.0,0.0,1,2256,1,0
TXN001232,816.72,0,6,travel,online,99.8,542.8,4.0,5.0,3,15,0,1
TXN001233,62.86,11,6,travel,contactless,15.1,6.9,5.0,1.0,1,1664,1,0
TXN001234,1475.89,1,3,online,online,77.7,367.8,9.0,1.0,3,23,1,1
TXN001235,46.53,14,6,online,card_present,5.6,0.7,2.0,0.0,0,1099,0,0
TXN001236,73.98,22,2,clothing,card_present,7.3,22.3,4.0,2.0,1,2647,0,0
TXN001237,51.63,20,0,electronics,card_present,27.1,0.4,4.0,3.0,1,3149,0,0
TXN001238,101.09,22,5,restaurant,card_present,22.4,16.8,1.0,2.0,0,1747,1,0
TXN001239,76.4,10,4,online,contactless,22.4,13.1,2.0,0.0,0,3365,1,0
TXN001240,128.05,7,1,travel,card_present,4.2,8.2,1.0,3.0,0,2102,0,0
TXN001241,23.08,8,4,online,online,1.8,5.5,4.0,1.0,1,822,0,0
TXN001242,2088.5,0,1,jewelry,online,138.1,76.8,10.0,5.0,2,54,1,1
TXN001243,322.3,21,1,travel,card_present,9.7,18.3,1.0,2.0,1,331,0,0
TXN001244,242.99,9,1,clothing,card_present,4.8,1.0,3.0,1.0,0,205,0,0
TXN001245,15.77,22,2,gas,card_present,17.9,6.6,4.0,0.0,0,762,0,0
TXN001246,8.17,17,6,clothing,card_present,7.1,2.8,2.0,1.0,1,335,0,0
TXN001247,22.28,16,0,grocery,card_present,2.1,24.6,4.0,2.0,0,3163,0,0
TXN001248,53.95,10,2,travel,card_present,16.6,0.1,6.0,1.0,0,2477,0,0
TXN001249,35.25,20,0,grocery,online,40.4,12.0,3.0,1.0,0,3421,1,0
TXN001250,39.63,11,4,clothing,contactless,19.7,15.1,6.0,3.0,1,169,0,0
TXN001251,23.01,20,5,grocery,online,22.0,1.7,1.0,1.0,0,465,0,0
TXN001252,9.69,15,2,travel,card_present,39.3,8.0,2.0,1.0,0,2686,0,0
TXN001253,39.7,7,5,clothing,online,20.7,16.7,2.0,5.0,0,3176,0,0
TXN001254,48.76,9,4,clothing,online,40.0,3.3,5.0,1.0,0,3256,0,0
TXN001255,47.48,12,0,grocery,card_present,5.2,6.1,2.0,2.0,0,2335,1,0
TXN001256,75.2,12,1,travel,card_present,27.3,8.9,2.0,1.0,0,3348,1,0
TXN001257,3984.83,4,5,electronics,card_present,445.1,385.9,6.0,4.0,4,1,1,1
TXN001258,28.92,20,6,online,card_present,23.9,12.4,1.0,0.0,0,3588,0,0
TXN001259,32.81,21,2,electronics,online,7.5,6.0,4.0,0.0,1,3094,0,0
TXN001260,82.9,11,6,grocery,online,2.1,4.7,3.0,0.0,0,3219,0,0
TXN001261,34.91,7,3,online,card_present,11.0,18.9,5.0,1.0,1,2434,0,0
TXN001262,50.35,15,1,restaurant,card_present,17.2,0.5,2.0,0.0,0,906,0,0
TXN001263,20.22,15,1,travel,online,10.2,0.3,3.0,0.0,0,2644,0,0
TXN001264,24.93,22,6,clothing,contactless,25.8,1.8,3.0,1.0,0,109,0,0
TXN001265,22.5,22,5,online,online,1.4,15.5,1.0,0.0,0,1389,0,0
TXN001266,129.09,10,5,gas,online,15.5,15.8,3.0,1.0,0,1753,0,0
TXN001267,361.14,15,5,clothing,online,8.8,10.7,0.0,0.0,0,227,1,0
TXN001268,76.01,17,6,clothing,contactless,21.8,8.0,4.0,2.0,0,306,0,0
TXN001269,42.53,22,4,restaurant,card_present,9.5,1.3,4.0,2.0,0,1027,0,0
TXN001270,37.97,17,3,electronics,online,6.4,4.6,2.0,2.0,0,472,1,0
TXN001271,43.09,17,1,gas,card_present,5.5,3.8,5.0,0.0,0,2320,0,0
TXN001272,52.86,13,0,restaurant,card_present,0.4,21.6,2.0,0.0,0,2093,1,0
TXN001273,5.94,19,5,gas,online,10.8,11.7,1.0,0.0,0,331,0,0
TXN001274,140.29,22,4,restaurant,card_present,13.3,1.7,4.0,0.0,0,2375,0,0
TXN001275,33.68,20,6,grocery,contactless,12.4,4.0,0.0,2.0,1,3213,0,0
TXN001276,25.54,12,4,restaurant,card_present,11.4,19.8,4.0,1.0,0,1086,1,0
TXN001277,159.23,10,0,online,online,5.1,11.1,5.0,1.0,0,3146,0,0
TXN001278,97.05,11,5,gas,card_present,34.2,18.3,2.0,0.0,0,2708,0,0
TXN001279,142.31,10,2,restaurant,contactless,7.2,23.0,2.0,1.0,0,456,1,0
TXN001280,307.04,17,3,gas,card_present,17.8,12.3,2.0,1.0,0,1019,0,0
TXN001281,14.02,20,5,online,card_present,4.3,7.4,2.0,0.0,1,3488,0,0
TXN001282,71.11,10,5,travel,online,12.6,18.5,5.0,2.0,1,3187,0,0
TXN001283,23.34,13,5,online,online,14.2,8.2,2.0,0.0,0,1504,0,0
TXN001284,65.34,11,4,restaurant,online,0.1,6.5,5.0,0.0,0,1962,1,0
TXN001285,44.44,17,3,travel,card_present,6.0,3.4,4.0,0.0,0,2662,0,0
TXN001286,11.2,10,4,restaurant,online,13.8,2.0,6.0,0.0,0,1574,1,0
TXN001287,87.4,17,3,grocery,online,19.9,21.0,2.0,0.0,1,141,0,0
TXN001288,114.53,22,0,online,card_present,20.0,7.6,2.0,1.0,0,2782,0,0
TXN001289,114.72,18,3,electronics,contactless,23.4,21.7,1.0,0.0,0,826,0,0
TXN001290,21.62,16,0,gas,online,12.8,6.8,0.0,2.0,0,946,0,0
TXN001291,19.0,13,4,gas,card_present,11.1,11.6,4.0,2.0,0,3191,0,0
TXN001292,49.83,6,5,electronics,card_present,5.1,9.5,1.0,0.0,0,1661,1,0
TXN001293,178.7,12,6,travel,online,10.9,5.7,6.0,1.0,0,672,0,0
TXN001294,28.86,14,4,electronics,card_present,41.5,7.6,6.0,1.0,0,2938,0,0
TXN001295,7.64,10,5,online,contactless,8.0,8.3,5.0,4.0,1,570,0,0
TXN001296,2.37,6,6,restaurant,contactless,5.2,8.7,2.0,2.0,0,2584,0,0
TXN001297,9.77,19,6,online,card_present,5.4,7.1,3.0,0.0,1,1295,0,0
TXN001298,48.91,10,5,online,online,0.6,13.9,3.0,0.0,0,375,0,0
TXN001299,20.07,6,0,electronics,online,8.9,11.1,1.0,1.0,0,1827,0,0
TXN001300,253.28,12,6,travel,online,0.2,11.0,0.0,0.0,0,423,0,0
TXN001301,17.63,22,0,travel,online,2.6,9.5,0.0,2.0,0,985,0,0
TXN001302,355.98,4,1,jewelry,online,225.7,597.4,7.0,4.0,4,55,1,1
TXN001303,162.53,16,3,online,online,2.8,3.0,3.0,2.0,0,2429,0,0
TXN001304,39.15,10,3,grocery,online,38.3,4.3,7.0,0.0,0,1070,0,0
TXN001305,25.65,20,6,online,online,2.5,7.3,4.0,0.0,0,798,0,0
TXN001306,57.92,11,3,electronics,card_present,11.1,0.3,3.0,3.0,0,2927,0,0
TXN001307,13.36,13,4,clothing,online,4.6,5.5,3.0,1.0,0,2004,0,0
TXN001308,38.83,12,0,clothing,contactless,23.8,6.4,6.0,0.0,0,3008,0,0
TXN001309,82.15,13,5,gas,contactless,2.8,2.9,2.0,2.0,1,976,0,0
TXN001310,15.52,8,5,electronics,online,7.8,3.9,4.0,0.0,0,457,1,0
TXN001311,20.12,19,0,electronics,card_present,19.9,24.0,7.0,2.0,0,3630,0,0
TXN001312,28.23,8,4,online,card_present,1.1,16.5,1.0,2.0,1,206,0,0
TXN001313,42.88,15,6,online,card_present,12.4,14.5,3.0,1.0,0,2039,0,0
TXN001314,176.53,15,4,grocery,card_present,12.1,2.4,5.0,0.0,0,3345,0,0
TXN001315,52.23,8,2,clothing,contactless,33.9,0.3,2.0,1.0,0,3043,0,0
TXN001316,1050.01,23,5,online,card_present,204.0,119.7,9.0,2.0,3,53,1,1
TXN001317,85.56,17,1,travel,card_present,3.2,6.6,6.0,0.0,0,797,1,0
TXN001318,23.64,14,6,gas,online,5.5,2.8,0.0,0.0,0,559,0,0
TXN001319,25.36,17,3,online,card_present,8.9,28.0,4.0,2.0,0,2255,0,0
TXN001320,29.76,13,6,travel,online,8.6,20.0,4.0,1.0,0,2323,0,0
TXN001321,53.18,16,5,restaurant,online,8.0,15.5,1.0,1.0,1,663,0,0
TXN001322,49.6,8,4,online,online,0.7,4.2,3.0,0.0,0,2869,0,0
TXN001323,7.19,6,0,travel,card_present,37.8,13.6,3.0,5.0,1,2276,0,0
TXN001324,73.61,11,1,travel,contactless,15.2,10.6,2.0,1.0,1,422,0,0
TXN001325,102.9,15,2,travel,contactless,8.0,15.8,3.0,2.0,0,382,0,0
TXN001326,39.45,9,2,online,card_present,0.8,5.9,2.0,2.0,0,1967,0,0
TXN001327,52.86,17,1,travel,online,0.9,17.6,2.0,1.0,0,658,0,0
TXN001328,10.86,19,3,grocery,online,13.6,5.6,3.0,1.0,0,1553,1,0
TXN001329,248.21,11,6,travel,online,5.2,0.8,3.0,1.0,1,3454,0,0
TXN001330,880.04,9,3,online,online,6.3,4.8,1.0,1.0,0,946,0,0
TXN001331,19.25,13,5,restaurant,card_present,1.3,0.5,2.0,1.0,0,3018,0,0
TXN001332,147.59,18,1,gas,card_present,32.4,1.7,2.0,0.0,0,1896,0,0
TXN001333,6.81,13,3,gas,card_present,0.9,10.3,3.0,3.0,1,3426,0,0
TXN001334,23.78,16,6,online,card_present,6.6,5.4,0.0,2.0,0,2437,0,0
TXN001335,21.14,21,3,online,card_present,8.2,7.6,3.0,1.0,0,1416,0,0
TXN001336,6.55,9,4,travel,online,24.9,30.3,3.0,0.0,0,534,0,0
TXN001337,62.74,12,5,clothing,online,13.5,8.2,1.0,2.0,0,2869,0,0
TXN001338,18.4,7,0,grocery,contactless,30.0,0.5,3.0,2.0,0,2485,0,0
TXN001339,61.38,14,3,gas,card_present,25.7,2.2,1.0,1.0,1,320,0,0
TXN001340,94.45,19,0,clothing,card_present,9.2,8.0,2.0,1.0,0,942,0,0
TXN001341,57.87,12,1,restaurant,card_present,16.8,11.4,3.0,1.0,0,3146,0,0
TXN001342,45.93,16,2,travel,card_present,4.2,7.1,3.0,0.0,1,3518,0,0
TXN001343,113.82,22,6,restaurant,online,9.3,18.0,2.0,0.0,0,93,1,0
TXN001344,39.83,6,4,electronics,card_present,33.3,6.5,0.0,2.0,0,2199,0,0
TXN001345,55.95,10,0,travel,card_present,14.4,8.7,4.0,0.0,0,170,0,0
TXN001346,7.13,20,2,gas,online,21.0,10.4,4.0,1.0,1,201,0,0
TXN001347,49.57,12,6,clothing,online,6.7,5.1,2.0,1.0,0,927,1,0
TXN001348,42.78,8,5,gas,contactless,0.2,7.7,2.0,0.0,0,1566,0,0
TXN001349,147.59,6,3,gas,card_present,20.1,4.6,1.0,0.0,0,1015,0,0
TXN001350,36.66,21,0,restaurant,online,17.3,15.7,5.0,1.0,0,933,0,0
TXN001351,41.15,18,6,travel,card_present,10.0,3.5,3.0,2.0,0,1630,0,0
TXN001352,31.66,11,4,travel,card_present,32.5,8.6,3.0,1.0,1,3635,0,0
TXN001353,157.93,15,6,clothing,contactless,0.3,5.6,2.0,0.0,0,2613,0,0
TXN001354,16.06,20,4,grocery,online,0.6,3.6,3.0,1.0,1,349,0,0
TXN001355,95.75,23,4,electronics,card_present,369.1,84.0,5.0,5.0,3,45,1,1
TXN001356,685.35,16,5,online,contactless,13.4,0.5,2.0,2.0,0,1144,1,0
TXN001357,85.93,9,2,grocery,online,9.7,4.8,4.0,2.0,1,3224,0,0
TXN001358,164.56,20,6,travel,card_present,19.9,4.8,2.0,2.0,0,608,1,0
TXN001359,151.95,10,6,gas,online,5.0,2.7,2.0,1.0,0,211,0,0
TXN001360,126.43,14,0,gas,card_present,13.0,9.6,6.0,2.0,1,3571,0,0
TXN001361,233.25,17,6,travel,contactless,1.3,16.1,5.0,3.0,0,3559,0,0
TXN001362,103.04,13,2,electronics,contactless,4.0,0.9,5.0,1.0,1,2503,1,0
TXN001363,26.48,21,6,electronics,contactless,22.8,0.5,2.0,1.0,0,3311,0,0
TXN001364,17.93,12,2,online,card_present,17.1,10.3,1.0,0.0,0,2579,0,0
TXN001365,141.74,6,6,online,contactless,3.0,2.2,2.0,1.0,1,1079,0,0
TXN001366,3848.1,5,5,online,online,295.9,128.6,11.0,7.0,5,51,1,1
TXN001367,30.63,11,2,online,card_present,16.1,1.3,8.0,1.0,0,1758,0,0
TXN001368,203.85,16,6,electronics,card_present,10.7,0.4,2.0,0.0,0,3113,1,0
TXN001369,442.48,18,3,electronics,card_present,26.6,7.7,2.0,3.0,1,2699,0,0
TXN001370,69.38,16,0,travel,card_present,10.9,10.0,3.0,0.0,0,1859,0,0
TXN001371,93.48,11,3,online,contactless,27.7,12.7,5.0,1.0,1,3293,0,0
TXN001372,14.63,9,3,grocery,card_present,7.6,1.5,1.0,0.0,0,2072,0,0
TXN001373,144.77,21,5,travel,card_present,12.9,2.4,4.0,2.0,0,1910,1,0
TXN001374,121.28,7,2,grocery,card_present,6.9,34.1,3.0,2.0,0,1791,0,0
TXN001375,15.64,9,2,online,contactless,8.7,23.4,2.0,0.0,0,509,1,0
TXN001376,32.34,11,4,restaurant,contactless,35.0,3.1,7.0,1.0,0,1344,0,0
TXN001377,9.87,7,3,grocery,online,19.8,4.4,4.0,0.0,0,1026,0,0
TXN001378,28.46,19,0,grocery,online,25.6,8.8,1.0,1.0,0,625,0,0
TXN001379,62.59,12,0,online,online,3.4,4.2,2.0,1.0,0,789,0,0
TXN001380,224.09,7,1,clothing,contactless,18.7,11.2,2.0,2.0,1,600,0,0
TXN001381,176.11,19,4,grocery,card_present,7.2,2.5,0.0,0.0,0,615,0,0
TXN001382,109.23,18,0,grocery,contactless,15.6,10.2,2.0,1.0,1,1225,0,0
TXN001383,80.84,20,0,restaurant,card_present,18.7,11.1,2.0,0.0,1,2773,0,0
TXN001384,38.95,9,6,grocery,online,21.3,15.4,4.0,3.0,0,2042,1,0
TXN001385,39.6,7,3,travel,card_present,4.2,10.6,2.0,0.0,0,1280,0,0
TXN001386,20.78,10,4,online,card_present,23.8,0.6,0.0,0.0,1,1061,0,0
TXN001387,29.42,8,1,gas,card_present,9.2,3.8,3.0,1.0,1,3434,0,0
TXN001388,198.29,19,2,travel,online,8.5,6.2,5.0,1.0,0,1408,1,0
TXN001389,29.14,12,1,electronics,contactless,31.5,2.7,0.0,2.0,0,2271,1,0
TXN001390,12.01,21,1,electronics,card_present,3.1,1.5,3.0,3.0,0,274,1,0
TXN001391,61.22,6,0,restaurant,card_present,8.8,2.3,1.0,2.0,0,108,0,0
TXN001392,101.68,9,6,grocery,card_present,17.9,5.3,4.0,2.0,1,2080,0,0
TXN001393,17.25,9,2,online,card_present,14.9,13.0,2.0,1.0,1,975,0,0
TXN001394,24.57,12,3,online,online,20.6,9.1,8.0,2.0,0,2029,0,0
TXN001395,40.03,15,4,electronics,contactless,9.0,4.6,6.0,1.0,0,2100,0,0
TXN001396,21.74,14,3,restaurant,card_present,16.3,10.5,3.0,1.0,0,3442,0,0
TXN001397,101.47,16,1,online,contactless,7.8,0.6,3.0,0.0,0,1584,1,0
TXN001398,36.85,14,3,electronics,card_present,15.2,9.1,0.0,0.0,0,803,0,0
TXN001399,201.56,7,2,online,card_present,32.5,14.0,2.0,3.0,0,3614,0,0
TXN001400,183.68,19,2,restaurant,online,19.2,8.9,1.0,3.0,0,2778,0,0
TXN001401,57.7,21,0,gas,card_present,5.8,4.5,0.0,0.0,0,2371,1,0
TXN001402,16.65,7,6,grocery,online,27.0,4.0,0.0,2.0,1,2784,0,0
TXN001403,32.18,19,0,grocery,card_present,4.8,3.7,2.0,2.0,0,974,1,0
TXN001404,25.02,11,6,gas,online,10.7,11.4,5.0,2.0,0,491,0,0
TXN001405,61.58,18,0,online,online,8.4,14.7,0.0,2.0,0,1461,0,0
TXN001406,28.39,16,1,travel,online,0.3,10.1,2.0,2.0,0,1580,0,0
TXN001407,34.36,12,2,online,card_present,9.3,1.1,3.0,2.0,0,3611,0,0
TXN001408,70.12,11,5,clothing,online,3.2,10.2,3.0,1.0,0,2660,0,0
TXN001409,114.64,15,3,clothing,online,11.9,29.9,1.0,1.0,1,3439,0,0
TXN001410,39.78,6,5,electronics,card_present,7.6,5.8,3.0,0.0,0,2027,0,0
TXN001411,329.2,18,0,restaurant,online,19.2,10.8,2.0,1.0,1,3278,0,0
TXN001412,9.45,20,3,electronics,card_present,6.5,4.4,4.0,2.0,0,876,0,0
TXN001413,99.8,6,0,travel,card_present,12.0,13.1,6.0,0.0,0,34,0,0
TXN001414,79.48,11,0,grocery,contactless,13.9,4.3,3.0,2.0,0,794,0,0
TXN001415,141.83,2,5,jewelry,online,376.8,362.7,7.0,4.0,4,50,1,1
TXN001416,14.44,16,6,electronics,contactless,17.4,9.7,1.0,0.0,0,3003,0,0
TXN001417,43.33,14,0,online,contactless,15.2,28.0,4.0,2.0,0,1656,1,0
TXN001418,143.29,15,4,restaurant,online,39.2,4.9,1.0,1.0,0,891,0,0
TXN001419,125.66,20,5,restaurant,card_present,18.8,12.4,3.0,1.0,0,3171,0,0
TXN001420,18.77,13,3,online,card_present,9.5,2.5,2.0,3.0,0,2552,0,0
TXN001421,34.81,14,6,restaurant,card_present,6.4,5.9,2.0,1.0,0,1304,0,0
TXN001422,45.82,22,3,clothing,online,2.7,5.2,4.0,0.0,1,1409,0,0
TXN001423,134.34,13,3,electronics,contactless,6.3,2.8,3.0,0.0,1,408,0,0
TXN001424,25.04,16,6,travel,card_present,4.8,14.6,3.0,0.0,0,1846,1,0
TXN001425,24.06,18,5,grocery,contactless,3.8,6.2,6.0,0.0,0,451,0,0
TXN001426,72.48,15,3,electronics,online,14.2,36.5,2.0,1.0,0,795,0,0
TXN001427,2.28,20,0,restaurant,online,9.8,14.8,5.0,3.0,0,2178,1,0
TXN001428,308.07,13,5,gas,card_present,21.2,10.4,6.0,0.0,0,2488,0,0
TXN001429,30.19,10,1,restaurant,card_present,11.9,5.2,1.0,0.0,0,1167,1,0
TXN001430,45.63,12,3,gas,contactless,18.9,3.2,4.0,0.0,0,3060,0,0
TXN001431,65.45,7,3,clothing,online,13.0,19.4,4.0,0.0,0,2851,1,0
TXN001432,82.99,11,0,clothing,online,3.2,3.9,3.0,1.0,0,2091,0,0
TXN001433,98.31,21,1,online,card_present,10.9,16.9,3.0,4.0,1,922,1,0
TXN001434,126.03,15,4,online,contactless,6.7,3.1,6.0,1.0,0,764,0,0
TXN001435,104.18,14,2,grocery,card_present,10.8,3.9,5.0,0.0,0,2263,0,0
TXN001436,50.71,8,1,gas,online,24.3,6.0,6.0,4.0,0,3214,1,0
TXN001437,13.29,13,0,grocery,online,35.1,3.4,5.0,0.0,0,2345,0,0
TXN001438,8.74,7,1,online,contactless,11.9,10.3,3.0,0.0,1,1499,0,0
TXN001439,18.32,12,5,restaurant,card_present,8.0,0.7,6.0,3.0,0,605,0,0
TXN001440,56.41,20,1,gas,card_present,6.8,25.4,6.0,4.0,1,566,0,0
TXN001441,54.18,13,3,travel,card_present,38.5,17.6,3.0,0.0,0,1653,1,0
TXN001442,26.42,9,5,gas,card_present,2.4,0.2,2.0,0.0,0,3162,1,0
TXN001443,67.43,19,6,travel,contactless,21.5,8.3,3.0,1.0,0,2322,1,0
TXN001444,24.33,21,3,grocery,card_present,32.8,10.2,1.0,1.0,0,1030,0,0
TXN001445,178.31,12,5,online,card_present,9.5,15.7,2.0,2.0,0,2801,0,0
TXN001446,205.57,6,2,clothing,card_present,12.8,26.0,4.0,0.0,1,342,0,0
TXN001447,10.99,6,4,grocery,card_present,18.8,9.8,1.0,2.0,0,241,0,0
TXN001448,22.72,10,2,clothing,online,10.1,12.6,2.0,0.0,0,1237,0,0
TXN001449,186.88,7,3,travel,card_present,21.2,20.2,4.0,1.0,0,683,0,0
TXN001450,52.03,22,3,electronics,card_present,28.3,12.4,3.0,0.0,0,1433,0,0
TXN001451,127.69,15,1,restaurant,online,20.8,1.0,7.0,2.0,0,3099,0,0
TXN001452,52.78,7,5,clothing,card_present,34.5,2.3,1.0,1.0,0,2227,0,0
TXN001453,13.39,21,1,electronics,online,15.1,2.2,4.0,0.0,0,2794,0,0
TXN001454,234.12,10,4,grocery,card_present,29.7,2.3,5.0,5.0,0,162,0,0
TXN001455,69.47,20,2,restaurant,card_present,27.2,12.8,3.0,1.0,0,2029,0,0
TXN001456,25.49,13,2,clothing,contactless,7.7,5.5,2.0,0.0,1,3600,0,0
TXN001457,62.3,21,2,grocery,contactless,17.9,0.7,2.0,2.0,0,1512,0,0
TXN001458,95.37,15,5,travel,card_present,11.8,32.0,3.0,2.0,0,1294,1,0
TXN001459,170.34,16,2,online,card_present,31.7,7.8,2.0,1.0,0,3547,0,0
TXN001460,137.86,12,6,online,card_present,0.8,5.9,4.0,1.0,1,1023,0,0
TXN001461,113.58,18,0,clothing,card_present,28.7,8.9,3.0,0.0,0,148,0,0
TXN001462,43.17,16,0,grocery,online,7.3,5.2,2.0,0.0,0,1995,0,0
TXN001463,18.2,19,4,clothing,online,36.8,2.3,3.0,1.0,1,2233,1,0
TXN001464,14.42,14,1,online,contactless,40.4,10.7,6.0,1.0,1,3553,0,0
TXN001465,270.72,17,0,online,contactless,12.3,25.3,4.0,1.0,0,187,1,0
TXN001466,32.04,8,1,grocery,card_present,2.1,6.2,6.0,0.0,0,3231,0,0
TXN001467,43.61,21,0,online,online,17.0,5.5,7.0,0.0,0,328,1,0
TXN001468,17.5,11,4,electronics,card_present,27.8,6.4,5.0,0.0,0,1273,0,0
TXN001469,21.62,16,6,gas,card_present,12.4,8.8,0.0,0.0,0,1922,1,0
TXN001470,47.36,21,2,grocery,card_present,5.2,3.5,0.0,0.0,0,954,0,0
TXN001471,28.57,9,6,clothing,card_present,4.5,6.2,3.0,2.0,0,1096,0,0
TXN001472,108.42,10,3,restaurant,online,29.0,16.0,4.0,1.0,0,1015,0,0
TXN001473,18.06,20,0,electronics,online,1.1,9.1,4.0,0.0,1,1734,0,0
TXN001474,384.65,22,5,jewelry,online,159.1,64.3,6.0,12.0,3,52,0,1
TXN001475,268.93,17,4,gas,card_present,10.3,2.5,3.0,0.0,0,272,0,0
TXN001476,820.84,12,5,online,card_present,3.8,22.4,4.0,0.0,1,2174,0,0
TXN001477,118.15,9,1,travel,online,42.0,7.7,1.0,1.0,0,1254,0,0
TXN001478,91.73,8,6,gas,card_present,0.9,5.6,4.0,1.0,0,2366,0,0
TXN001479,242.66,6,1,gas,card_present,24.1,15.9,2.0,1.0,0,2243,0,0
TXN001480,58.69,17,4,restaurant,contactless,2.3,10.9,5.0,1.0,0,405,1,0
TXN001481,12.18,19,5,restaurant,contactless,9.4,12.6,3.0,0.0,0,3065,0,0
TXN001482,60.17,20,3,electronics,card_present,10.8,3.1,3.0,1.0,0,2215,0,0
TXN001483,51.65,20,2,grocery,card_present,22.6,18.2,2.0,1.0,1,3128,0,0
TXN001484,246.94,11,2,travel,card_present,8.9,15.0,3.0,0.0,0,999,0,0
TXN001485,26.56,13,4,gas,contactless,1.8,10.0,3.0,0.0,1,1224,0,0
TXN001486,813.21,23,5,travel,online,331.1,503.7,11.0,9.0,2,56,1,1
TXN001487,34.57,14,1,travel,contactless,7.8,11.2,1.0,3.0,0,71,0,0
TXN001488,14.04,2,1,electronics,online,158.2,350.3,10.0,9.0,3,26,1,1
TXN001489,18.04,19,4,grocery,online,13.2,16.1,5.0,0.0,0,797,0,0
TXN001490,76.52,9,1,clothing,online,4.8,16.6,4.0,1.0,0,305,1,0
TXN001491,326.15,14,1,restaurant,online,47.3,12.9,3.0,1.0,0,260,0,0
TXN001492,51.92,14,3,electronics,contactless,12.5,22.5,7.0,2.0,0,1511,0,0
TXN001493,25.21,8,1,clothing,card_present,8.4,13.7,5.0,0.0,0,2391,0,0
TXN001494,12.7,13,4,online,contactless,18.3,5.4,4.0,1.0,0,1404,1,0
TXN001495,330.61,14,4,restaurant,card_present,2.0,6.3,8.0,0.0,0,367,0,0
TXN001496,38.24,6,4,clothing,online,12.4,11.4,2.0,4.0,1,598,0,0
TXN001497,10.73,21,3,grocery,contactless,27.2,2.2,5.0,0.0,0,2310,0,0
TXN001498,124.22,6,6,online,contactless,17.8,1.5,2.0,2.0,0,1739,1,0
TXN001499,18.63,19,6,restaurant,contactless,24.4,10.3,2.0,0.0,0,2651,0,0
TXN001500,30.33,15,4,travel,online,0.2,0.6,3.0,1.0,0,3210,1,0
TXN001501,164.24,20,2,electronics,online,22.9,3.3,4.0,0.0,0,2568,0,0
TXN001502,157.27,19,4,restaurant,contactless,13.8,4.0,1.0,2.0,0,3137,0,0
TXN001503,89.92,21,4,grocery,card_present,43.4,4.7,1.0,1.0,0,615,0,0
TXN001504,34.7,14,4,restaurant,contactless,3.0,1.9,2.0,2.0,0,3029,1,0
TXN001505,158.25,21,1,online,contactless,26.7,12.9,3.0,0.0,1,1422,0,0
TXN001506,15.62,17,2,electronics,online,5.3,2.8,1.0,1.0,0,2581,0,0
TXN001507,178.3,16,6,gas,contactless,5.4,2.2,6.0,1.0,0,1630,0,0
TXN001508,288.35,17,6,gas,card_present,17.9,2.1,1.0,1.0,0,782,0,0
TXN001509,9.96,17,6,restaurant,card_present,30.2,0.7,2.0,2.0,1,2713,1,0
TXN001510,370.2,10,6,grocery,card_present,1.0,5.7,4.0,1.0,0,608,1,0
TXN001511,62.54,21,0,grocery,online,29.4,9.9,4.0,0.0,0,2278,1,0
TXN001512,17.29,15,1,grocery,contactless,1.5,2.6,1.0,1.0,0,1584,0,0
TXN001513,68.34,22,2,travel,contactless,3.0,3.8,5.0,1.0,0,422,0,0
TXN001514,11.1,14,1,gas,card_present,22.4,6.7,4.0,1.0,0,960,0,0
TXN001515,127.21,21,2,online,card_present,12.3,6.4,2.0,0.0,0,227,0,0
TXN001516,692.13,2,6,electronics,online,326.4,181.5,5.0,3.0,4,43,0,1
TXN001517,53.56,13,4,grocery,card_present,21.7,5.8,2.0,1.0,0,50,0,0
TXN001518,72.73,7,6,restaurant,card_present,17.1,6.9,0.0,0.0,0,1482,0,0
TXN001519,206.16,19,0,grocery,online,12.7,9.3,3.0,1.0,0,2757,0,0
TXN001520,53.22,22,1,restaurant,contactless,0.2,5.7,2.0,1.0,0,1152,0,0
TXN001521,84.78,19,5,travel,contactless,2.6,2.4,2.0,0.0,0,2026,0,0
TXN001522,68.76,17,6,online,card_present,11.6,7.9,6.0,0.0,1,846,0,0
TXN001523,33.69,10,4,clothing,contactless,13.4,0.8,3.0,0.0,0,2142,0,0
TXN001524,177.58,15,6,clothing,online,6.4,0.1,4.0,0.0,1,357,1,0
TXN001525,106.2,16,0,travel,card_present,21.9,5.6,6.0,2.0,0,2055,1,0
TXN001526,38.73,11,5,restaurant,card_present,11.3,15.2,4.0,0.0,0,274,0,0
TXN001527,51.22,16,5,restaurant,card_present,35.9,8.6,3.0,1.0,0,1259,1,0
TXN001528,20.12,15,3,clothing,contactless,27.3,3.8,2.0,1.0,0,2322,0,0
TXN001529,232.58,22,2,online,card_present,380.5,107.5,9.0,8.0,5,34,0,1
TXN001530,86.68,22,6,restaurant,card_present,14.6,16.4,0.0,1.0,0,2410,0,0
TXN001531,40.84,9,6,travel,card_present,9.9,8.7,3.0,1.0,1,934,0,0
TXN001532,124.97,16,6,grocery,card_present,0.5,0.5,1.0,0.0,0,609,1,0
TXN001533,13.6,10,5,clothing,online,39.1,17.3,3.0,1.0,0,2137,0,0
TXN001534,68.98,16,0,travel,card_present,2.7,4.0,5.0,1.0,0,932,1,0
TXN001535,167.15,21,5,electronics,card_present,12.4,5.9,1.0,3.0,1,3284,1,0
TXN001536,255.51,7,2,online,online,19.4,0.2,0.0,2.0,0,1853,0,0
TXN001537,383.12,15,1,online,card_present,23.1,3.4,2.0,2.0,0,1749,0,0
TXN001538,122.38,15,0,gas,online,9.3,2.4,6.0,2.0,0,3199,1,0
TXN001539,75.0,19,3,electronics,card_present,19.0,14.2,6.0,0.0,1,2861,0,0
TXN001540,76.04,12,0,gas,card_present,23.3,6.8,5.0,1.0,1,1334,0,0
TXN001541,208.61,19,5,gas,contactless,10.1,22.5,2.0,0.0,0,793,0,0
TXN001542,155.79,14,5,travel,card_present,14.8,5.6,4.0,1.0,0,1015,0,0
TXN001543,21.8,10,0,gas,online,0.9,3.4,2.0,1.0,0,1143,0,0
TXN001544,392.42,14,3,gas,card_present,15.1,3.4,0.0,0.0,0,2011,0,0
TXN001545,108.9,15,3,gas,online,16.2,3.8,2.0,0.0,0,1335,0,0
TXN001546,78.29,18,2,restaurant,card_present,31.6,1.2,3.0,0.0,0,72,0,0
TXN001547,30.35,9,3,clothing,card_present,16.5,6.5,3.0,0.0,0,2518,0,0
TXN001548,13.38,15,0,gas,contactless,0.5,10.0,1.0,0.0,1,2099,1,0
TXN001549,319.95,6,2,online,contactless,6.4,13.0,2.0,1.0,0,3466,0,0
TXN001550,38.66,15,6,grocery,card_present,2.5,7.5,3.0,3.0,1,1335,0,0
TXN001551,158.98,10,6,restaurant,card_present,15.6,25.1,4.0,2.0,0,2763,0,0
TXN001552,17.98,17,4,clothing,online,1.1,8.8,6.0,3.0,0,2704,0,0
TXN001553,372.55,13,2,travel,online,15.2,2.6,1.0,0.0,0,2196,0,0
TXN001554,23.91,22,2,online,online,2.7,3.8,2.0,2.0,1,1112,0,0
TXN001555,202.47,17,3,clothing,online,23.8,8.7,3.0,1.0,0,1389,1,0
TXN001556,288.63,22,4,travel,online,0.9,14.8,3.0,2.0,0,1747,1,0
TXN001557,95.86,7,6,gas,online,8.4,8.5,1.0,2.0,0,2184,0,0
TXN001558,28.48,9,5,grocery,online,5.0,4.2,3.0,1.0,0,2619,0,0
TXN001559,50.71,12,2,travel,card_present,0.9,18.3,2.0,1.0,0,1433,1,0
TXN001560,57.38,7,5,electronics,contactless,18.8,6.3,4.0,0.0,0,2832,0,0
TXN001561,52.72,11,1,electronics,card_present,0.1,0.4,1.0,3.0,0,965,0,0
TXN001562,91.82,20,4,grocery,card_present,16.1,13.7,4.0,0.0,0,3367,1,0
TXN001563,90.43,12,4,gas,card_present,9.3,1.8,2.0,2.0,0,2226,1,0
TXN001564,29.97,22,6,clothing,card_present,0.6,0.5,2.0,0.0,0,2147,1,0
TXN001565,72.67,19,0,gas,contactless,10.1,3.3,4.0,0.0,1,3089,0,0
TXN001566,60.33,9,2,electronics,online,22.9,21.6,1.0,2.0,0,2124,0,0
TXN001567,43.83,15,3,electronics,contactless,8.2,1.4,4.0,1.0,0,1508,1,0
TXN001568,215.71,12,0,online,contactless,19.9,10.8,4.0,0.0,0,2875,0,0
TXN001569,243.29,23,5,travel,online,193.2,75.5,7.0,8.0,3,30,1,1
TXN001570,36.1,15,6,grocery,contactless,16.4,10.5,3.0,3.0,0,1583,0,0
TXN001571,204.65,7,4,electronics,contactless,4.9,3.1,6.0,1.0,0,2910,1,0
TXN001572,45.44,19,1,restaurant,online,19.6,6.0,4.0,2.0,1,3464,0,0
TXN001573,59.41,18,2,restaurant,card_present,8.7,9.9,3.0,2.0,0,491,0,0
TXN001574,32.96,18,6,restaurant,card_present,6.8,10.4,4.0,0.0,0,483,0,0
TXN001575,76.47,0,2,jewelry,card_present,448.2,317.3,4.0,4.0,1,57,1,1
TXN001576,110.29,11,0,gas,contactless,15.5,6.1,0.0,1.0,0,731,0,0
TXN001577,73.69,4,6,online,card_present,85.1,248.5,7.0,3.0,5,6,0,1
TXN001578,499.86,16,4,grocery,contactless,16.4,0.6,3.0,0.0,0,962,0,0
TXN001579,64.42,21,2,electronics,online,5.1,23.1,1.0,1.0,0,1637,1,0
TXN001580,15.74,15,6,gas,online,8.6,12.5,4.0,2.0,0,607,1,0
TXN001581,73.87,7,5,electronics,online,12.7,13.5,2.0,2.0,0,3017,0,0
TXN001582,30.04,20,6,electronics,card_present,20.3,12.5,5.0,0.0,0,2366,1,0
TXN001583,215.48,8,2,travel,card_present,2.1,4.1,1.0,1.0,0,2443,0,0
TXN001584,18.13,19,5,grocery,card_present,36.3,12.0,6.0,1.0,0,827,0,0
TXN001585,345.99,20,5,clothing,card_present,12.8,1.6,4.0,1.0,0,3604,0,0
TXN001586,11.91,6,4,gas,card_present,22.1,8.2,0.0,0.0,0,2670,0,0
TXN001587,18.09,7,3,grocery,card_present,4.0,14.7,3.0,0.0,0,1740,0,0
TXN001588,35.05,15,0,electronics,online,18.8,21.4,7.0,1.0,0,2442,0,0
TXN001589,20.25,15,2,clothing,contactless,7.3,0.5,0.0,1.0,0,3179,0,0
TXN001590,95.82,4,0,electronics,online,34.6,291.9,6.0,6.0,4,35,0,1
TXN001591,112.82,16,3,grocery,contactless,9.9,10.2,4.0,1.0,0,2309,0,0
TXN001592,56.26,16,3,restaurant,card_present,4.5,11.0,3.0,1.0,0,627,0,0
TXN001593,35.56,19,1,travel,contactless,11.3,7.7,4.0,0.0,0,860,0,0
TXN001594,242.04,15,4,gas,online,26.0,3.3,2.0,2.0,0,2954,0,0
TXN001595,75.31,16,0,restaurant,card_present,0.9,20.1,2.0,0.0,0,206,0,0
TXN001596,52.72,22,6,electronics,card_present,5.4,7.7,5.0,1.0,0,3632,0,0
TXN001597,95.46,15,2,travel,card_present,9.4,5.4,2.0,1.0,0,3381,0,0
TXN001598,59.08,11,2,gas,online,0.7,4.7,8.0,0.0,1,2980,0,0
TXN001599,69.65,9,2,grocery,contactless,14.7,7.0,6.0,2.0,0,2569,0,0
TXN001600,45.92,18,1,travel,card_present,43.0,15.8,2.0,2.0,1,951,0,0
TXN001601,89.39,9,2,gas,card_present,22.4,4.1,3.0,2.0,0,3094,0,0
TXN001602,171.75,11,3,travel,card_present,11.6,7.8,8.0,0.0,0,2764,0,0
TXN001603,27.12,21,3,online,online,12.0,1.2,3.0,2.0,0,783,0,0
TXN001604,22.44,14,6,grocery,card_present,39.9,13.3,6.0,2.0,0,3510,0,0
TXN001605,118.13,16,3,clothing,card_present,2.0,6.6,4.0,0.0,0,1947,0,0
TXN001606,60.2,7,3,travel,online,22.5,5.1,4.0,0.0,0,3408,0,0
TXN001607,50.99,16,5,travel,card_present,2.0,10.3,5.0,0.0,0,3410,0,0
TXN001608,66.15,11,6,travel,card_present,26.1,4.5,2.0,2.0,0,2959,0,0
TXN001609,44.32,21,1,travel,online,1.4,8.3,1.0,0.0,0,2763,0,0
TXN001610,23.01,11,5,clothing,online,18.0,8.2,6.0,0.0,0,2951,0,0
TXN001611,6.34,9,5,clothing,card_present,19.7,17.2,1.0,2.0,0,86,1,0
TXN001612,750.54,7,0,clothing,card_present,3.0,13.4,1.0,3.0,0,3249,1,0
TXN001613,280.64,20,0,online,contactless,14.5,12.6,2.0,0.0,0,592,0,0
TXN001614,81.37,14,2,electronics,card_present,13.7,12.0,5.0,2.0,0,2227,0,0
TXN001615,35.87,13,4,restaurant,contactless,14.6,5.6,5.0,1.0,0,2354,0,0
TXN001616,43.47,17,1,electronics,card_present,14.4,14.6,3.0,0.0,1,471,0,0
TXN001617,70.44,11,0,clothing,online,9.4,13.1,3.0,0.0,0,2861,1,0
TXN001618,26.85,13,5,online,contactless,7.8,5.3,3.0,0.0,1,849,0,0
TXN001619,37.19,22,0,travel,card_present,2.7,11.7,3.0,0.0,0,2616,1,0
TXN001620,39.49,20,0,grocery,card_present,29.5,1.2,2.0,3.0,0,731,0,0
TXN001621,1587.63,3,2,online,card_present,124.2,459.6,5.0,3.0,2,29,1,1
TXN001622,75.31,12,1,travel,card_present,2.1,13.8,3.0,1.0,0,2297,0,0
TXN001623,3.41,8,2,grocery,online,10.7,10.6,2.0,4.0,0,1042,0,0
TXN001624,30.51,12,6,restaurant,card_present,20.3,8.3,6.0,3.0,1,3298,1,0
TXN001625,236.43,8,6,restaurant,online,12.2,15.1,2.0,1.0,0,3029,1,0
TXN001626,31.73,18,6,clothing,card_present,2.4,19.7,5.0,0.0,0,967,0,0
TXN001627,14.57,8,6,restaurant,contactless,0.1,14.3,3.0,2.0,0,2530,0,0
TXN001628,44.95,11,6,grocery,card_present,3.0,11.1,1.0,0.0,1,3566,0,0
TXN001629,25.3,13,5,clothing,card_present,8.7,3.0,4.0,2.0,1,90,0,0
TXN001630,54.94,17,4,restaurant,card_present,0.9,3.3,3.0,0.0,0,1239,0,0
TXN001631,49.46,19,2,travel,contactless,23.6,2.2,2.0,0.0,0,2047,0,0
TXN001632,45.54,19,6,travel,card_present,16.7,2.5,2.0,4.0,0,2001,0,0
TXN001633,33.86,15,0,travel,card_present,15.5,12.1,0.0,2.0,0,295,0,0
TXN001634,13.17,20,0,gas,card_present,12.9,11.4,4.0,1.0,0,3438,1,0
TXN001635,8.44,8,2,gas,card_present,23.9,4.3,3.0,3.0,0,1956,0,0
TXN001636,39.41,14,0,gas,online,16.0,12.4,3.0,1.0,1,2728,0,0
TXN001637,10.03,12,5,online,card_present,23.7,12.1,4.0,0.0,0,989,0,0
TXN001638,38.44,13,6,electronics,online,2.5,18.9,3.0,0.0,0,2428,0,0
TXN001639,31.43,11,1,electronics,card_present,19.6,6.8,3.0,1.0,0,2879,1,0
TXN001640,116.75,18,4,electronics,card_present,12.2,5.8,3.0,0.0,0,1497,0,0
TXN001641,634.2,17,4,travel,card_present,28.8,7.9,4.0,0.0,0,2545,0,0
TXN001642,63.52,7,4,gas,card_present,13.5,0.9,4.0,2.0,0,392,0,0
TXN001643,30.09,13,3,electronics,contactless,23.1,1.4,3.0,1.0,0,1604,0,0
TXN001644,144.78,18,6,restaurant,online,5.3,0.1,3.0,1.0,1,1057,0,0
TXN001645,9.67,19,6,electronics,online,26.3,11.4,1.0,0.0,0,3089,0,0
TXN001646,11.55,11,5,clothing,card_present,26.1,0.2,3.0,1.0,0,599,0,0
TXN001647,353.92,12,4,electronics,card_present,25.7,0.2,4.0,0.0,0,501,0,0
TXN001648,20.05,17,5,clothing,online,9.5,8.6,5.0,0.0,0,1261,0,0
TXN001649,93.15,19,4,online,online,35.7,15.9,2.0,2.0,0,819,0,0
TXN001650,66.41,10,0,gas,online,16.9,1.2,2.0,2.0,0,3495,0,0
TXN001651,210.44,13,1,gas,online,31.8,9.6,4.0,0.0,1,2697,0,0
TXN001652,18.51,10,1,grocery,card_present,30.3,10.6,2.0,1.0,0,1925,0,0
TXN001653,25.37,7,6,electronics,online,1.6,6.0,1.0,3.0,1,915,0,0
TXN001654,32.02,11,5,online,card_present,10.9,11.1,3.0,1.0,0,777,0,0
TXN001655,15.81,18,1,grocery,card_present,5.9,13.2,1.0,1.0,1,1130,1,0
TXN001656,42.31,20,0,grocery,contactless,3.6,14.2,3.0,2.0,0,1946,0,0
TXN001657,51.57,7,4,electronics,card_present,14.8,13.4,3.0,3.0,0,589,0,0
TXN001658,21.16,19,2,online,contactless,25.2,11.9,2.0,2.0,0,2781,0,0
TXN001659,43.77,21,2,online,contactless,37.2,13.6,2.0,1.0,1,510,0,0
TXN001660,5.03,16,4,gas,online,29.4,6.0,8.0,2.0,0,1134,0,0
TXN001661,63.95,18,0,gas,online,19.4,1.1,4.0,2.0,0,1166,0,0
TXN001662,53.29,13,1,electronics,contactless,18.2,5.7,1.0,4.0,0,1925,0,0
TXN001663,87.69,10,4,electronics,card_present,21.1,8.8,3.0,0.0,1,3197,0,0
TXN001664,26.27,13,4,travel,card_present,28.2,7.5,5.0,1.0,0,1292,1,0
TXN001665,33.56,10,0,restaurant,card_present,0.5,9.8,5.0,1.0,0,428,1,0
TXN001666,248.5,8,0,online,contactless,5.5,17.8,4.0,0.0,1,2483,0,0
TXN001667,111.5,16,4,online,card_present,4.0,18.0,8.0,3.0,0,1120,0,0
TXN001668,57.95,14,4,restaurant,online,8.4,19.3,4.0,0.0,0,2927,0,0
TXN001669,201.04,23,1,jewelry,card_present,173.6,94.7,8.0,7.0,3,39,0,1
TXN001670,87.94,13,5,gas,card_present,6.4,30.3,5.0,1.0,0,3593,0,0
TXN001671,11.08,17,2,gas,contactless,12.0,18.1,3.0,0.0,0,2055,1,0
TXN001672,43.97,16,1,restaurant,card_present,26.5,5.7,3.0,1.0,0,2368,0,0
TXN001673,224.8,19,5,grocery,card_present,17.2,5.4,2.0,1.0,0,2289,0,0
TXN001674,730.83,0,2,travel,online,226.6,339.6,6.0,2.0,1,26,0,1
TXN001675,127.94,20,4,travel,card_present,28.5,0.9,2.0,3.0,0,1523,1,0
TXN001676,33.2,1,4,electronics,online,273.1,28.8,7.0,4.0,4,42,1,1
TXN001677,99.85,6,1,online,online,19.9,3.2,0.0,0.0,0,1706,0,0
TXN001678,33.2,10,6,online,card_present,15.8,3.5,1.0,1.0,0,3237,1,0
TXN001679,59.82,18,5,travel,contactless,5.5,9.0,3.0,0.0,1,3512,0,0
TXN001680,76.01,14,2,online,contactless,0.6,1.7,3.0,2.0,1,3197,0,0
TXN001681,29.88,18,2,grocery,online,60.1,10.3,4.0,0.0,0,1083,0,0
TXN001682,56.81,19,0,restaurant,card_present,31.6,11.3,0.0,1.0,0,2390,1,0
TXN001683,144.83,12,1,gas,contactless,10.6,18.4,0.0,0.0,1,1704,0,0
TXN001684,23.22,21,6,gas,online,21.4,8.1,5.0,4.0,1,2062,0,0
TXN001685,89.63,18,4,restaurant,card_present,16.9,4.3,5.0,0.0,0,2022,0,0
TXN001686,66.98,10,1,travel,card_present,9.6,3.7,6.0,0.0,0,2336,0,0
TXN001687,301.45,2,0,online,online,267.9,284.9,8.0,8.0,2,51,1,1
TXN001688,16.29,18,4,gas,card_present,1.4,5.1,3.0,1.0,0,3097,0,0
TXN001689,51.99,7,6,travel,card_present,15.5,14.9,2.0,2.0,0,450,0,0
TXN001690,111.63,14,6,grocery,online,1.9,2.1,4.0,3.0,0,2545,0,0
TXN001691,59.66,11,5,restaurant,card_present,15.5,15.2,3.0,1.0,0,1853,0,0
TXN001692,71.11,11,6,restaurant,card_present,43.7,0.2,2.0,2.0,0,2142,1,0
TXN001693,35.31,21,1,restaurant,card_present,9.0,6.4,3.0,3.0,0,1348,0,0
TXN001694,1195.1,2,0,jewelry,online,218.2,434.9,12.0,8.0,4,30,1,1
TXN001695,43.78,20,4,online,online,8.9,2.9,2.0,0.0,0,820,0,0
TXN001696,16.04,6,6,grocery,online,30.6,8.3,3.0,2.0,1,1440,0,0
TXN001697,103.97,9,5,travel,online,33.4,5.3,6.0,1.0,0,2781,0,0
TXN001698,49.39,15,4,gas,online,4.2,8.0,6.0,1.0,0,1712,0,0
TXN001699,31.97,9,2,restaurant,card_present,19.8,0.8,2.0,2.0,0,2114,0,0
TXN001700,7.62,13,2,grocery,card_present,18.7,2.2,2.0,1.0,0,175,0,0
TXN001701,60.49,10,2,gas,card_present,5.7,0.1,2.0,1.0,0,895,1,0
TXN001702,220.69,17,2,gas,card_present,13.6,10.3,5.0,1.0,0,3269,0,0
TXN001703,153.07,7,6,electronics,contactless,21.3,1.3,2.0,2.0,1,1759,0,0
TXN001704,34.75,9,1,travel,contactless,17.9,7.6,2.0,4.0,1,1950,0,0
TXN001705,48.88,8,3,clothing,contactless,9.1,13.8,1.0,0.0,0,1509,0,0
TXN001706,23.3,17,1,restaurant,card_present,21.9,8.5,7.0,0.0,0,1840,0,0
TXN001707,204.04,6,4,electronics,contactless,26.9,5.4,2.0,3.0,0,2234,1,0
TXN001708,216.07,16,2,restaurant,online,23.1,25.7,2.0,1.0,0,3448,1,0
TXN001709,12.06,12,5,clothing,online,8.7,0.2,4.0,0.0,1,1302,0,0
TXN001710,84.82,14,2,gas,card_present,32.0,0.1,2.0,0.0,0,1044,0,0
TXN001711,83.29,19,1,electronics,contactless,21.6,17.7,5.0,0.0,0,1650,0,0
TXN001712,179.18,21,0,gas,card_present,5.6,10.9,1.0,0.0,0,980,1,0
TXN001713,51.52,18,2,grocery,card_present,12.5,8.7,2.0,0.0,0,1038,0,0
TXN001714,52.17,12,2,clothing,card_present,21.3,7.1,6.0,3.0,0,2872,0,0
TXN001715,73.38,7,3,gas,contactless,2.0,8.1,2.0,0.0,1,1878,0,0
TXN001716,36.53,15,2,travel,card_present,31.8,7.8,1.0,2.0,1,404,0,0
TXN001717,130.21,9,2,online,card_present,10.3,9.7,4.0,0.0,0,1989,0,0
TXN001718,31.48,19,4,travel,card_present,5.3,3.0,3.0,2.0,1,1573,0,0
TXN001719,128.97,18,4,travel,card_present,3.8,6.5,1.0,2.0,0,1278,0,0
TXN001720,66.84,7,2,restaurant,card_present,0.1,7.7,4.0,1.0,1,937,0,0
TXN001721,155.11,16,6,online,online,20.5,16.9,1.0,1.0,0,302,0,0
TXN001722,15.3,6,2,clothing,card_present,10.0,11.3,1.0,1.0,0,3199,1,0
TXN001723,146.04,18,0,restaurant,online,16.0,14.5,4.0,0.0,0,412,1,0
TXN001724,3109.84,5,5,electronics,online,208.3,360.5,4.0,2.0,2,24,1,1
TXN001725,169.96,18,4,travel,online,12.6,10.4,2.0,1.0,1,876,0,0
TXN001726,18.43,20,4,restaurant,card_present,9.3,8.5,5.0,1.0,0,2187,0,0
TXN001727,109.46,15,1,online,contactless,10.8,1.3,4.0,1.0,1,1799,0,0
TXN001728,69.42,22,6,clothing,card_present,14.9,4.1,7.0,2.0,0,2456,1,0
TXN001729,555.6,14,3,restaurant,online,4.5,1.1,1.0,2.0,0,3046,0,0
TXN001730,1758.21,0,2,jewelry,online,128.7,277.8,9.0,3.0,4,29,1,1
TXN001731,89.06,6,3,gas,online,32.4,3.0,3.0,1.0,0,2633,1,0
TXN001732,89.21,7,4,travel,online,16.6,12.7,4.0,1.0,0,2615,0,0
TXN001733,116.46,16,2,electronics,card_present,18.3,4.8,2.0,3.0,1,3148,0,0
TXN001734,73.23,13,3,clothing,card_present,17.4,4.2,3.0,0.0,0,774,1,0
TXN001735,125.81,6,4,electronics,card_present,16.9,13.3,4.0,0.0,0,2297,0,0
TXN001736,64.11,8,3,travel,online,27.1,36.7,3.0,0.0,0,1743,0,0
TXN001737,314.91,12,1,restaurant,card_present,17.2,10.2,3.0,3.0,0,259,1,0
TXN001738,75.65,20,5,travel,online,8.1,1.6,6.0,1.0,0,2571,1,0
TXN001739,59.05,14,1,gas,contactless,31.0,15.3,5.0,1.0,0,2848,0,0
TXN001740,35.55,18,0,clothing,card_present,26.0,10.8,1.0,3.0,0,3581,1,0
TXN001741,2.14,6,4,travel,card_present,18.1,6.6,1.0,0.0,0,70,0,0
TXN001742,410.39,4,5,jewelry,online,50.9,261.8,9.0,4.0,3,11,0,1
TXN001743,55.17,8,0,gas,card_present,33.4,12.5,3.0,2.0,1,588,0,0
TXN001744,20.12,22,2,electronics,card_present,26.3,11.3,5.0,0.0,0,3501,0,0
TXN001745,9.31,6,4,restaurant,card_present,33.4,3.8,6.0,4.0,0,462,0,0
TXN001746,5.12,15,6,grocery,card_present,3.0,15.6,1.0,2.0,0,127,0,0
TXN001747,113.45,20,0,electronics,online,52.4,8.6,1.0,2.0,0,403,0,0
TXN001748,49.64,9,3,grocery,online,2.1,29.5,5.0,2.0,0,1976,1,0
TXN001749,69.54,8,3,gas,card_present,2.8,10.1,4.0,0.0,0,2313,0,0
TXN001750,102.49,14,4,electronics,online,30.6,1.2,1.0,0.0,0,2782,0,0
TXN001751,244.9,14,4,gas,online,37.9,3.7,2.0,1.0,1,3498,0,0
TXN001752,91.25,9,5,gas,online,3.5,3.5,0.0,1.0,0,2334,0,0
TXN001753,70.53,16,4,electronics,contactless,14.3,3.2,1.0,1.0,0,1062,0,0
TXN001754,188.07,15,4,clothing,contactless,8.7,12.7,6.0,3.0,0,2843,1,0
TXN001755,95.86,11,1,travel,contactless,15.4,2.5,1.0,0.0,1,1312,0,0
TXN001756,90.38,7,3,online,card_present,22.2,15.2,2.0,0.0,0,3587,0,0
TXN001757,56.11,18,1,gas,card_present,24.4,6.6,3.0,0.0,0,1747,0,0
TXN001758,79.62,21,5,gas,card_present,13.0,0.9,2.0,1.0,1,2845,0,0
TXN001759,236.7,7,5,clothing,contactless,22.2,4.9,2.0,2.0,0,1407,1,0
TXN001760,215.83,14,3,restaurant,contactless,21.4,23.1,2.0,1.0,0,1719,0,0
TXN001761,72.06,6,0,clothing,contactless,30.7,6.3,6.0,1.0,0,1735,0,0
TXN001762,5.05,18,5,travel,contactless,24.3,1.6,6.0,0.0,1,758,1,0
TXN001763,7.69,11,6,restaurant,card_present,5.5,8.5,2.0,0.0,0,2213,0,0
TXN001764,360.84,17,2,clothing,online,27.1,17.5,4.0,0.0,0,3422,0,0
TXN001765,22.91,7,6,grocery,card_present,14.4,12.0,4.0,0.0,0,2992,0,0
TXN001766,143.36,16,4,electronics,online,1.7,1.0,3.0,2.0,0,2600,1,0
TXN001767,35.35,1,2,online,online,417.5,498.7,6.0,5.0,4,54,0,1
TXN001768,5.06,15,4,electronics,online,15.5,9.4,3.0,0.0,0,689,0,0
TXN001769,15.18,19,2,clothing,card_present,8.2,15.3,5.0,1.0,0,1573,0,0
TXN001770,79.95,7,6,online,online,16.1,8.5,4.0,1.0,0,2873,0,0
TXN001771,24.14,11,6,clothing,card_present,2.5,0.3,2.0,0.0,0,2792,0,0
TXN001772,19420.39,1,0,electronics,card_present,292.1,456.9,10.0,7.0,5,30,1,1
TXN001773,107.68,21,3,online,contactless,24.1,10.3,3.0,0.0,0,142,0,0
TXN001774,81.79,13,1,travel,online,12.2,5.9,5.0,1.0,0,2786,0,0
TXN001775,16.41,12,2,grocery,contactless,10.7,5.5,2.0,0.0,1,753,0,0
TXN001776,14.58,9,2,restaurant,online,13.0,23.0,6.0,0.0,0,891,0,0
TXN001777,288.72,22,6,restaurant,card_present,8.3,17.3,3.0,0.0,0,1803,1,0
TXN001778,149.35,19,0,gas,online,8.6,20.9,3.0,0.0,0,1792,0,0
TXN001779,87.81,20,4,online,online,14.5,5.0,2.0,0.0,0,1833,0,0
TXN001780,50.49,8,2,grocery,card_present,9.4,9.3,4.0,0.0,0,1149,0,0
TXN001781,19.17,22,3,gas,card_present,12.2,5.1,4.0,0.0,0,3431,0,0
TXN001782,110.02,21,3,gas,card_present,21.1,11.1,4.0,1.0,0,2967,0,0
TXN001783,113.18,11,0,travel,online,24.5,7.7,5.0,1.0,0,1823,0,0
TXN001784,55.07,18,0,restaurant,online,12.9,13.7,3.0,1.0,0,1718,0,0
TXN001785,71.06,12,5,online,online,5.5,20.3,4.0,0.0,0,99,0,0
TXN001786,70.03,15,3,clothing,contactless,10.2,7.8,3.0,3.0,0,980,0,0
TXN001787,15.92,12,5,electronics,online,1.4,11.8,4.0,1.0,1,2057,0,0
TXN001788,52.49,9,3,gas,card_present,22.5,8.4,7.0,2.0,1,260,0,0
TXN001789,19.03,21,1,travel,online,11.9,9.0,3.0,2.0,0,3181,0,0
TXN001790,83.31,5,6,electronics,online,160.0,312.8,3.0,5.0,4,57,0,1
TXN001791,115.55,16,1,travel,card_present,21.4,13.2,3.0,1.0,0,1784,0,0
TXN001792,17.27,11,5,restaurant,contactless,31.4,16.9,2.0,1.0,0,693,0,0
TXN001793,90.81,12,0,online,online,12.8,7.6,0.0,1.0,0,3333,0,0
TXN001794,691.86,11,4,restaurant,online,15.2,25.0,2.0,1.0,0,1990,0,0
TXN001795,25.16,21,0,clothing,card_present,3.8,1.9,5.0,1.0,0,2429,0,0
TXN001796,425.38,14,1,restaurant,card_present,21.0,20.5,3.0,1.0,0,3291,0,0
TXN001797,17.64,19,5,clothing,card_present,5.5,16.2,5.0,1.0,0,368,0,0
TXN001798,38.69,16,6,electronics,contactless,23.8,7.0,3.0,2.0,0,2153,1,0
TXN001799,19.61,7,6,gas,online,19.8,2.7,2.0,3.0,1,135,0,0
TXN001800,29.82,22,4,travel,card_present,10.3,1.2,6.0,2.0,0,1960,0,0
TXN001801,14.7,9,4,grocery,online,10.8,19.6,3.0,3.0,1,1664,1,0
TXN001802,33.76,20,2,clothing,contactless,16.0,24.0,1.0,2.0,0,1643,1,0
TXN001803,39.75,10,2,electronics,card_present,14.1,8.3,7.0,0.0,0,2412,0,0
TXN001804,274.87,9,5,travel,card_present,21.8,5.5,2.0,2.0,0,550,0,0
TXN001805,101.0,10,2,electronics,online,18.5,15.9,4.0,2.0,0,291,0,0
TXN001806,292.11,18,6,restaurant,card_present,10.9,8.3,3.0,0.0,0,691,0,0
TXN001807,141.36,18,5,clothing,card_present,35.8,3.6,4.0,2.0,0,2361,1,0
TXN001808,302.06,20,2,gas,card_present,3.3,13.9,1.0,1.0,0,2810,0,0
TXN001809,11.8,8,4,clothing,card_present,3.7,14.1,4.0,1.0,0,3294,1,0
TXN001810,34.48,7,5,clothing,online,42.5,1.5,4.0,0.0,0,1237,0,0
TXN001811,114.39,13,1,grocery,contactless,15.0,20.5,3.0,0.0,0,1031,1,0
TXN001812,39.74,21,2,gas,card_present,12.1,22.9,2.0,1.0,0,2817,1,0
TXN001813,180.06,16,3,clothing,card_present,6.6,4.5,4.0,2.0,0,3432,0,0
TXN001814,195.33,10,5,grocery,card_present,5.9,14.0,2.0,1.0,0,1876,0,0
TXN001815,84.94,15,1,restaurant,card_present,1.8,25.7,1.0,0.0,0,2672,0,0
TXN001816,11.35,12,0,clothing,card_present,12.9,3.4,1.0,0.0,0,1663,0,0
TXN001817,106.16,9,3,electronics,contactless,22.4,0.6,4.0,3.0,0,219,1,0
TXN001818,39.05,21,0,travel,contactless,8.3,6.1,5.0,2.0,0,524,0,0
TXN001819,604.84,22,0,travel,online,271.8,178.9,4.0,3.0,4,31,1,1
TXN001820,67.54,7,2,online,card_present,19.8,7.3,4.0,1.0,1,2087,0,0
TXN001821,46.9,22,2,electronics,online,27.0,1.0,6.0,1.0,0,2541,1,0
TXN001822,194.02,16,5,online,online,6.6,7.4,4.0,1.0,0,3572,0,0
TXN001823,38.87,17,1,online,card_present,26.2,10.0,4.0,0.0,0,58,0,0
TXN001824,62.66,16,4,grocery,contactless,20.5,1.0,4.0,0.0,0,2100,0,0
TXN001825,51.48,15,3,gas,card_present,13.0,2.2,3.0,0.0,0,3496,0,0
TXN001826,99.43,17,2,clothing,card_present,9.3,10.4,4.0,0.0,0,3467,0,0
TXN001827,15.07,13,4,electronics,online,9.0,0.4,1.0,1.0,0,680,0,0
TXN001828,7.28,22,3,gas,card_present,8.4,5.1,1.0,2.0,0,3269,0,0
TXN001829,333.87,23,3,jewelry,online,168.6,229.9,11.0,5.0,4,24,1,1
TXN001830,64.98,1,3,electronics,online,31.2,490.7,7.0,3.0,1,8,1,1
TXN001831,181.37,22,1,clothing,card_present,9.0,23.1,4.0,0.0,0,388,0,0
TXN001832,90.26,9,0,travel,card_present,8.0,2.4,3.0,2.0,0,1685,1,0
TXN001833,80.61,15,3,gas,online,23.0,14.4,5.0,1.0,0,2058,0,0
TXN001834,80.96,10,0,clothing,card_present,3.9,4.6,1.0,3.0,1,2911,1,0
TXN001835,11.22,21,5,gas,contactless,0.0,14.4,3.0,0.0,0,1108,0,0
TXN001836,24.64,19,1,travel,online,13.3,20.6,2.0,0.0,0,1159,1,0
TXN001837,4.25,18,4,online,card_present,7.1,1.4,2.0,2.0,1,351,0,0
TXN001838,8.28,13,4,clothing,online,0.6,19.3,1.0,2.0,0,3334,0,0
TXN001839,65.68,10,6,travel,contactless,6.9,3.7,1.0,1.0,0,3031,1,0
TXN001840,59.32,17,1,restaurant,contactless,11.0,3.2,4.0,1.0,0,577,0,0
TXN001841,170.4,8,2,gas,contactless,8.1,10.6,5.0,1.0,0,3332,0,0
TXN001842,61.25,15,4,clothing,online,13.2,14.3,6.0,0.0,1,621,0,0
TXN001843,66.85,10,0,travel,online,24.1,5.4,3.0,0.0,0,515,0,0
TXN001844,675.81,1,5,travel,online,20.1,323.8,11.0,6.0,4,15,1,1
TXN001845,1755.63,2,1,electronics,online,8.4,321.7,7.0,6.0,1,13,1,1
TXN001846,77.3,19,6,restaurant,card_present,13.3,28.2,1.0,2.0,0,599,0,0
TXN001847,245.04,23,3,travel,online,418.6,23.2,17.0,4.0,1,49,1,1
TXN001848,313.36,9,6,restaurant,online,18.4,3.3,3.0,0.0,1,3576,0,0
TXN001849,267.37,11,5,gas,online,2.0,6.7,4.0,0.0,0,3576,0,0
TXN001850,10.26,11,2,electronics,contactless,8.8,11.6,3.0,2.0,0,356,1,0
TXN001851,25.34,6,2,travel,contactless,15.5,20.8,6.0,0.0,0,2466,0,0
TXN001852,51.09,20,6,clothing,card_present,29.7,12.3,0.0,1.0,0,839,0,0
TXN001853,99.7,10,1,grocery,card_present,13.4,15.2,3.0,1.0,1,3512,0,0
TXN001854,21.65,20,0,restaurant,card_present,28.3,8.8,2.0,3.0,0,983,0,0
TXN001855,45.79,18,6,grocery,online,32.6,12.7,3.0,1.0,0,2094,1,0
TXN001856,8.57,13,0,gas,card_present,6.8,9.3,6.0,1.0,0,1329,0,0
TXN001857,245.93,13,3,restaurant,contactless,10.6,19.0,4.0,1.0,0,3434,0,0
TXN001858,67.38,17,2,restaurant,card_present,22.3,2.3,3.0,0.0,0,2181,0,0
TXN001859,90.27,18,4,online,card_present,7.8,4.0,3.0,3.0,0,3111,1,0
TXN001860,152.19,20,1,restaurant,card_present,3.0,6.6,5.0,3.0,1,3096,0,0
TXN001861,174.66,8,2,grocery,online,17.1,12.4,6.0,0.0,0,1538,1,0
TXN001862,232.41,12,0,electronics,online,9.7,10.4,4.0,0.0,0,1653,0,0
TXN001863,8.8,10,5,restaurant,online,22.3,3.7,2.0,3.0,0,3220,0,0
TXN001864,54.45,22,0,online,contactless,7.4,8.0,3.0,1.0,1,2063,0,0
TXN001865,18.76,6,1,gas,online,2.6,4.7,3.0,3.0,0,2020,1,0
TXN001866,41.97,14,3,travel,card_present,16.9,4.5,3.0,0.0,0,2747,0,0
TXN001867,28.55,17,6,travel,card_present,0.7,2.6,3.0,1.0,0,2065,0,0
TXN001868,24.3,22,1,restaurant,card_present,2.4,7.2,2.0,2.0,0,2954,0,0
TXN001869,94.87,17,1,restaurant,contactless,5.1,11.8,5.0,0.0,0,267,1,0
TXN001870,24.18,13,2,gas,card_present,37.4,9.7,4.0,1.0,1,2691,0,0
TXN001871,22.65,19,1,travel,contactless,1.9,4.3,2.0,2.0,0,2549,0,0
TXN001872,238.1,10,2,gas,card_present,11.6,5.4,3.0,2.0,1,984,0,0
TXN001873,48.73,22,6,online,online,21.2,3.1,5.0,1.0,1,1095,1,0
TXN001874,41.4,20,4,travel,card_present,4.1,4.3,4.0,0.0,1,3599,1,0
TXN001875,24.28,13,2,gas,contactless,11.3,6.7,6.0,2.0,0,1678,0,0
TXN001876,35.48,15,1,electronics,card_present,32.7,1.0,1.0,2.0,1,989,1,0
TXN001877,87.16,19,2,grocery,contactless,12.2,10.3,1.0,1.0,0,3624,0,0
TXN001878,15.28,11,5,restaurant,contactless,10.2,1.2,3.0,0.0,0,986,0,0
TXN001879,100.21,8,5,online,contactless,2.3,8.9,4.0,0.0,0,304,0,0
TXN001880,11.13,7,3,online,contactless,16.9,19.9,4.0,0.0,0,1465,0,0
TXN001881,14.54,18,6,electronics,online,6.3,1.9,3.0,1.0,0,313,0,0
TXN001882,149.4,15,4,clothing,card_present,9.4,6.1,1.0,1.0,0,3149,0,0
TXN001883,11.34,19,5,electronics,card_present,18.3,2.0,1.0,2.0,1,164,0,0
TXN001884,71.99,22,3,travel,card_present,9.3,9.9,3.0,1.0,0,578,0,0
TXN001885,12.53,22,5,grocery,contactless,9.9,6.2,0.0,0.0,1,656,0,0
TXN001886,75.95,6,6,grocery,contactless,2.1,15.0,2.0,0.0,0,2923,0,0
TXN001887,86.3,19,4,travel,online,10.8,5.5,1.0,0.0,0,1240,0,0
TXN001888,18.13,13,1,gas,card_present,12.0,20.9,4.0,1.0,0,2377,1,0
TXN001889,253.7,0,2,electronics,card_present,224.3,61.8,7.0,6.0,3,19,1,1
TXN001890,19.61,17,1,gas,contactless,13.1,8.7,1.0,0.0,0,2229,1,0
TXN001891,37.07,21,2,restaurant,card_present,30.2,8.5,4.0,2.0,1,2780,1,0
TXN001892,27.98,8,0,restaurant,contactless,16.6,1.6,2.0,3.0,1,2724,1,0
TXN001893,356.66,17,4,gas,contactless,1.3,16.7,4.0,1.0,0,2043,0,0
TXN001894,120.09,7,1,grocery,card_present,24.7,1.1,4.0,2.0,0,53,0,0
TXN001895,64.5,14,5,travel,contactless,2.2,13.8,2.0,0.0,1,3530,0,0
TXN001896,26.69,16,3,clothing,card_present,12.4,4.7,1.0,3.0,0,1181,0,0
TXN001897,14.16,8,4,travel,contactless,27.3,13.9,2.0,1.0,0,1369,0,0
TXN001898,36.61,21,1,online,online,4.3,2.4,3.0,2.0,0,3324,0,0
TXN001899,77.35,22,3,restaurant,online,10.0,7.0,3.0,0.0,0,484,0,0
TXN001900,64.75,6,6,clothing,online,31.6,8.0,0.0,0.0,0,1254,0,0
TXN001901,88.23,12,6,restaurant,contactless,20.0,13.2,3.0,0.0,0,2002,0,0
TXN001902,30.05,7,5,clothing,contactless,14.2,1.6,2.0,1.0,0,2358,0,0
TXN001903,37.61,17,2,grocery,contactless,9.9,11.9,1.0,3.0,1,2072,0,0
TXN001904,426.75,7,2,clothing,card_present,4.1,8.2,2.0,1.0,0,1885,1,0
TXN001905,19.35,18,4,clothing,online,26.7,4.3,4.0,1.0,0,2295,0,0
TXN001906,83.79,17,2,clothing,online,4.3,10.5,2.0,2.0,0,186,0,0
TXN001907,41.44,18,3,travel,contactless,5.5,20.4,2.0,2.0,0,515,0,0
TXN001908,23.14,18,0,online,card_present,4.4,3.6,3.0,1.0,0,2222,0,0
TXN001909,20.12,6,3,gas,contactless,1.4,3.2,0.0,1.0,0,2710,0,0
TXN001910,30.1,10,1,grocery,online,4.7,12.1,4.0,0.0,0,952,0,0
TXN001911,166.39,20,0,clothing,card_present,12.5,10.0,3.0,0.0,0,1400,0,0
TXN001912,53.28,8,4,clothing,online,17.2,7.6,1.0,0.0,0,1816,1,0
TXN001913,14.95,19,3,online,contactless,23.5,4.3,5.0,1.0,0,30,1,0
TXN001914,59.93,12,5,travel,card_present,10.8,4.8,2.0,1.0,0,371,0,0
TXN001915,365.14,7,2,online,card_present,28.8,8.3,2.0,2.0,0,2592,1,0
TXN001916,176.4,19,3,gas,online,10.8,4.1,2.0,1.0,1,927,0,0
TXN001917,3755.53,3,5,travel,online,144.0,554.9,13.0,6.0,3,19,0,1
TXN001918,296.95,12,4,grocery,card_present,8.5,8.1,3.0,1.0,0,1314,0,0
TXN001919,22.19,19,0,restaurant,card_present,24.5,1.0,3.0,2.0,0,2157,0,0
TXN001920,40.39,7,4,grocery,card_present,0.6,11.1,0.0,4.0,0,2776,0,0
TXN001921,111.65,14,3,travel,card_present,1.1,14.4,4.0,2.0,1,975,0,0
TXN001922,52.79,21,0,restaurant,contactless,16.6,9.4,5.0,3.0,0,519,0,0
TXN001923,39.31,6,1,gas,online,3.4,15.0,3.0,1.0,0,1273,0,0
TXN001924,20.37,18,5,travel,online,30.0,2.5,2.0,1.0,1,3201,0,0
TXN001925,29.9,12,1,gas,card_present,7.1,2.1,2.0,0.0,1,2565,0,0
TXN001926,174.75,15,5,electronics,online,22.9,8.8,3.0,0.0,0,3215,0,0
TXN001927,110.99,6,1,gas,card_present,15.0,6.1,3.0,1.0,0,255,1,0
TXN001928,34.78,8,0,grocery,card_present,3.0,2.1,3.0,1.0,0,1594,1,0
TXN001929,154.16,12,2,grocery,card_present,3.2,0.7,4.0,1.0,0,3064,0,0
TXN001930,43.74,17,4,electronics,card_present,19.9,22.0,3.0,1.0,0,1168,1,0
TXN001931,64.77,13,5,gas,online,0.4,17.4,5.0,1.0,0,2751,0,0
TXN001932,78.97,13,4,electronics,contactless,31.9,3.5,5.0,0.0,0,1871,0,0
TXN001933,10.75,20,4,gas,card_present,15.5,6.6,5.0,2.0,1,1070,1,0
TXN001934,151.66,8,1,electronics,online,30.8,8.2,6.0,1.0,0,176,0,0
TXN001935,25.68,20,0,restaurant,online,4.3,11.6,4.0,1.0,0,2983,0,0
TXN001936,138.68,17,5,restaurant,online,5.7,29.1,2.0,3.0,0,1240,0,0
TXN001937,54.01,21,6,online,online,31.0,5.1,4.0,1.0,1,2273,0,0
TXN001938,204.47,10,3,travel,card_present,16.0,8.7,3.0,0.0,0,2251,0,0
TXN001939,18.23,20,1,grocery,card_present,18.3,4.1,4.0,3.0,1,1761,0,0
TXN001940,357.76,21,6,grocery,card_present,10.4,16.6,1.0,1.0,0,2570,0,0
TXN001941,75.73,14,3,online,card_present,17.7,9.6,3.0,1.0,0,574,1,0
TXN001942,21.14,17,3,gas,contactless,1.1,28.1,2.0,0.0,0,3603,0,0
TXN001943,36.24,22,0,travel,card_present,1.8,9.4,1.0,0.0,0,2216,1,0
TXN001944,111.04,14,6,gas,online,10.7,9.7,6.0,0.0,0,1087,0,0
TXN001945,68.32,6,2,clothing,contactless,21.5,11.9,3.0,1.0,0,2831,1,0
TXN001946,208.37,18,6,online,card_present,29.9,12.9,4.0,1.0,0,2020,0,0
TXN001947,73.48,10,6,travel,card_present,20.2,14.7,1.0,0.0,0,1968,0,0
TXN001948,240.75,21,2,grocery,contactless,12.6,2.6,2.0,2.0,0,2876,0,0
TXN001949,29.19,17,2,travel,card_present,2.5,5.7,5.0,0.0,1,1073,0,0
TXN001950,37.38,10,4,gas,online,32.3,2.1,0.0,1.0,1,589,1,0
TXN001951,100.73,19,0,gas,online,10.5,8.6,0.0,2.0,0,1585,1,0
TXN001952,4.99,11,3,gas,card_present,1.4,3.4,1.0,1.0,0,1174,0,0
TXN001953,151.71,16,4,travel,online,16.2,4.6,1.0,0.0,1,3269,1,0
TXN001954,107.21,7,0,electronics,contactless,15.6,2.0,7.0,1.0,0,35,0,0
TXN001955,22.01,7,3,travel,card_present,9.7,2.7,0.0,0.0,0,229,0,0
TXN001956,41.22,16,1,restaurant,online,14.7,14.3,9.0,1.0,1,251,0,0
TXN001957,389.43,3,0,electronics,online,214.0,345.3,12.0,7.0,1,10,1,1
TXN001958,38.16,10,1,clothing,card_present,8.6,22.6,1.0,3.0,0,1643,0,0
TXN001959,52.91,9,1,travel,card_present,16.2,6.9,5.0,2.0,0,3436,1,0
TXN001960,127.03,17,6,electronics,card_present,16.2,4.8,4.0,1.0,0,62,1,0
TXN001961,88.07,10,6,electronics,card_present,4.6,6.0,2.0,0.0,0,398,0,0
TXN001962,41.76,22,1,online,card_present,8.3,4.3,3.0,0.0,0,68,0,0
TXN001963,65.88,9,6,travel,card_present,1.1,4.7,4.0,1.0,0,481,0,0
TXN001964,19.92,10,2,clothing,online,18.1,6.4,2.0,1.0,0,3103,0,0
TXN001965,36.6,11,5,electronics,card_present,14.1,11.4,3.0,3.0,0,1955,0,0
TXN001966,408.87,12,6,travel,contactless,37.2,1.7,0.0,2.0,0,449,0,0
TXN001967,115.34,16,6,gas,contactless,9.8,17.7,3.0,0.0,0,1860,0,0
TXN001968,198.43,16,6,travel,card_present,28.6,6.5,3.0,1.0,1,1615,0,0
TXN001969,77.59,17,2,electronics,online,2.9,2.1,4.0,1.0,0,431,1,0
TXN001970,31.13,19,3,restaurant,card_present,25.0,17.3,2.0,6.0,0,1072,0,0
TXN001971,145.31,19,1,online,online,15.0,3.4,4.0,0.0,0,767,0,0
TXN001972,98.67,15,2,gas,card_present,12.8,11.2,5.0,2.0,0,3314,1,0
TXN001973,59.54,8,6,grocery,online,15.7,6.5,1.0,0.0,0,1816,0,0
TXN001974,49.18,14,3,travel,card_present,21.6,17.4,1.0,1.0,0,2482,0,0
TXN001975,135.7,17,1,clothing,card_present,2.3,3.6,1.0,0.0,0,466,0,0
TXN001976,26.6,18,5,clothing,contactless,7.9,17.8,2.0,1.0,1,2793,0,0
TXN001977,61.95,10,5,gas,online,9.0,13.3,5.0,0.0,1,2817,0,0
TXN001978,34.94,17,5,grocery,online,3.3,12.2,2.0,0.0,0,3640,1,0
TXN001979,34.77,14,6,grocery,card_present,1.4,14.6,2.0,0.0,0,710,0,0
TXN001980,74.76,18,3,electronics,online,19.0,12.3,2.0,0.0,0,2599,0,0
TXN001981,57.03,20,2,gas,online,40.3,17.4,4.0,2.0,0,2801,0,0
TXN001982,33.99,12,6,gas,online,19.8,4.3,2.0,2.0,0,160,0,0
TXN001983,55.75,6,6,online,online,3.0,0.7,4.0,3.0,1,1527,0,0
TXN001984,50.42,12,2,online,card_present,2.9,29.7,2.0,1.0,0,951,0,0
TXN001985,22.39,21,5,grocery,card_present,1.8,2.1,0.0,1.0,0,523,0,0
TXN001986,4.82,20,0,grocery,card_present,35.8,3.0,4.0,3.0,0,2947,0,0
TXN001987,41.19,21,4,clothing,card_present,15.1,13.1,3.0,1.0,1,1101,0,0
TXN001988,18.96,9,5,travel,card_present,16.0,2.1,6.0,1.0,1,867,0,0
TXN001989,16.26,21,3,online,card_present,3.5,3.0,5.0,0.0,0,867,0,0
TXN001990,18.87,13,5,grocery,card_present,3.1,4.8,1.0,0.0,0,798,1,0
TXN001991,64.41,9,6,restaurant,card_present,2.0,18.9,8.0,1.0,1,875,0,0
TXN001992,23.0,22,4,travel,card_present,10.8,2.3,4.0,1.0,0,3499,1,0
TXN001993,49.91,9,1,restaurant,online,12.6,2.0,5.0,0.0,0,971,0,0
TXN001994,24.52,18,3,electronics,online,9.2,25.6,6.0,1.0,1,1303,1,0
TXN001995,8.99,22,3,online,online,22.0,6.8,4.0,1.0,0,783,0,0
TXN001996,140.38,13,2,clothing,online,0.4,21.6,3.0,0.0,0,799,1,0
TXN001997,93.81,13,1,travel,contactless,0.5,11.4,2.0,3.0,0,452,0,0
TXN001998,50.36,12,3,clothing,card_present,35.2,3.1,2.0,2.0,0,798,0,0
TXN001999,18.64,19,4,online,card_present,10.5,9.7,3.0,1.0,1,1999,0,0
TXN002000,67.97,18,2,gas,online,1.8,24.5,2.0,1.0,1,1921,0,0
TXN002001,25.86,16,1,restaurant,card_present,14.9,3.5,2.0,0.0,0,1162,0,0
TXN002002,42.99,22,2,grocery,contactless,30.1,12.4,5.0,1.0,0,641,0,0
TXN002003,11.61,8,6,electronics,contactless,48.9,1.9,5.0,1.0,0,2453,0,0
TXN002004,110.24,7,4,grocery,card_present,7.6,7.3,2.0,2.0,0,1030,0,0
TXN002005,5.4,8,4,clothing,online,38.0,9.4,2.0,1.0,1,394,0,0
TXN002006,15.72,20,4,grocery,card_present,42.8,2.0,2.0,3.0,0,3140,0,0
TXN002007,21.3,17,2,clothing,online,22.0,0.9,2.0,0.0,1,1798,0,0
TXN002008,90.04,14,4,travel,card_present,0.0,18.3,2.0,2.0,0,130,1,0
TXN002009,24.72,21,1,online,card_present,22.0,13.0,2.0,2.0,1,3621,0,0
TXN002010,28.3,10,1,travel,online,11.8,7.1,2.0,0.0,1,1077,1,0
TXN002011,42.72,19,0,travel,online,3.0,10.8,3.0,3.0,1,1351,1,0
TXN002012,24.53,13,1,clothing,online,28.2,11.3,4.0,2.0,1,1837,1,0
TXN002013,37.04,6,2,travel,contactless,5.1,4.2,1.0,1.0,0,461,0,0
TXN002014,11.09,3,5,travel,card_present,202.4,46.6,5.0,1.0,5,51,0,1
TXN002015,84.73,6,4,clothing,online,20.5,8.4,4.0,1.0,0,2720,0,0
TXN002016,142.95,15,3,gas,online,30.0,5.3,5.0,0.0,0,3434,0,0
TXN002017,33.24,4,2,travel,card_present,286.2,222.8,9.0,6.0,1,15,1,1
TXN002018,83.54,8,0,online,card_present,22.6,2.3,3.0,1.0,0,2491,0,0
TXN002019,36.55,11,2,restaurant,online,27.5,11.2,1.0,1.0,0,3190,0,0
TXN002020,76.44,9,6,clothing,card_present,22.0,7.5,1.0,0.0,0,2989,1,0
TXN002021,14.19,13,6,electronics,card_present,37.6,16.9,0.0,0.0,0,3313,0,0
TXN002022,50.66,6,2,restaurant,online,28.0,13.6,3.0,0.0,0,2084,0,0
TXN002023,43.67,11,5,online,online,3.0,8.3,1.0,0.0,0,201,0,0
TXN002024,21.4,6,5,grocery,card_present,38.8,13.0,3.0,1.0,1,2147,0,0
TXN002025,36.41,2,6,online,card_present,323.3,153.7,3.0,3.0,5,54,1,1
TXN002026,96.63,12,0,online,card_present,21.3,6.9,2.0,0.0,0,1010,1,0
TXN002027,25.13,12,5,restaurant,card_present,6.9,1.4,3.0,1.0,0,2406,0,0
TXN002028,34.05,18,3,electronics,card_present,4.1,22.3,2.0,1.0,1,308,0,0
TXN002029,37.95,8,6,clothing,card_present,4.2,7.3,2.0,1.0,0,2379,0,0
TXN002030,63.24,14,3,gas,online,2.7,0.7,1.0,0.0,0,2468,0,0
TXN002031,67.88,12,4,online,contactless,9.5,15.1,3.0,0.0,1,979,0,0
TXN002032,71.34,7,6,clothing,card_present,7.0,9.4,3.0,3.0,0,3101,1,0
TXN002033,77.21,18,3,grocery,card_present,9.9,5.7,5.0,1.0,0,3418,0,0
TXN002034,3.2,11,2,travel,contactless,23.1,11.6,4.0,1.0,0,3536,1,0
TXN002035,58.71,8,5,gas,online,13.0,1.9,2.0,3.0,1,2621,0,0
TXN002036,1929.77,5,3,travel,online,164.8,475.0,10.0,3.0,2,14,0,1
TXN002037,19.11,9,2,clothing,contactless,9.0,17.6,3.0,2.0,0,396,0,0
TXN002038,1842.81,0,6,jewelry,card_present,173.2,315.5,5.0,4.0,2,2,1,1
TXN002039,126.55,16,2,electronics,contactless,1.4,7.6,1.0,1.0,0,659,0,0
TXN002040,32.05,11,6,grocery,contactless,41.3,1.4,4.0,0.0,0,504,0,0
TXN002041,90.74,22,3,gas,online,4.5,7.5,5.0,1.0,0,3466,0,0
TXN002042,111.71,19,1,travel,card_present,4.1,6.9,0.0,1.0,0,964,0,0
TXN002043,113.53,7,6,grocery,online,1.7,11.6,2.0,1.0,0,816,0,0
TXN002044,93.34,21,4,online,online,26.5,2.9,4.0,1.0,0,3123,0,0
TXN002045,20.57,13,2,clothing,card_present,18.1,2.4,6.0,2.0,0,3468,0,0
TXN002046,76.88,11,6,grocery,card_present,0.5,4.6,1.0,2.0,0,2270,0,0
TXN002047,125.18,9,2,travel,online,16.7,2.8,3.0,3.0,0,3140,0,0
TXN002048,21.33,17,3,gas,online,7.3,11.3,7.0,1.0,0,371,0,0
TXN002049,32.16,19,4,restaurant,card_present,13.9,3.9,5.0,3.0,0,240,0,0
TXN002050,25.99,19,4,travel,card_present,6.9,7.4,1.0,1.0,0,798,1,0
TXN002051,5.1,15,4,restaurant,contactless,22.2,1.8,1.0,1.0,1,2156,0,0
TXN002052,71.18,15,0,travel,contactless,16.4,30.8,5.0,0.0,0,981,0,0
TXN002053,18.55,8,2,electronics,card_present,18.8,16.3,3.0,1.0,0,2956,1,0
TXN002054,10.23,7,0,travel,contactless,9.7,8.0,2.0,0.0,0,3095,1,0
TXN002055,23.95,8,3,online,contactless,28.5,9.6,4.0,0.0,0,1162,0,0
TXN002056,28.7,20,4,travel,card_present,40.9,8.1,2.0,1.0,0,52,0,0
TXN002057,18.93,7,4,electronics,card_present,32.7,14.5,5.0,1.0,1,320,0,0
TXN002058,29.95,22,6,clothing,card_present,16.3,4.8,3.0,2.0,0,538,0,0
TXN002059,96.58,21,5,gas,contactless,13.3,3.4,1.0,2.0,1,529,0,0
TXN002060,45.29,22,5,restaurant,card_present,23.3,4.6,5.0,1.0,0,2665,1,0
TXN002061,72.12,8,3,electronics,contactless,13.7,3.2,2.0,1.0,0,1440,1,0
TXN002062,117.38,6,0,travel,contactless,9.1,4.8,4.0,0.0,0,1029,0,0
TXN002063,76.85,15,6,online,card_present,21.4,3.8,2.0,1.0,1,2930,0,0
TXN002064,35.15,20,6,travel,contactless,37.0,11.8,2.0,3.0,0,3175,0,0
TXN002065,35.63,12,2,travel,card_present,17.2,0.3,1.0,1.0,1,407,1,0
TXN002066,51.17,12,1,electronics,contactless,15.8,24.0,1.0,2.0,0,445,0,0
TXN002067,83.06,20,0,electronics,card_present,14.6,1.5,4.0,0.0,0,2555,1,0
TXN002068,8.37,16,0,online,online,15.0,5.0,4.0,0.0,1,2809,1,0
TXN002069,105.56,14,0,travel,online,10.8,6.1,5.0,0.0,0,2562,0,0
TXN002070,32.31,17,1,grocery,contactless,12.7,26.0,2.0,0.0,0,1068,0,0
TXN002071,88.42,19,1,travel,card_present,20.9,29.1,2.0,2.0,0,2078,1,0
TXN002072,23.81,7,4,grocery,card_present,4.3,8.0,6.0,1.0,0,2971,0,0
TXN002073,9.29,19,0,gas,card_present,20.6,4.3,1.0,0.0,0,3080,1,0
TXN002074,79.95,13,1,grocery,card_present,12.7,8.8,3.0,0.0,0,766,0,0
TXN002075,96.21,8,5,online,card_present,28.1,2.1,0.0,0.0,0,1576,0,0
TXN002076,106.02,15,4,restaurant,card_present,25.0,4.2,3.0,0.0,0,3103,0,0
TXN002077,96.41,12,2,gas,card_present,32.3,1.0,3.0,0.0,1,1177,0,0
TXN002078,49.63,15,3,online,card_present,22.9,9.0,1.0,4.0,0,1492,0,0
TXN002079,34.44,6,2,travel,card_present,4.1,15.2,4.0,1.0,0,2565,0,0
TXN002080,29.91,7,0,travel,contactless,1.6,9.5,3.0,3.0,0,146,0,0
TXN002081,36.26,19,2,electronics,card_present,0.2,23.0,3.0,0.0,1,3528,0,0
TXN002082,88.29,16,2,travel,card_present,16.4,16.2,2.0,1.0,0,2410,0,0
TXN002083,16.51,11,6,restaurant,card_present,27.5,4.9,2.0,5.0,1,3385,0,0
TXN002084,53.36,7,4,grocery,online,9.3,8.2,3.0,2.0,1,754,0,0
TXN002085,57.8,11,5,travel,online,22.0,1.2,7.0,3.0,0,1984,0,0
TXN002086,109.2,8,2,travel,card_present,6.9,4.1,2.0,1.0,0,937,0,0
TXN002087,92.85,19,4,gas,card_present,4.7,0.0,3.0,2.0,1,92,0,0
TXN002088,159.65,14,5,grocery,card_present,22.0,6.1,2.0,3.0,0,3607,0,0
TXN002089,62.51,6,2,gas,online,11.8,14.2,2.0,2.0,1,2596,0,0
TXN002090,9.54,12,0,electronics,card_present,7.4,0.5,2.0,0.0,0,619,0,0
TXN002091,9.41,12,6,restaurant,online,10.3,0.2,3.0,1.0,0,1465,0,0
TXN002092,144.32,7,4,clothing,card_present,1.0,2.9,2.0,1.0,0,1360,0,0
TXN002093,45.1,16,5,online,card_present,13.5,16.0,1.0,2.0,0,1274,0,0
TXN002094,63.46,18,3,online,online,2.7,6.1,2.0,1.0,0,2203,0,0
TXN002095,37.73,16,6,restaurant,online,0.2,1.8,2.0,0.0,0,2396,0,0
TXN002096,13.83,11,2,electronics,contactless,22.9,14.1,2.0,1.0,0,2170,1,0
TXN002097,214.19,16,4,restaurant,online,0.8,2.0,4.0,0.0,0,34,1,0
TXN002098,111.96,8,4,travel,online,10.8,17.2,2.0,2.0,0,1769,0,0
TXN002099,49.0,18,5,online,card_present,3.3,2.0,4.0,0.0,0,3140,0,0
TXN002100,54.32,13,2,travel,card_present,15.1,15.5,5.0,0.0,1,2112,1,0
TXN002101,27.89,22,2,online,card_present,22.6,7.0,8.0,1.0,1,1755,0,0
TXN002102,21.84,10,3,restaurant,contactless,19.7,2.8,3.0,0.0,0,377,0,0
TXN002103,19.5,13,2,electronics,contactless,9.3,4.9,2.0,0.0,1,718,0,0
TXN002104,21.59,18,6,travel,card_present,30.8,16.0,2.0,2.0,0,1270,0,0
TXN002105,24.17,11,0,electronics,online,8.7,4.3,2.0,0.0,0,2263,0,0
TXN002106,35.17,6,6,travel,card_present,0.0,15.6,5.0,0.0,0,631,0,0
TXN002107,30.43,12,3,online,online,19.9,15.5,3.0,1.0,1,3247,0,0
TXN002108,30.84,18,0,clothing,contactless,37.8,17.3,3.0,1.0,0,738,0,0
TXN002109,132.98,18,4,travel,online,11.6,2.3,1.0,0.0,0,2231,0,0
TXN002110,6708.24,22,2,electronics,card_present,231.0,369.8,9.0,6.0,5,56,0,1
TXN002111,39.34,13,5,gas,card_present,9.4,8.2,1.0,3.0,0,1874,0,0
TXN002112,53.17,15,4,online,card_present,6.1,15.7,1.0,3.0,1,3356,0,0
TXN002113,108.25,12,6,online,card_present,5.2,8.6,4.0,1.0,0,3123,0,0
TXN002114,69.29,20,4,clothing,online,12.7,6.2,3.0,2.0,0,2243,0,0
TXN002115,40.14,10,3,grocery,card_present,0.3,4.6,6.0,1.0,0,1048,0,0
TXN002116,69.46,8,6,electronics,contactless,20.3,5.9,0.0,2.0,0,1111,1,0
TXN002117,47.94,7,1,clothing,card_present,5.8,11.0,1.0,1.0,0,3647,1,0
TXN002118,62.54,19,3,restaurant,card_present,1.4,18.0,1.0,1.0,0,215,0,0
TXN002119,96.94,21,2,electronics,contactless,25.2,1.3,3.0,0.0,0,1199,0,0
TXN002120,18.68,16,3,gas,online,20.2,17.5,3.0,2.0,1,286,1,0
TXN002121,29.97,21,2,electronics,online,7.7,8.5,0.0,0.0,0,3098,0,0
TXN002122,546.48,4,4,jewelry,card_present,275.4,412.6,1.0,6.0,1,32,1,1
TXN002123,23.32,13,2,restaurant,contactless,12.8,14.4,4.0,0.0,0,50,0,0
TXN002124,49.34,10,5,restaurant,contactless,16.3,7.4,2.0,0.0,0,2854,0,0
TXN002125,103.13,17,5,electronics,card_present,41.6,2.6,3.0,1.0,0,1113,0,0
TXN002126,18.67,16,2,restaurant,card_present,33.6,10.3,1.0,1.0,1,2922,0,0
TXN002127,15.86,22,6,travel,online,14.2,8.7,0.0,1.0,1,1211,1,0
TXN002128,24.76,15,3,clothing,online,27.0,5.9,3.0,2.0,0,1584,0,0
TXN002129,89.48,19,4,clothing,online,12.0,6.2,0.0,0.0,0,3163,0,0
TXN002130,92.44,9,6,gas,card_present,14.8,10.9,3.0,0.0,1,2660,0,0
TXN002131,696.84,0,6,online,online,519.8,351.6,11.0,5.0,1,52,1,1
TXN002132,43.18,22,3,electronics,contactless,6.4,15.7,2.0,1.0,0,1172,0,0
TXN002133,24.52,10,0,gas,online,7.2,0.9,4.0,2.0,1,2856,1,0
TXN002134,115.97,13,5,restaurant,online,11.7,9.5,4.0,2.0,1,3135,0,0
TXN002135,43.21,16,4,online,card_present,3.7,15.4,6.0,0.0,0,2429,0,0
TXN002136,13.92,14,2,electronics,card_present,13.4,7.1,1.0,1.0,0,2740,1,0
TXN002137,163.17,11,5,travel,card_present,11.1,3.4,3.0,1.0,0,2109,0,0
TXN002138,50.93,22,0,grocery,online,10.9,5.5,4.0,2.0,0,2696,0,0
TXN002139,170.26,12,4,travel,card_present,26.9,0.4,3.0,1.0,1,2847,0,0
TXN002140,19.77,18,1,restaurant,card_present,17.2,3.8,0.0,0.0,0,2405,1,0
TXN002141,12.04,9,0,clothing,online,17.4,5.7,3.0,1.0,0,3102,0,0
TXN002142,17.66,17,4,clothing,online,12.5,12.0,9.0,2.0,0,1271,0,0
TXN002143,46.14,20,4,grocery,card_present,4.5,8.9,1.0,1.0,0,614,0,0
TXN002144,44.16,12,1,clothing,contactless,3.2,11.2,5.0,2.0,0,2679,1,0
TXN002145,28.69,22,0,grocery,card_present,4.8,7.7,0.0,1.0,0,3337,1,0
TXN002146,125.93,18,4,travel,online,37.1,8.2,2.0,0.0,0,3042,0,0
TXN002147,108.22,20,5,grocery,contactless,5.2,13.4,1.0,2.0,1,1429,0,0
TXN002148,59.12,17,3,travel,card_present,25.8,3.7,6.0,1.0,0,2223,0,0
TXN002149,17.82,18,0,gas,contactless,14.1,9.4,5.0,0.0,1,2929,0,0
TXN002150,21.13,11,3,online,card_present,9.5,1.7,6.0,1.0,0,786,0,0
TXN002151,163.58,8,2,clothing,online,30.2,5.2,3.0,1.0,0,3122,0,0
TXN002152,22.03,21,4,online,card_present,18.4,6.1,3.0,1.0,1,2049,0,0
TXN002153,89.69,13,1,online,card_present,10.1,6.9,2.0,0.0,1,3489,0,0
TXN002154,695.74,1,3,electronics,online,139.7,151.0,6.0,6.0,5,39,1,1
TXN002155,155.82,6,5,grocery,contactless,8.9,19.0,4.0,1.0,1,1494,0,0
TXN002156,16.45,9,6,electronics,online,5.0,14.4,2.0,0.0,0,1961,0,0
TXN002157,6.07,21,3,online,online,22.2,20.8,4.0,0.0,0,3028,0,0
TXN002158,47.02,21,3,online,online,4.7,0.0,4.0,1.0,0,1005,0,0
TXN002159,56.51,10,2,restaurant,card_present,18.5,17.8,1.0,1.0,0,2063,0,0
TXN002160,110.79,18,3,restaurant,card_present,11.9,1.0,4.0,1.0,1,2622,0,0
TXN002161,14.51,11,0,gas,contactless,2.3,3.8,6.0,1.0,0,369,0,0
TXN002162,65.86,8,4,online,online,4.4,11.2,3.0,1.0,0,1582,0,0
TXN002163,186.28,10,0,gas,contactless,2.7,24.9,2.0,0.0,0,2514,0,0
TXN002164,125.27,11,4,online,online,15.5,9.1,2.0,0.0,1,2960,0,0
TXN002165,113.89,15,0,gas,online,16.4,2.7,2.0,2.0,0,240,0,0
TXN002166,21.71,22,3,electronics,online,2.1,7.1,2.0,1.0,0,2323,0,0
TXN002167,10.22,17,6,gas,contactless,38.3,16.4,2.0,0.0,0,3600,0,0
TXN002168,124.7,11,3,travel,online,4.4,12.0,2.0,0.0,0,874,0,0
TXN002169,13.15,21,0,grocery,online,5.7,8.7,3.0,0.0,1,2827,0,0
TXN002170,32.34,15,5,restaurant,contactless,5.5,23.0,1.0,2.0,0,1614,1,0
TXN002171,41.58,8,2,travel,card_present,19.9,5.7,2.0,2.0,0,185,0,0
TXN002172,115.98,18,0,travel,card_present,26.5,1.6,1.0,2.0,0,2367,1,0
TXN002173,45.94,15,1,grocery,card_present,17.8,27.9,2.0,1.0,0,1888,0,0
TXN002174,69.53,19,4,online,contactless,4.0,8.5,5.0,2.0,1,2429,0,0
TXN002175,24.45,11,0,restaurant,online,13.0,3.5,5.0,1.0,0,227,1,0
TXN002176,14.18,21,0,restaurant,online,10.2,10.7,4.0,0.0,0,1598,1,0
TXN002177,20.79,19,6,grocery,contactless,7.5,1.4,3.0,0.0,0,447,0,0
TXN002178,102.07,13,4,gas,contactless,10.6,2.5,2.0,0.0,1,2256,0,0
TXN002179,32.68,12,5,travel,card_present,9.7,9.6,2.0,4.0,0,1496,0,0
TXN002180,65.34,8,3,online,card_present,36.3,3.9,4.0,0.0,0,3372,0,0
TXN002181,339.0,10,3,travel,card_present,2.2,14.2,4.0,0.0,0,914,1,0
TXN002182,105.88,21,3,clothing,card_present,4.3,14.0,2.0,0.0,0,204,0,0
TXN002183,36.92,22,4,restaurant,contactless,15.5,6.0,0.0,2.0,1,2642,0,0
TXN002184,88.32,11,5,gas,online,23.7,0.2,3.0,1.0,1,396,0,0
TXN002185,92.03,15,1,clothing,contactless,47.1,14.3,4.0,1.0,0,2147,1,0
TXN002186,2232.65,5,4,jewelry,card_present,100.6,394.2,4.0,3.0,3,14,1,1
TXN002187,45.47,7,3,online,contactless,2.1,6.7,3.0,0.0,0,2274,0,0
TXN002188,13.8,21,3,restaurant,card_present,5.8,0.9,2.0,0.0,0,2137,0,0
TXN002189,1330.23,15,3,travel,online,0.6,6.8,3.0,0.0,1,3106,1,0
TXN002190,191.0,10,2,grocery,card_present,22.9,0.9,6.0,2.0,0,2725,1,0
TXN002191,4037.05,0,4,online,card_present,178.1,383.8,8.0,8.0,3,7,1,1
TXN002192,97.77,15,6,travel,card_present,5.8,19.2,1.0,3.0,0,368,0,0
TXN002193,5.49,10,1,gas,online,20.8,4.7,2.0,1.0,0,2652,0,0
TXN002194,25.81,22,1,electronics,contactless,4.6,8.5,3.0,0.0,0,1695,0,0
TXN002195,168.16,15,0,gas,online,4.0,0.7,2.0,0.0,0,412,0,0
TXN002196,35.3,19,3,clothing,card_present,14.2,1.9,5.0,1.0,0,2642,1,0
TXN002197,136.85,14,5,grocery,card_present,19.4,15.3,5.0,1.0,0,2589,0,0
TXN002198,19.54,14,6,online,card_present,16.6,17.9,2.0,1.0,0,493,1,0
TXN002199,8.33,19,6,clothing,card_present,0.4,12.4,3.0,0.0,0,2066,0,0
TXN002200,121.25,13,1,restaurant,card_present,3.5,9.1,2.0,1.0,0,2925,0,0
TXN002201,60.21,13,5,gas,contactless,14.7,6.4,8.0,0.0,0,291,0,0
TXN002202,153.14,8,2,clothing,online,32.8,22.0,4.0,1.0,0,3149,0,0
TXN002203,46.15,16,3,online,card_present,4.3,3.3,3.0,1.0,0,1269,0,0
TXN002204,44.03,6,3,travel,card_present,8.2,20.3,4.0,0.0,0,2046,0,0
TXN002205,73.61,10,5,electronics,contactless,14.2,7.0,2.0,1.0,0,3336,1,0
TXN002206,126.76,7,1,electronics,online,0.1,5.4,1.0,1.0,0,1454,0,0
TXN002207,108.95,9,3,clothing,contactless,11.6,23.1,3.0,1.0,0,945,1,0
TXN002208,14.21,19,0,clothing,card_present,6.2,0.7,1.0,2.0,1,1326,0,0
TXN002209,24.35,13,6,grocery,online,6.8,10.3,1.0,0.0,0,3234,0,0
TXN002210,132.5,20,2,electronics,online,13.2,9.5,2.0,0.0,0,130,0,0
TXN002211,117.78,10,3,grocery,contactless,10.1,12.5,2.0,1.0,0,2761,1,0
TXN002212,73.89,22,6,gas,card_present,0.7,6.9,4.0,2.0,0,2909,0,0
TXN002213,85.13,9,3,gas,online,11.2,0.3,3.0,1.0,0,1822,0,0
TXN002214,139.42,20,1,gas,card_present,18.2,8.2,1.0,0.0,0,2641,0,0
TXN002215,299.82,14,2,electronics,card_present,5.2,1.1,1.0,1.0,0,1194,0,0
TXN002216,153.74,21,0,online,online,13.9,4.5,5.0,5.0,0,1541,0,0
TXN002217,50.88,18,3,travel,card_present,12.3,6.5,5.0,1.0,0,1467,0,0
TXN002218,24.55,21,0,travel,online,2.7,3.8,2.0,1.0,0,117,0,0
TXN002219,53.94,13,4,online,contactless,11.3,10.0,3.0,1.0,0,2574,1,0
TXN002220,93.67,11,0,grocery,card_present,22.2,11.7,4.0,3.0,0,619,0,0
TXN002221,10.37,6,0,travel,contactless,7.4,7.9,0.0,1.0,0,611,0,0
TXN002222,80.05,9,2,electronics,contactless,3.8,1.4,5.0,4.0,0,3303,1,0
TXN002223,51.36,15,1,gas,contactless,10.9,16.8,3.0,1.0,1,855,0,0
TXN002224,40.41,17,2,clothing,card_present,14.4,31.2,2.0,1.0,0,1384,1,0
TXN002225,85.2,8,2,restaurant,online,4.6,3.1,5.0,3.0,0,264,0,0
TXN002226,34.08,15,1,online,card_present,1.9,2.2,4.0,1.0,0,2432,0,0
TXN002227,207.82,18,2,gas,contactless,24.3,8.5,2.0,0.0,0,176,0,0
TXN002228,41.63,7,4,gas,card_present,24.5,6.9,3.0,0.0,0,1476,0,0
TXN002229,237.71,19,5,clothing,card_present,22.0,25.0,2.0,1.0,0,2007,0,0
TXN002230,53.76,22,2,restaurant,card_present,0.2,14.7,3.0,1.0,0,2795,0,0
TXN002231,24.98,7,5,grocery,online,6.8,3.9,1.0,0.0,1,3040,0,0
TXN002232,45.99,8,5,grocery,online,1.8,1.6,1.0,1.0,0,1369,0,0
TXN002233,37.48,9,6,travel,card_present,0.9,0.6,0.0,1.0,0,3066,1,0
TXN002234,189.21,21,6,electronics,card_present,16.8,1.4,2.0,0.0,0,1624,0,0
TXN002235,30.68,22,3,grocery,contactless,13.9,15.5,1.0,1.0,0,479,0,0
TXN002236,26.58,9,5,grocery,card_present,1.8,10.1,2.0,1.0,0,3052,0,0
TXN002237,1497.82,22,2,jewelry,card_present,286.8,330.2,11.0,6.0,3,22,1,1
TXN002238,29.62,22,3,restaurant,card_present,38.4,1.4,3.0,1.0,0,1819,0,0
TXN002239,34.56,19,5,restaurant,card_present,3.6,3.8,2.0,0.0,0,1702,0,0
TXN002240,133.23,8,6,online,card_present,12.9,13.6,4.0,0.0,0,2365,0,0
TXN002241,24.27,21,3,clothing,online,36.6,15.9,5.0,1.0,0,3232,0,0
TXN002242,21.31,9,2,gas,card_present,7.9,3.3,6.0,0.0,1,817,0,0
TXN002243,233.52,15,0,online,online,30.2,6.6,2.0,1.0,0,3276,1,0
TXN002244,297.59,20,1,online,contactless,7.1,3.7,3.0,1.0,0,3276,0,0
TXN002245,81.07,16,0,online,online,12.7,3.5,1.0,1.0,0,90,1,0
TXN002246,206.04,19,3,clothing,online,3.7,14.8,3.0,0.0,0,350,1,0
TXN002247,191.43,19,5,grocery,card_present,7.2,8.5,1.0,4.0,0,2312,0,0
TXN002248,16.0,6,3,clothing,contactless,17.0,16.0,4.0,1.0,0,2795,1,0
TXN002249,127.25,16,1,online,card_present,16.3,24.0,5.0,1.0,0,2160,0,0
TXN002250,46.07,20,6,online,contactless,4.0,1.6,4.0,0.0,0,2048,0,0
TXN002251,109.16,11,4,travel,contactless,24.1,3.5,2.0,0.0,0,1710,0,0
TXN002252,61.67,16,0,grocery,card_present,18.3,15.2,1.0,1.0,0,1423,0,0
TXN002253,75.54,9,2,travel,card_present,8.7,4.5,1.0,1.0,0,2662,0,0
TXN002254,34.15,19,6,clothing,card_present,0.4,4.0,3.0,2.0,0,1078,0,0
TXN002255,145.16,10,1,clothing,online,5.4,8.9,7.0,0.0,0,1240,0,0
TXN002256,1028.81,22,4,online,online,357.5,184.3,8.0,3.0,1,51,1,1
TXN002257,27.38,7,5,electronics,card_present,4.6,3.2,3.0,0.0,1,540,0,0
TXN002258,26.77,8,5,restaurant,card_present,20.4,1.4,2.0,0.0,0,1420,0,0
TXN002259,18.17,21,6,restaurant,contactless,12.5,7.0,4.0,1.0,1,2136,0,0
TXN002260,131.55,20,2,grocery,contactless,9.7,15.2,3.0,0.0,0,1929,0,0
TXN002261,46.98,22,2,travel,contactless,7.4,0.1,3.0,0.0,0,3202,0,0
TXN002262,7252.27,1,6,travel,card_present,12.8,150.1,8.0,6.0,1,37,1,1
TXN002263,116.71,17,6,electronics,online,7.5,5.8,2.0,1.0,0,2165,0,0
TXN002264,25.08,22,2,electronics,online,14.2,3.8,3.0,1.0,0,3649,0,0
TXN002265,67.19,14,2,electronics,online,4.5,2.7,3.0,3.0,0,2379,1,0
TXN002266,102.77,15,3,online,online,5.2,3.1,4.0,3.0,0,1830,0,0
TXN002267,207.31,16,1,clothing,online,8.2,20.6,4.0,2.0,0,2772,0,0
TXN002268,91.94,11,2,gas,card_present,0.4,8.6,2.0,2.0,0,160,0,0
TXN002269,48.01,19,2,online,online,1.5,2.4,3.0,0.0,0,3578,0,0
TXN002270,161.62,10,3,online,online,21.2,4.5,4.0,0.0,0,1402,1,0
TXN002271,63.31,0,0,travel,card_present,190.6,599.1,10.0,3.0,3,11,1,1
TXN002272,51.99,6,6,grocery,card_present,13.5,4.8,1.0,0.0,0,2261,0,0
TXN002273,17.43,7,3,electronics,card_present,14.7,14.7,4.0,0.0,0,3449,0,0
TXN002274,66.08,16,6,clothing,contactless,23.5,2.4,3.0,1.0,0,837,1,0
TXN002275,45.82,14,5,grocery,card_present,2.7,12.3,3.0,2.0,1,3191,0,0
TXN002276,84.8,17,4,electronics,card_present,15.1,18.6,2.0,0.0,0,190,0,0
TXN002277,420.76,22,0,gas,card_present,1.7,8.4,1.0,1.0,0,3317,0,0
TXN002278,61.92,17,0,online,card_present,1.8,21.3,4.0,0.0,1,1776,0,0
TXN002279,16.73,9,2,grocery,card_present,24.6,3.9,2.0,2.0,1,2862,0,0
TXN002280,17.73,14,4,clothing,card_present,19.9,0.2,1.0,2.0,0,527,0,0
TXN002281,17.72,8,4,travel,card_present,1.8,6.2,8.0,3.0,0,2902,1,0
TXN002282,176.23,10,6,travel,card_present,22.0,0.1,4.0,0.0,0,1940,0,0
TXN002283,60.77,20,6,clothing,contactless,14.6,11.9,2.0,0.0,0,493,0,0
TXN002284,74.25,18,6,travel,contactless,12.9,0.7,3.0,1.0,0,481,0,0
TXN002285,91.31,21,2,travel,card_present,26.7,3.0,2.0,1.0,0,643,0,0
TXN002286,112.12,17,6,travel,card_present,23.1,10.7,3.0,0.0,0,198,0,0
TXN002287,13.16,17,4,online,online,2.8,8.6,2.0,0.0,0,2601,0,0
TXN002288,112.49,15,4,electronics,online,8.2,4.8,3.0,0.0,0,2596,0,0
TXN002289,108.51,8,2,restaurant,online,31.8,6.2,2.0,1.0,0,2644,0,0
TXN002290,71.42,17,5,travel,online,0.3,6.2,3.0,0.0,0,1612,1,0
TXN002291,12.44,18,3,electronics,contactless,16.4,4.5,4.0,0.0,0,1805,0,0
TXN002292,82.55,13,1,grocery,contactless,6.8,2.9,3.0,1.0,0,2291,0,0
TXN002293,18.31,10,4,gas,card_present,30.5,2.6,2.0,2.0,0,1670,1,0
TXN002294,29.72,18,3,gas,online,31.3,11.1,3.0,1.0,1,1141,0,0
TXN002295,5.47,20,4,travel,card_present,19.9,8.2,9.0,1.0,0,3154,1,0
TXN002296,49.44,7,4,online,card_present,5.9,4.2,1.0,2.0,0,3042,0,0
TXN002297,28.41,11,4,restaurant,card_present,20.6,22.6,5.0,0.0,0,2018,0,0
TXN002298,33.4,8,2,electronics,card_present,1.5,0.5,4.0,2.0,1,1146,1,0
TXN002299,29.17,14,0,electronics,card_present,28.7,6.1,2.0,0.0,0,2756,0,0
TXN002300,40.45,16,2,gas,card_present,5.6,2.9,2.0,0.0,0,318,0,0
TXN002301,114.4,6,6,travel,card_present,28.3,2.4,5.0,0.0,0,1241,1,0
TXN002302,17.41,21,4,clothing,card_present,8.7,6.0,4.0,1.0,0,3186,0,0
TXN002303,13.17,14,6,restaurant,online,53.3,7.2,5.0,1.0,0,1988,0,0
TXN002304,62.42,8,0,travel,card_present,1.2,11.8,2.0,0.0,0,2806,0,0
TXN002305,17.07,21,5,gas,card_present,3.5,11.0,3.0,1.0,0,2233,0,0
TXN002306,24.71,19,3,restaurant,card_present,16.0,33.2,3.0,0.0,0,1763,0,0
TXN002307,171.42,3,3,online,card_present,287.6,604.3,6.0,3.0,1,40,1,1
TXN002308,18.52,20,4,clothing,card_present,7.7,18.9,2.0,1.0,1,3362,1,0
TXN002309,27.01,11,4,grocery,contactless,33.4,3.9,4.0,0.0,0,2948,0,0
TXN002310,42.12,19,3,restaurant,card_present,7.6,9.7,6.0,2.0,1,441,1,0
TXN002311,143.71,20,2,restaurant,online,6.4,19.6,6.0,0.0,0,2274,0,0
TXN002312,32.62,10,2,clothing,contactless,16.9,4.0,4.0,1.0,0,2453,0,0
TXN002313,1088.78,16,4,online,online,27.5,1.9,2.0,2.0,0,3028,0,0
TXN002314,50.41,19,2,travel,card_present,42.3,18.4,2.0,0.0,0,349,0,0
TXN002315,43.35,13,6,online,contactless,6.4,19.3,5.0,3.0,0,3215,0,0
TXN002316,28.02,16,3,clothing,card_present,17.8,1.4,3.0,0.0,0,3205,0,0
TXN002317,256.6,20,5,electronics,card_present,10.6,17.9,0.0,2.0,0,781,0,0
TXN002318,154.33,6,5,gas,contactless,28.9,1.4,2.0,1.0,0,278,0,0
TXN002319,27.33,22,2,restaurant,online,16.5,1.1,4.0,1.0,0,2550,0,0
TXN002320,31.2,16,2,gas,card_present,3.0,1.6,5.0,2.0,0,1175,0,0
TXN002321,81.43,18,0,travel,contactless,7.2,16.9,4.0,0.0,0,2063,0,0
TXN002322,62.4,6,4,clothing,online,5.3,10.8,1.0,0.0,0,2015,0,0
TXN002323,17.09,18,6,gas,card_present,11.8,0.8,4.0,2.0,0,123,0,0
TXN002324,21.36,13,1,electronics,contactless,11.1,28.9,1.0,2.0,0,3375,0,0
TXN002325,52.0,16,3,electronics,card_present,4.6,5.4,4.0,1.0,0,1631,0,0
TXN002326,57.41,9,2,electronics,contactless,8.1,8.4,4.0,1.0,0,819,0,0
TXN002327,11.95,9,0,electronics,card_present,2.2,5.6,4.0,2.0,0,1947,0,0
TXN002328,37.19,14,4,online,card_present,27.0,0.9,6.0,2.0,0,696,0,0
TXN002329,8.22,6,0,clothing,contactless,10.6,0.0,5.0,1.0,1,3486,0,0
TXN002330,67.32,14,0,travel,card_present,11.8,8.9,2.0,0.0,0,1722,0,0
TXN002331,312.41,6,2,electronics,card_present,22.5,5.0,2.0,2.0,0,1107,0,0
TXN002332,80.92,8,5,clothing,card_present,5.2,2.5,2.0,1.0,0,1719,0,0
TXN002333,27.32,9,2,travel,card_present,10.2,6.3,2.0,2.0,0,1116,0,0
TXN002334,168.66,7,1,grocery,online,14.8,15.7,3.0,2.0,0,3638,0,0
TXN002335,108.34,11,1,travel,card_present,14.3,7.6,5.0,1.0,0,2917,0,0
TXN002336,13.03,18,0,travel,online,7.1,3.6,1.0,3.0,0,1349,1,0
TXN002337,107.0,20,3,grocery,card_present,20.1,10.8,6.0,0.0,0,1348,0,0
TXN002338,89.44,11,3,clothing,card_present,12.4,7.6,2.0,0.0,0,2989,0,0
TXN002339,130.89,8,0,electronics,online,20.7,6.0,1.0,1.0,0,1974,0,0
TXN002340,210.82,18,1,grocery,online,11.1,0.6,4.0,0.0,0,2182,0,0
TXN002341,107.73,13,0,online,contactless,19.6,0.8,1.0,1.0,0,2206,0,0
TXN002342,80.08,18,2,travel,contactless,20.9,9.7,1.0,0.0,0,1915,0,0
TXN002343,199.33,15,6,restaurant,contactless,13.0,10.2,3.0,0.0,0,894,0,0
TXN002344,65.37,11,5,electronics,card_present,15.0,9.9,2.0,1.0,0,2625,0,0
TXN002345,39.72,9,6,electronics,contactless,5.8,2.6,4.0,0.0,0,777,1,0
TXN002346,18.93,12,4,restaurant,card_present,2.7,4.9,2.0,0.0,0,1686,0,0
TXN002347,74.17,10,2,gas,card_present,11.9,8.2,3.0,1.0,0,282,0,0
TXN002348,2572.75,6,1,travel,online,10.9,0.5,2.0,1.0,0,2898,0,0
TXN002349,17.63,21,4,electronics,card_present,8.7,13.4,4.0,1.0,0,3647,0,0
TXN002350,254.06,21,5,gas,card_present,21.4,8.3,6.0,1.0,0,1073,0,0
TXN002351,45.29,7,2,online,contactless,8.2,1.3,1.0,1.0,0,1578,0,0
TXN002352,315.2,11,4,clothing,online,4.0,3.6,3.0,2.0,1,2972,0,0
TXN002353,204.02,8,5,gas,card_present,20.4,14.6,2.0,1.0,0,2010,0,0
TXN002354,78.83,10,4,gas,card_present,16.5,0.7,4.0,0.0,0,973,0,0
TXN002355,54.09,14,5,clothing,card_present,7.1,15.0,5.0,2.0,0,1182,0,0
TXN002356,39.59,7,1,travel,contactless,15.5,14.6,2.0,0.0,0,2930,0,0
TXN002357,96.05,19,2,travel,contactless,1.4,11.9,5.0,0.0,0,1612,0,0
TXN002358,40.41,13,0,electronics,contactless,2.3,1.7,7.0,1.0,0,1719,1,0
TXN002359,8.03,8,3,grocery,card_present,6.4,7.2,4.0,3.0,1,2823,1,0
TXN002360,22.52,15,1,restaurant,contactless,11.2,1.9,4.0,2.0,1,2251,0,0
TXN002361,57.04,22,1,restaurant,card_present,34.0,26.4,4.0,0.0,1,2939,1,0
TXN002362,37.51,12,3,travel,card_present,8.7,0.8,1.0,2.0,0,763,1,0
TXN002363,53.93,21,3,gas,online,27.4,5.4,5.0,3.0,0,906,0,0
TXN002364,76.01,15,2,clothing,online,2.4,16.0,3.0,0.0,0,3639,1,0
TXN002365,28.4,10,4,travel,contactless,8.6,0.4,2.0,0.0,0,3366,0,0
TXN002366,46.4,10,1,gas,card_present,6.0,28.4,1.0,1.0,1,592,0,0
TXN002367,42.77,12,0,electronics,contactless,3.4,20.3,2.0,0.0,0,2771,1,0
TXN002368,105.68,22,6,electronics,card_present,32.3,8.6,1.0,2.0,0,1342,0,0
TXN002369,211.07,22,2,gas,contactless,18.3,8.6,3.0,1.0,0,278,1,0
TXN002370,33.65,20,2,restaurant,card_present,15.4,5.0,2.0,0.0,1,1083,0,0
TXN002371,97.97,18,5,gas,contactless,5.7,2.9,3.0,1.0,1,688,0,0
TXN002372,23.73,7,6,travel,online,10.8,3.8,2.0,1.0,0,2491,1,0
TXN002373,32.73,11,5,gas,contactless,3.2,10.6,3.0,3.0,0,3415,0,0
TXN002374,164.18,10,3,electronics,online,11.2,8.9,8.0,0.0,0,3623,0,0
TXN002375,74.51,22,6,electronics,card_present,18.3,9.5,5.0,4.0,0,3004,0,0
TXN002376,20.18,11,2,clothing,online,10.2,6.2,3.0,4.0,0,1184,0,0
TXN002377,197.18,18,2,grocery,card_present,25.0,13.8,4.0,0.0,0,2366,0,0
TXN002378,768.43,14,1,clothing,online,2.9,16.9,2.0,1.0,1,1937,1,0
TXN002379,57.69,18,6,gas,card_present,23.1,4.6,3.0,0.0,0,2909,0,0
TXN002380,53.83,16,6,clothing,card_present,21.9,9.3,10.0,0.0,0,2146,0,0
TXN002381,181.49,13,4,grocery,card_present,4.4,5.6,3.0,1.0,0,1836,0,0
TXN002382,19.77,11,3,electronics,contactless,44.4,2.0,3.0,0.0,1,685,0,0
TXN002383,45.11,18,5,electronics,card_present,8.2,2.3,5.0,2.0,1,3247,0,0
TXN002384,441.22,18,0,restaurant,online,7.3,6.7,1.0,0.0,1,1704,0,0
TXN002385,17.17,8,5,restaurant,online,23.0,15.6,1.0,1.0,0,1044,0,0
TXN002386,147.49,22,1,travel,card_present,44.7,15.4,5.0,1.0,0,1445,0,0
TXN002387,8.44,7,5,travel,card_present,19.3,1.0,3.0,0.0,0,200,0,0
TXN002388,78.65,18,1,electronics,card_present,33.7,10.2,4.0,1.0,0,1477,0,0
TXN002389,8.09,6,6,online,contactless,16.6,15.8,3.0,3.0,1,2124,0,0
TXN002390,216.26,6,1,travel,card_present,31.0,16.2,2.0,3.0,0,1384,0,0
TXN002391,167.65,13,2,gas,card_present,11.2,14.0,2.0,0.0,0,2061,0,0
TXN002392,5.78,9,5,clothing,online,14.4,24.2,1.0,4.0,0,1898,0,0
TXN002393,223.49,11,1,grocery,card_present,10.8,0.2,3.0,1.0,0,529,1,0
TXN002394,254.79,13,0,clothing,card_present,6.5,1.4,2.0,0.0,0,2004,0,0
TXN002395,27.78,19,5,grocery,contactless,16.2,1.7,2.0,0.0,0,2033,1,0
TXN002396,10.27,11,1,restaurant,online,2.4,3.9,2.0,0.0,1,1510,0,0
TXN002397,78.03,15,1,online,card_present,20.0,11.9,3.0,1.0,0,306,0,0
TXN002398,88.81,12,3,online,card_present,16.5,6.1,2.0,1.0,1,278,0,0
TXN002399,332.09,15,0,clothing,online,33.6,8.3,3.0,0.0,0,1533,0,0
TXN002400,45.58,9,3,online,card_present,23.1,3.6,5.0,0.0,0,2300,0,0
TXN002401,21.79,19,4,gas,online,2.3,1.1,2.0,0.0,0,1134,0,0
TXN002402,22.41,8,3,electronics,card_present,46.4,5.7,3.0,1.0,0,1421,0,0
TXN002403,25.27,13,1,gas,card_present,3.8,14.2,2.0,1.0,0,1041,0,0
TXN002404,30.57,19,0,online,online,7.2,11.6,3.0,1.0,1,3530,0,0
TXN002405,118.01,12,2,grocery,online,31.8,16.3,4.0,1.0,0,571,1,0
TXN002406,174.93,14,0,online,card_present,25.9,7.0,0.0,0.0,0,3377,1,0
TXN002407,727.46,14,3,gas,card_present,0.8,9.1,5.0,1.0,0,1614,0,0
TXN002408,28.99,6,2,restaurant,card_present,10.2,11.1,5.0,0.0,1,3115,0,0
TXN002409,198.66,0,4,jewelry,card_present,101.1,168.9,10.0,4.0,5,47,1,1
TXN002410,20.85,16,2,clothing,card_present,1.4,7.2,5.0,0.0,1,290,0,0
TXN002411,66.43,20,6,online,card_present,14.7,9.1,3.0,1.0,1,1566,0,0
TXN002412,10.17,19,1,restaurant,online,17.2,2.6,4.0,2.0,0,156,0,0
TXN002413,49.56,14,1,gas,online,25.9,15.8,6.0,0.0,0,2435,1,0
TXN002414,13.57,15,2,online,card_present,34.8,17.4,5.0,2.0,0,663,1,0
TXN002415,147.76,16,6,travel,card_present,13.3,3.4,2.0,3.0,0,1342,0,0
TXN002416,52.28,19,2,online,card_present,1.3,15.2,2.0,1.0,0,3089,0,0
TXN002417,13.37,19,1,grocery,contactless,17.8,2.0,3.0,1.0,0,3130,0,0
TXN002418,726.26,17,0,gas,card_present,21.2,6.6,5.0,0.0,0,338,0,0
TXN002419,90.18,8,6,restaurant,card_present,6.4,5.6,2.0,2.0,1,2849,1,0
TXN002420,92.47,18,2,online,card_present,13.0,5.2,2.0,1.0,0,2321,1,0
TXN002421,172.59,1,0,online,online,49.2,186.3,12.0,3.0,2,38,0,1
TXN002422,37.11,19,6,electronics,card_present,7.6,3.6,5.0,0.0,0,2885,0,0
TXN002423,8.94,11,5,grocery,online,6.3,8.0,3.0,0.0,1,244,0,0
TXN002424,27.87,11,2,clothing,online,15.9,14.9,3.0,0.0,1,2652,0,0
TXN002425,35.83,19,5,travel,card_present,18.3,3.3,3.0,0.0,0,903,1,0
TXN002426,96.94,9,0,clothing,card_present,3.6,14.3,3.0,0.0,0,754,0,0
TXN002427,110.08,9,6,gas,card_present,7.1,2.2,3.0,1.0,0,3321,0,0
TXN002428,23.26,20,1,electronics,card_present,2.4,6.9,3.0,2.0,0,1921,1,0
TXN002429,120.38,7,2,restaurant,online,36.8,32.3,5.0,2.0,1,3282,0,0
TXN002430,265.21,9,1,grocery,card_present,20.0,17.5,3.0,1.0,1,1491,1,0
TXN002431,32.88,20,4,clothing,online,27.6,2.8,1.0,0.0,1,2072,0,0
TXN002432,229.1,6,6,restaurant,card_present,23.3,6.5,2.0,2.0,0,2929,0,0
TXN002433,10.27,12,4,grocery,contactless,13.9,0.3,6.0,1.0,1,3645,0,0
TXN002434,304.61,21,2,electronics,card_present,27.2,2.2,1.0,0.0,0,761,0,0
TXN002435,120.82,6,3,electronics,contactless,12.6,2.2,3.0,0.0,1,2758,0,0
TXN002436,50.55,20,3,online,contactless,44.8,17.9,4.0,0.0,0,2177,0,0
TXN002437,14.3,16,1,clothing,card_present,10.7,21.1,6.0,0.0,0,3247,0,0
TXN002438,47.1,11,5,electronics,online,1.4,2.4,2.0,1.0,0,3554,1,0
TXN002439,288.69,18,5,online,card_present,21.4,8.7,3.0,0.0,0,1512,1,0
TXN002440,30.86,12,1,restaurant,contactless,25.5,0.7,3.0,3.0,0,1239,1,0
TXN002441,129.71,12,4,clothing,card_present,21.8,4.0,3.0,1.0,0,1538,1,0
TXN002442,198.12,18,3,restaurant,card_present,22.0,22.9,5.0,1.0,1,2942,0,0
TXN002443,20.52,6,2,electronics,card_present,9.0,9.4,3.0,0.0,0,310,0,0
TXN002444,76.33,20,1,gas,online,11.4,11.2,4.0,1.0,0,2541,0,0
TXN002445,141.62,6,3,online,contactless,33.3,24.4,4.0,2.0,0,3172,1,0
TXN002446,59.22,18,5,grocery,online,5.0,3.9,1.0,2.0,0,2951,0,0
TXN002447,44.48,6,2,clothing,card_present,5.2,6.3,5.0,1.0,1,3023,0,0
TXN002448,185.04,18,0,grocery,card_present,9.7,8.9,2.0,0.0,0,3279,1,0
TXN002449,88.46,13,0,restaurant,card_present,29.6,9.9,1.0,3.0,0,284,1,0
TXN002450,18.95,16,5,clothing,card_present,20.3,0.8,2.0,0.0,1,1225,0,0
TXN002451,242.16,6,6,online,card_present,6.2,1.6,4.0,1.0,0,2512,1,0
TXN002452,111.64,2,1,travel,card_present,174.7,155.4,6.0,2.0,5,39,1,1
TXN002453,52.74,6,6,gas,card_present,5.5,17.3,4.0,0.0,0,424,0,0
TXN002454,341.69,8,2,online,card_present,22.6,2.0,2.0,0.0,1,674,0,0
TXN002455,39.38,20,5,clothing,online,33.3,11.5,2.0,1.0,0,1835,1,0
TXN002456,4.39,14,4,electronics,contactless,2.3,5.1,2.0,1.0,1,1665,0,0
TXN002457,45.62,9,0,restaurant,card_present,13.5,2.6,4.0,0.0,0,1575,0,0
TXN002458,9.24,7,5,online,contactless,13.4,7.0,5.0,3.0,1,3597,1,0
TXN002459,211.93,19,2,travel,card_present,16.7,11.8,2.0,0.0,1,2561,0,0
TXN002460,18.98,22,1,online,card_present,2.8,5.2,7.0,0.0,0,2948,0,0
TXN002461,207.24,16,5,electronics,card_present,2.2,6.4,4.0,1.0,0,1932,0,0
TXN002462,70.58,18,1,online,card_present,19.1,9.4,1.0,0.0,0,1745,0,0
TXN002463,53.57,12,0,electronics,card_present,10.4,13.2,5.0,1.0,1,3088,0,0
TXN002464,193.23,12,0,electronics,online,17.1,6.7,4.0,0.0,1,2987,0,0
TXN002465,129.31,15,4,grocery,card_present,12.4,14.6,3.0,2.0,0,288,1,0
TXN002466,193.7,22,3,online,contactless,12.9,0.7,3.0,0.0,0,3130,0,0
TXN002467,94.71,15,3,grocery,card_present,16.2,3.1,2.0,1.0,0,1484,1,0
TXN002468,19.53,17,0,online,contactless,23.5,12.6,2.0,3.0,0,529,0,0
TXN002469,21.21,13,2,electronics,card_present,1.1,3.6,5.0,1.0,0,3373,0,0
TXN002470,329.88,22,1,online,online,23.7,6.0,2.0,1.0,0,408,0,0
TXN002471,140.6,13,2,gas,contactless,26.0,3.9,3.0,0.0,0,2855,0,0
TXN002472,42.4,16,4,travel,contactless,8.9,22.3,4.0,5.0,0,397,0,0
TXN002473,12.0,12,2,travel,card_present,16.9,3.1,4.0,0.0,0,1275,0,0
TXN002474,54.0,15,4,online,online,35.0,10.7,4.0,1.0,1,2116,0,0
TXN002475,112.9,21,5,restaurant,card_present,9.4,17.3,0.0,4.0,0,2678,0,0
TXN002476,68.65,9,0,grocery,card_present,0.4,14.7,4.0,0.0,1,74,0,0
TXN002477,102.47,14,6,restaurant,contactless,13.5,20.5,2.0,1.0,0,1168,0,0
TXN002478,105.48,15,5,restaurant,contactless,28.8,5.4,0.0,0.0,0,3626,1,0
TXN002479,15.5,11,5,clothing,online,13.8,12.4,6.0,1.0,0,3427,0,0
TXN002480,418.72,15,5,gas,contactless,4.6,3.7,2.0,2.0,0,2555,0,0
TXN002481,86.51,11,1,clothing,online,8.5,13.9,5.0,1.0,0,963,1,0
TXN002482,73.84,22,6,gas,card_present,34.3,12.9,3.0,1.0,0,1363,1,0
TXN002483,45.93,21,0,electronics,contactless,3.7,6.2,2.0,0.0,0,988,0,0
TXN002484,108.37,15,4,grocery,card_present,14.6,21.9,4.0,3.0,0,607,0,0
TXN002485,223.79,9,5,travel,online,7.4,4.7,2.0,2.0,0,721,0,0
TXN002486,119.87,18,4,clothing,online,2.3,10.7,4.0,1.0,1,1916,1,0
TXN002487,15.92,7,1,gas,card_present,0.3,6.9,1.0,3.0,0,944,0,0
TXN002488,39.62,19,2,grocery,card_present,8.9,10.4,4.0,3.0,0,3093,0,0
TXN002489,33.32,8,6,gas,online,13.9,22.5,4.0,2.0,0,1258,0,0
TXN002490,43.1,21,1,restaurant,contactless,1.1,8.2,4.0,1.0,0,1433,0,0
TXN002491,41.91,18,4,clothing,contactless,2.6,14.4,4.0,0.0,0,1262,0,0
TXN002492,283.69,6,6,online,contactless,2.3,5.4,1.0,0.0,0,165,0,0
TXN002493,134.96,22,4,travel,card_present,19.0,12.0,4.0,1.0,0,1400,0,0
TXN002494,112.38,19,3,electronics,contactless,33.7,5.4,3.0,0.0,0,2443,0,0
TXN002495,27.47,9,4,restaurant,contactless,29.8,0.3,1.0,0.0,0,1063,0,0
TXN002496,81.41,18,4,travel,card_present,0.5,6.6,5.0,1.0,0,3501,0,0
TXN002497,421.78,6,0,gas,card_present,7.6,14.3,7.0,0.0,0,1174,0,0
TXN002498,51.56,18,1,gas,card_present,1.9,2.6,5.0,3.0,0,712,0,0
TXN002499,261.03,7,0,travel,online,34.2,13.5,5.0,1.0,0,1702,0,0
TXN002500,19.73,19,2,travel,card_present,17.2,4.0,3.0,0.0,0,2019,1,0
TXN002501,104.17,7,1,gas,contactless,9.3,3.5,5.0,3.0,0,845,0,0
TXN002502,17.64,18,4,restaurant,card_present,15.7,22.9,5.0,1.0,0,3569,1,0
TXN002503,1133.32,3,3,electronics,card_present,81.1,149.0,7.0,4.0,3,7,1,1
TXN002504,3.02,20,3,electronics,contactless,0.1,1.0,4.0,0.0,1,1233,0,0
TXN002505,221.8,5,4,electronics,online,40.8,394.2,12.0,8.0,5,6,0,1
TXN002506,39.12,6,3,clothing,card_present,9.6,8.2,3.0,0.0,0,3561,0,0
TXN002507,431.91,7,0,online,online,24.4,3.2,4.0,1.0,0,2539,1,0
TXN002508,144.55,7,1,electronics,online,25.7,4.3,4.0,0.0,0,2096,1,0
TXN002509,171.2,9,0,grocery,card_present,7.6,2.1,3.0,1.0,0,1012,0,0
TXN002510,212.87,7,4,clothing,online,27.6,10.4,4.0,1.0,0,2192,1,0
TXN002511,597.75,5,4,travel,online,144.4,136.1,9.0,9.0,5,5,1,1
TXN002512,19.44,14,6,travel,card_present,4.5,26.7,3.0,1.0,0,2128,0,0
TXN002513,157.62,12,6,clothing,card_present,0.3,18.3,0.0,1.0,0,1570,0,0
TXN002514,22.3,15,1,grocery,card_present,31.1,7.9,3.0,2.0,0,360,0,0
TXN002515,128.98,12,4,electronics,online,6.5,5.7,3.0,2.0,0,3107,0,0
TXN002516,18.59,9,6,travel,card_present,21.7,0.6,3.0,0.0,1,2073,0,0
TXN002517,466.45,15,4,travel,online,6.2,6.5,4.0,1.0,0,2713,0,0
TXN002518,7097.27,3,1,online,online,127.7,148.3,10.0,3.0,3,6,0,1
TXN002519,227.87,14,3,clothing,online,29.4,5.0,7.0,0.0,0,2612,0,0
TXN002520,75.91,19,4,electronics,contactless,5.5,0.4,3.0,0.0,1,3381,0,0
TXN002521,66.05,18,6,restaurant,contactless,13.6,22.7,6.0,1.0,0,1312,0,0
TXN002522,88.4,12,1,grocery,card_present,0.4,1.8,4.0,0.0,0,949,1,0
TXN002523,18.35,20,0,travel,card_present,7.1,11.5,2.0,4.0,0,3500,0,0
TXN002524,125.23,9,0,online,online,24.0,15.3,0.0,2.0,0,1110,1,0
TXN002525,54.67,9,3,clothing,online,5.5,17.5,3.0,1.0,0,3568,0,0
TXN002526,34.76,18,6,electronics,card_present,1.4,11.8,7.0,1.0,0,939,1,0
TXN002527,41.95,15,3,grocery,online,7.7,18.2,4.0,1.0,0,2054,1,0
TXN002528,233.58,21,5,grocery,card_present,4.8,1.8,5.0,4.0,0,1254,0,0
TXN002529,85.83,13,3,electronics,card_present,11.2,8.4,2.0,0.0,0,2331,0,0
TXN002530,11.39,15,6,travel,online,4.8,6.6,2.0,0.0,1,590,0,0
TXN002531,196.28,11,1,restaurant,online,18.0,7.9,3.0,0.0,0,1487,0,0
TXN002532,237.74,20,0,restaurant,contactless,0.9,2.7,6.0,2.0,0,1593,0,0
TXN002533,91.2,20,1,grocery,online,21.5,6.6,1.0,0.0,1,1426,0,0
TXN002534,56.17,12,0,restaurant,online,17.8,3.9,1.0,1.0,1,334,0,0
TXN002535,195.47,13,4,gas,card_present,19.1,9.4,2.0,0.0,1,2961,0,0
TXN002536,107.79,8,1,gas,online,3.5,4.8,1.0,2.0,0,1727,0,0
TXN002537,75.85,10,1,clothing,contactless,14.7,14.0,6.0,0.0,1,1864,0,0
TXN002538,29.73,21,5,grocery,online,21.4,3.5,3.0,0.0,1,991,1,0
TXN002539,217.05,10,2,online,contactless,11.3,5.7,4.0,1.0,0,3303,0,0
TXN002540,57.22,11,3,grocery,online,34.6,7.4,3.0,1.0,0,2171,0,0
TXN002541,287.49,0,2,travel,online,63.3,616.9,6.0,7.0,5,59,1,1
TXN002542,7.33,14,3,restaurant,contactless,22.0,4.2,0.0,1.0,0,1023,0,0
TXN002543,16.83,6,0,clothing,card_present,7.5,1.6,2.0,0.0,0,3463,1,0
TXN002544,109.5,13,6,clothing,card_present,33.9,20.7,1.0,0.0,1,269,0,0
TXN002545,30.57,11,0,travel,card_present,16.7,14.2,3.0,0.0,0,1611,0,0
TXN002546,263.23,15,1,electronics,contactless,13.5,10.6,0.0,0.0,0,877,0,0
TXN002547,34.12,16,4,clothing,online,0.1,10.3,1.0,0.0,0,277,0,0
TXN002548,61.56,9,4,online,card_present,5.6,18.6,4.0,0.0,0,3107,1,0
TXN002549,377.33,5,2,travel,online,102.6,44.6,10.0,3.0,2,18,1,1
TXN002550,159.57,10,2,online,online,3.4,1.3,2.0,1.0,0,3030,0,0
TXN002551,47.87,20,2,travel,contactless,11.3,10.2,4.0,0.0,0,2563,0,0
TXN002552,20.77,20,3,online,card_present,14.2,5.5,4.0,0.0,0,385,0,0
TXN002553,22.65,1,0,electronics,online,363.3,318.5,11.0,6.0,3,10,1,1
TXN002554,66.16,18,5,restaurant,online,20.3,4.0,2.0,0.0,1,178,1,0
TXN002555,181.15,7,5,electronics,contactless,13.6,17.3,2.0,0.0,0,3103,0,0
TXN002556,17.23,17,4,clothing,online,22.8,0.9,1.0,2.0,1,328,0,0
TXN002557,114.85,15,6,restaurant,online,20.4,9.5,1.0,0.0,0,550,0,0
TXN002558,25.21,21,2,travel,contactless,18.8,3.2,3.0,1.0,0,496,0,0
TXN002559,3.16,7,0,electronics,card_present,9.7,8.2,1.0,0.0,0,562,0,0
TXN002560,58.95,10,5,gas,card_present,3.6,7.2,5.0,3.0,0,2885,1,0
TXN002561,28.86,13,5,electronics,card_present,2.5,5.1,1.0,1.0,1,3372,0,0
TXN002562,159.75,21,1,grocery,online,35.6,1.6,2.0,0.0,0,3593,0,0
TXN002563,14.66,9,0,gas,online,10.5,0.8,2.0,0.0,0,304,1,0
TXN002564,24.09,21,4,grocery,card_present,27.8,27.7,3.0,1.0,0,50,0,0
TXN002565,85.27,8,4,gas,contactless,3.6,9.1,3.0,1.0,0,2664,0,0
TXN002566,47.96,13,0,electronics,contactless,44.9,6.2,2.0,2.0,0,3638,0,0
TXN002567,31.63,19,6,gas,card_present,7.9,9.3,3.0,5.0,0,3603,1,0
TXN002568,293.92,22,0,clothing,contactless,18.0,5.0,4.0,1.0,0,3197,1,0
TXN002569,210.84,15,2,online,contactless,19.8,15.1,3.0,0.0,0,1854,1,0
TXN002570,139.17,17,3,gas,card_present,21.5,3.3,3.0,1.0,0,218,0,0
TXN002571,56.9,19,4,online,card_present,18.5,4.0,4.0,0.0,0,3012,1,0
TXN002572,22.61,21,0,electronics,card_present,17.3,17.6,1.0,1.0,1,3134,0,0
TXN002573,177.07,18,3,gas,online,11.9,2.2,1.0,0.0,0,125,0,0
TXN002574,38.76,12,5,gas,contactless,6.8,1.5,7.0,1.0,0,567,0,0
TXN002575,86.21,19,6,clothing,card_present,34.7,6.9,1.0,0.0,0,1275,1,0
TXN002576,38.38,9,4,clothing,contactless,6.4,0.9,4.0,1.0,0,3091,0,0
TXN002577,31.48,8,6,gas,card_present,17.3,2.0,3.0,0.0,0,1091,0,0
TXN002578,280.45,22,3,online,card_present,350.6,747.8,5.0,6.0,2,19,1,1
TXN002579,99.85,9,5,restaurant,card_present,13.0,4.8,4.0,0.0,0,2504,0,0
TXN002580,73.67,17,6,travel,online,9.2,4.6,1.0,1.0,0,2037,0,0
TXN002581,55.46,11,3,grocery,card_present,18.5,5.9,2.0,0.0,1,3462,0,0
TXN002582,17.92,21,2,travel,card_present,27.3,2.2,3.0,2.0,0,2973,0,0
TXN002583,62.93,8,3,gas,online,19.6,5.7,1.0,1.0,0,2849,1,0
TXN002584,189.97,11,2,electronics,card_present,5.2,24.4,1.0,1.0,0,968,0,0
TXN002585,187.68,18,4,travel,card_present,4.5,8.5,2.0,2.0,0,1082,1,0
TXN002586,123.44,20,3,restaurant,card_present,24.5,13.9,1.0,2.0,0,1216,0,0
TXN002587,869.9,13,6,electronics,contactless,29.4,20.2,2.0,0.0,0,2233,0,0
TXN002588,15.35,14,0,restaurant,card_present,17.1,17.8,4.0,2.0,0,2768,0,0
TXN002589,104.12,6,3,gas,card_present,3.4,14.1,8.0,1.0,0,983,0,0
TXN002590,53.02,20,6,travel,card_present,21.4,10.4,2.0,0.0,0,2734,0,0
TXN002591,26.4,13,6,gas,card_present,0.7,11.7,2.0,0.0,0,1247,1,0
TXN002592,12.15,8,6,clothing,contactless,18.4,3.3,2.0,2.0,0,2526,0,0
TXN002593,268.53,14,3,electronics,contactless,0.7,5.6,3.0,0.0,0,3540,0,0
TXN002594,28.03,12,2,clothing,contactless,0.5,12.2,2.0,1.0,0,330,1,0
TXN002595,105.2,14,1,online,card_present,2.8,9.4,2.0,1.0,0,695,0,0
TXN002596,56.46,8,6,grocery,online,5.1,15.4,0.0,0.0,0,1413,0,0
TXN002597,5.72,22,1,restaurant,online,30.2,1.5,1.0,0.0,0,1503,0,0
TXN002598,35.51,14,3,clothing,card_present,23.3,5.9,2.0,1.0,0,3397,0,0
TXN002599,70.79,14,3,online,online,0.6,10.3,2.0,0.0,0,3603,0,0
TXN002600,720.33,22,5,online,card_present,8.9,10.2,5.0,1.0,0,1888,0,0
TXN002601,101.56,10,1,clothing,online,20.2,8.5,2.0,0.0,0,752,1,0
TXN002602,29.04,17,1,clothing,card_present,15.3,3.1,2.0,0.0,0,2436,0,0
TXN002603,36.76,13,5,online,online,11.7,5.9,2.0,1.0,1,1503,0,0
TXN002604,6.41,7,5,gas,contactless,11.5,7.7,3.0,4.0,0,1585,0,0
TXN002605,47.74,21,5,grocery,card_present,17.2,1.4,2.0,0.0,1,2006,0,0
TXN002606,53.3,9,3,electronics,online,12.3,14.8,3.0,1.0,0,1820,0,0
TXN002607,45.42,11,2,travel,contactless,13.3,12.5,5.0,2.0,1,1172,0,0
TXN002608,3.21,18,6,grocery,online,12.9,14.4,1.0,2.0,0,472,0,0
TXN002609,160.03,19,2,gas,online,27.1,15.0,0.0,1.0,0,3379,1,0
TXN002610,179.27,16,3,gas,card_present,1.4,11.3,2.0,1.0,0,645,1,0
TXN002611,81.21,18,3,electronics,card_present,28.6,7.3,3.0,1.0,0,818,0,0
TXN002612,2.6,9,1,grocery,card_present,17.0,18.6,4.0,1.0,0,854,0,0
TXN002613,94.97,7,4,online,contactless,10.6,3.2,5.0,2.0,1,3110,0,0
TXN002614,50.86,16,4,clothing,online,15.2,4.4,1.0,0.0,0,350,1,0
TXN002615,33.65,18,4,electronics,card_present,27.9,26.7,3.0,2.0,0,2826,0,0
TXN002616,580.49,12,6,travel,contactless,0.2,2.9,4.0,1.0,1,2894,0,0
TXN002617,49.19,18,5,clothing,contactless,22.9,31.2,2.0,1.0,0,2961,0,0
TXN002618,24.41,18,3,grocery,card_present,14.9,12.8,1.0,2.0,1,2189,0,0
TXN002619,81.07,22,0,gas,online,18.4,0.5,5.0,0.0,0,2067,0,0
TXN002620,14.19,18,4,clothing,card_present,2.7,9.8,2.0,3.0,0,3423,0,0
TXN002621,55.59,20,4,travel,online,0.0,1.3,5.0,0.0,0,1901,1,0
TXN002622,17.72,12,4,restaurant,contactless,8.8,3.6,4.0,0.0,1,957,0,0
TXN002623,65.99,9,3,gas,card_present,15.0,3.9,3.0,1.0,0,1473,0,0
TXN002624,160.56,7,6,online,card_present,27.2,6.2,1.0,0.0,0,1212,0,0
TXN002625,17.23,15,0,electronics,card_present,3.4,24.7,4.0,0.0,0,2907,0,0
TXN002626,50.24,14,3,gas,online,0.5,19.2,3.0,2.0,0,3270,0,0
TXN002627,26.91,22,4,clothing,card_present,16.2,4.9,4.0,1.0,1,3252,0,0
TXN002628,160.01,13,6,gas,contactless,14.8,4.3,2.0,0.0,0,3005,0,0
TXN002629,12.22,13,1,gas,online,25.3,24.9,0.0,0.0,0,2019,1,0
TXN002630,30.6,16,1,clothing,online,12.2,15.4,5.0,1.0,0,1829,0,0
TXN002631,6.53,13,6,online,online,18.2,21.3,1.0,0.0,0,3318,1,0
TXN002632,233.33,10,2,electronics,card_present,3.2,10.8,2.0,1.0,0,2837,0,0
TXN002633,28.3,8,0,gas,card_present,19.6,2.1,3.0,1.0,0,2406,0,0
TXN002634,95.87,10,4,electronics,card_present,12.5,0.1,5.0,0.0,0,2499,0,0
TXN002635,24.08,19,2,restaurant,online,13.2,11.5,4.0,0.0,0,1990,1,0
TXN002636,74.65,19,5,travel,card_present,12.3,10.7,6.0,0.0,1,1574,0,0
TXN002637,12.37,8,3,electronics,card_present,26.0,20.5,2.0,0.0,0,2582,0,0
TXN002638,113.54,8,3,electronics,contactless,8.9,1.8,3.0,0.0,1,2868,0,0
TXN002639,6.86,20,5,electronics,online,22.0,1.7,4.0,1.0,0,1991,0,0
TXN002640,45.19,16,0,clothing,contactless,3.5,7.1,1.0,0.0,0,1629,0,0
TXN002641,132.57,13,6,online,card_present,1.1,7.6,1.0,0.0,1,3443,0,0
TXN002642,233.02,10,6,gas,card_present,2.4,13.2,4.0,0.0,0,3474,0,0
TXN002643,18.15,17,2,online,card_present,20.3,8.6,2.0,1.0,1,61,1,0
TXN002644,50.53,9,4,restaurant,contactless,1.5,2.7,3.0,2.0,0,3339,0,0
TXN002645,54.66,6,3,grocery,card_present,4.4,0.9,2.0,2.0,0,1410,0,0
TXN002646,54.99,12,3,clothing,card_present,29.9,13.2,2.0,1.0,0,2332,1,0
TXN002647,42.8,13,2,travel,online,17.6,12.4,2.0,1.0,0,3343,0,0
TXN002648,11.18,18,1,grocery,online,11.8,2.7,2.0,2.0,1,2543,0,0
TXN002649,52.92,10,2,travel,online,4.9,8.2,4.0,1.0,0,70,0,0
TXN002650,65.69,11,1,clothing,online,29.8,8.6,1.0,4.0,0,2821,0,0
TXN002651,67.16,8,1,travel,contactless,3.6,13.1,2.0,0.0,0,2662,1,0
TXN002652,103.63,15,2,gas,contactless,3.9,9.0,5.0,1.0,1,1386,0,0
TXN002653,42.41,7,5,restaurant,contactless,3.3,9.9,1.0,0.0,1,2113,1,0
TXN002654,225.55,6,0,clothing,card_present,7.6,7.0,1.0,0.0,0,2791,0,0
TXN002655,10.04,6,2,online,card_present,14.2,8.8,6.0,0.0,0,2887,0,0
TXN002656,46.73,11,6,electronics,online,18.4,4.1,3.0,0.0,0,2319,0,0
TXN002657,91.62,20,3,online,card_present,1.7,8.5,5.0,1.0,0,3175,0,0
TXN002658,1233.59,21,3,grocery,contactless,2.8,11.1,2.0,4.0,0,1838,0,0
TXN002659,50.43,17,3,grocery,card_present,22.4,2.6,6.0,0.0,0,2117,0,0
TXN002660,66.29,7,4,travel,contactless,13.4,13.0,6.0,0.0,0,1532,1,0
TXN002661,79.9,12,2,restaurant,card_present,7.2,12.8,6.0,0.0,1,1094,0,0
TXN002662,16.92,15,5,gas,card_present,15.8,2.5,3.0,3.0,0,73,0,0
TXN002663,388.61,20,2,gas,online,18.0,0.7,2.0,2.0,1,1614,1,0
TXN002664,87.9,7,0,gas,contactless,19.7,17.7,2.0,3.0,0,312,1,0
TXN002665,18.54,10,5,travel,contactless,15.9,5.8,0.0,1.0,0,2351,0,0
TXN002666,20.48,7,4,clothing,card_present,24.7,11.1,2.0,2.0,0,1821,1,0
TXN002667,164.84,7,3,online,card_present,27.3,21.2,2.0,2.0,0,812,1,0
TXN002668,28.09,10,6,gas,online,36.5,15.7,1.0,0.0,1,709,0,0
TXN002669,8.96,15,4,online,contactless,3.0,17.7,3.0,0.0,0,652,0,0
TXN002670,33.78,14,2,online,contactless,21.1,9.6,4.0,0.0,1,2465,0,0
TXN002671,8.84,18,4,restaurant,card_present,29.2,0.2,7.0,1.0,0,3152,0,0
TXN002672,101.08,14,2,restaurant,card_present,17.7,22.5,6.0,2.0,0,208,1,0
TXN002673,21.79,9,6,grocery,card_present,10.3,10.8,5.0,0.0,0,1438,0,0
TXN002674,13.02,13,6,online,card_present,4.5,10.3,3.0,2.0,0,2795,1,0
TXN002675,20.76,18,4,travel,card_present,3.5,22.7,1.0,1.0,0,3194,0,0
TXN002676,45.14,20,0,travel,card_present,10.7,0.3,1.0,0.0,1,3174,0,0
TXN002677,7.48,11,3,gas,card_present,17.5,24.1,5.0,3.0,0,2813,0,0
TXN002678,66.34,10,5,electronics,card_present,20.0,9.7,1.0,1.0,0,698,0,0
TXN002679,20.02,7,6,clothing,card_present,8.9,5.6,5.0,2.0,1,1968,0,0
TXN002680,1287.12,4,1,jewelry,online,15.2,336.8,12.0,2.0,2,18,0,1
TXN002681,109.36,10,2,online,card_present,21.9,3.4,3.0,1.0,0,1230,0,0
TXN002682,96.78,22,4,gas,card_present,34.0,1.8,1.0,2.0,0,2772,0,0
TXN002683,26.6,11,3,clothing,card_present,16.7,16.7,4.0,0.0,0,902,0,0
TXN002684,85.86,12,3,online,card_present,14.5,2.8,3.0,1.0,1,2979,1,0
TXN002685,131.5,17,4,grocery,online,7.3,19.0,3.0,1.0,0,1034,0,0
TXN002686,64.93,22,5,travel,online,14.6,14.4,3.0,1.0,0,1007,0,0
TXN002687,45.37,20,1,electronics,card_present,0.4,3.1,3.0,0.0,0,2528,0,0
TXN002688,32.98,6,2,online,card_present,6.4,1.7,2.0,1.0,0,2200,0,0
TXN002689,106.66,7,0,electronics,contactless,13.4,6.6,4.0,1.0,1,2434,0,0
TXN002690,87.83,16,0,electronics,contactless,13.8,6.3,2.0,0.0,0,3067,0,0
TXN002691,127.75,14,4,electronics,contactless,28.2,20.2,4.0,1.0,1,2137,0,0
TXN002692,35.29,22,6,gas,online,0.3,13.2,9.0,0.0,0,2714,0,0
TXN002693,36.84,10,1,restaurant,contactless,16.7,16.5,1.0,2.0,0,2697,0,0
TXN002694,51.73,11,3,grocery,card_present,45.1,8.4,1.0,1.0,0,2741,1,0
TXN002695,89.05,22,0,gas,card_present,9.1,9.7,0.0,2.0,1,1820,0,0
TXN002696,83.1,12,1,gas,card_present,2.7,14.0,1.0,2.0,0,259,0,0
TXN002697,78.39,6,1,travel,online,14.4,18.7,5.0,3.0,0,2305,0,0
TXN002698,98.96,19,5,clothing,card_present,7.7,6.2,5.0,1.0,0,3559,0,0
TXN002699,76.99,13,6,gas,card_present,7.7,9.0,5.0,0.0,0,3343,0,0
TXN002700,70.86,8,6,clothing,card_present,33.4,15.2,2.0,1.0,0,1153,1,0
TXN002701,121.77,22,0,electronics,card_present,14.3,9.3,5.0,1.0,0,3406,0,0
TXN002702,683.3,15,4,grocery,online,0.8,3.2,7.0,2.0,0,425,1,0
TXN002703,249.46,10,2,electronics,card_present,11.7,2.1,0.0,1.0,0,2314,1,0
TXN002704,14.91,14,6,grocery,online,28.9,0.3,4.0,1.0,0,1389,0,0
TXN002705,10.95,6,3,travel,card_present,8.7,0.9,3.0,1.0,0,3348,0,0
TXN002706,85.4,21,4,grocery,online,21.4,26.8,5.0,3.0,0,1383,0,0
TXN002707,81.02,12,5,gas,card_present,27.6,0.1,3.0,3.0,0,278,0,0
TXN002708,29.2,22,0,restaurant,card_present,5.6,4.3,0.0,0.0,0,1512,0,0
TXN002709,598.46,21,6,gas,card_present,17.5,8.7,4.0,0.0,0,2375,0,0
TXN002710,217.34,10,5,grocery,card_present,12.7,10.6,4.0,0.0,1,1286,1,0
TXN002711,41.24,22,5,gas,online,13.7,15.9,4.0,0.0,1,1772,0,0
TXN002712,26.3,14,5,electronics,online,1.6,3.5,5.0,0.0,0,2449,0,0
TXN002713,57.78,13,6,clothing,card_present,24.1,1.8,6.0,1.0,1,1887,0,0
TXN002714,64.8,10,4,restaurant,contactless,25.5,17.2,4.0,2.0,0,1651,0,0
TXN002715,42.63,8,3,gas,card_present,17.6,8.1,4.0,1.0,0,3246,0,0
TXN002716,69.24,20,6,grocery,online,1.9,9.1,5.0,1.0,1,2303,0,0
TXN002717,211.11,19,2,travel,online,8.1,15.2,1.0,0.0,0,3277,1,0
TXN002718,343.16,20,6,electronics,card_present,6.5,14.2,0.0,0.0,1,430,0,0
TXN002719,13.26,18,3,gas,online,17.1,15.9,3.0,1.0,0,2032,0,0
TXN002720,171.36,10,3,online,contactless,20.3,4.1,6.0,2.0,0,3451,0,0
TXN002721,643.82,4,4,jewelry,online,167.8,413.2,8.0,0.0,5,40,0,1
TXN002722,30.23,14,6,restaurant,contactless,16.5,18.4,3.0,1.0,0,2632,0,0
TXN002723,157.24,12,4,gas,card_present,4.6,1.0,3.0,2.0,0,3468,0,0
TXN002724,27.01,19,2,restaurant,card_present,23.6,0.3,3.0,0.0,0,399,0,0
TXN002725,705.0,6,3,travel,contactless,13.7,2.2,3.0,0.0,0,1853,0,0
TXN002726,83.14,13,3,online,card_present,5.3,2.9,3.0,0.0,0,2631,0,0
TXN002727,105.59,19,3,travel,card_present,28.1,2.5,6.0,0.0,0,366,0,0
TXN002728,45.35,15,3,online,online,16.8,19.0,2.0,1.0,0,952,1,0
TXN002729,79.98,22,4,online,card_present,6.4,7.6,4.0,0.0,0,3331,0,0
TXN002730,39.57,16,5,clothing,contactless,13.1,9.8,1.0,1.0,0,2023,0,0
TXN002731,86.49,13,1,travel,card_present,20.7,0.6,5.0,3.0,0,1444,0,0
TXN002732,54.89,13,0,clothing,card_present,2.0,29.4,4.0,0.0,1,1316,1,0
TXN002733,58.9,11,4,travel,online,18.6,11.4,2.0,0.0,0,939,0,0
TXN002734,31.48,15,3,grocery,contactless,29.9,0.8,5.0,0.0,0,2530,0,0
TXN002735,27.77,1,5,online,online,483.5,303.7,8.0,6.0,1,11,1,1
TXN002736,143.08,12,4,travel,contactless,11.5,1.4,2.0,0.0,0,1643,0,0
TXN002737,25.12,19,1,restaurant,card_present,30.7,7.5,2.0,0.0,0,1992,1,0
TXN002738,6.69,12,2,electronics,contactless,6.1,19.7,3.0,0.0,0,1732,0,0
TXN002739,48.24,17,1,clothing,card_present,0.4,11.3,2.0,0.0,0,1518,0,0
TXN002740,23.99,22,6,restaurant,contactless,9.9,14.5,7.0,3.0,1,1268,0,0
TXN002741,18.03,9,0,grocery,online,8.7,2.2,1.0,1.0,0,623,0,0
TXN002742,55.27,17,0,grocery,online,9.1,7.9,0.0,0.0,0,2681,1,0
TXN002743,63.35,10,5,clothing,online,30.3,9.8,4.0,1.0,1,686,0,0
TXN002744,49.21,8,5,restaurant,card_present,12.8,8.0,2.0,2.0,1,1712,0,0
TXN002745,170.7,18,4,travel,card_present,7.3,5.0,5.0,3.0,0,2569,0,0
TXN002746,24.16,21,2,restaurant,contactless,17.8,0.4,1.0,1.0,0,2181,0,0
TXN002747,156.59,22,3,grocery,online,5.6,15.0,4.0,2.0,0,1689,1,0
TXN002748,268.86,19,5,clothing,card_present,28.7,12.3,4.0,1.0,0,2322,0,0
TXN002749,15.17,19,4,online,card_present,10.8,1.6,2.0,0.0,0,1523,0,0
TXN002750,30.46,17,4,electronics,online,0.2,6.1,3.0,0.0,0,1133,0,0
TXN002751,49.7,18,0,travel,card_present,7.8,2.6,2.0,1.0,0,2350,1,0
TXN002752,405.23,5,4,jewelry,card_present,2.3,277.9,18.0,7.0,2,41,1,1
TXN002753,145.85,0,6,jewelry,card_present,143.4,549.0,3.0,6.0,2,13,1,1
TXN002754,20.0,15,1,gas,card_present,36.9,5.7,6.0,1.0,0,3279,0,0
TXN002755,2230.65,22,3,electronics,online,70.1,562.6,8.0,5.0,5,53,1,1
TXN002756,124.76,17,5,electronics,card_present,4.4,1.0,2.0,1.0,1,3318,0,0
TXN002757,29.59,15,6,online,card_present,32.2,6.4,1.0,2.0,0,1660,0,0
TXN002758,70.65,14,3,electronics,online,11.0,0.7,4.0,0.0,1,1940,0,0
TXN002759,53.51,7,1,clothing,contactless,31.2,11.9,1.0,1.0,0,3594,0,0
TXN002760,44.87,17,1,travel,card_present,8.8,10.5,4.0,1.0,0,590,0,0
TXN002761,175.52,15,4,gas,card_present,4.6,11.8,0.0,4.0,0,1941,1,0
TXN002762,62.55,12,6,gas,contactless,11.1,4.0,2.0,1.0,1,1507,0,0
TXN002763,55.38,17,1,gas,card_present,16.1,9.2,3.0,2.0,0,1796,0,0
TXN002764,109.83,15,4,online,contactless,29.9,1.1,2.0,1.0,0,1184,0,0
TXN002765,16.65,12,0,online,online,17.1,1.5,4.0,0.0,0,484,0,0
TXN002766,121.89,17,5,restaurant,card_present,0.1,5.9,5.0,2.0,1,2267,0,0
TXN002767,29.59,18,2,clothing,online,0.5,4.8,1.0,0.0,0,804,1,0
TXN002768,22.22,12,1,grocery,online,20.2,6.1,1.0,0.0,0,1912,0,0
TXN002769,69.01,17,0,travel,online,12.2,0.8,3.0,1.0,1,99,1,0
TXN002770,23.63,16,5,grocery,online,19.6,7.1,4.0,1.0,0,3303,1,0
TXN002771,81.72,13,2,electronics,online,6.6,8.3,4.0,1.0,0,3334,0,0
TXN002772,41.7,12,6,gas,contactless,26.1,2.3,4.0,1.0,0,1836,0,0
TXN002773,90.56,22,5,clothing,contactless,26.1,2.7,3.0,2.0,1,1731,0,0
TXN002774,12.41,7,6,clothing,card_present,2.1,1.1,1.0,1.0,0,3265,0,0
TXN002775,98.01,14,5,electronics,card_present,30.0,8.3,2.0,1.0,1,2798,0,0
TXN002776,300.05,2,5,travel,online,56.2,167.6,10.0,3.0,3,27,1,1
TXN002777,23.67,11,0,online,card_present,15.5,1.4,6.0,0.0,0,3418,0,0
TXN002778,75.17,18,6,electronics,online,16.0,4.1,3.0,1.0,0,802,0,0
TXN002779,131.49,20,2,travel,card_present,26.1,20.9,3.0,1.0,0,2430,0,0
TXN002780,105.6,14,4,gas,card_present,2.8,2.1,2.0,2.0,0,2167,0,0
TXN002781,299.62,9,3,clothing,contactless,4.0,6.4,2.0,1.0,0,2680,1,0
TXN002782,111.57,9,6,online,card_present,0.9,3.5,4.0,3.0,0,1907,0,0
TXN002783,176.4,9,6,online,online,8.5,0.8,3.0,1.0,0,3534,0,0
TXN002784,33.61,8,1,clothing,card_present,19.8,18.1,1.0,1.0,0,1554,0,0
TXN002785,49.51,21,6,electronics,card_present,37.9,17.9,2.0,2.0,0,275,0,0
TXN002786,111.89,9,0,electronics,card_present,13.0,10.1,3.0,0.0,0,957,0,0
TXN002787,131.82,19,1,clothing,card_present,15.5,4.6,3.0,0.0,0,800,0,0
TXN002788,9.23,16,3,grocery,online,8.5,6.9,2.0,4.0,0,736,1,0
TXN002789,7602.41,1,0,online,card_present,54.0,200.4,8.0,5.0,3,44,1,1
TXN002790,46.47,12,3,electronics,contactless,9.6,2.4,1.0,0.0,0,2136,0,0
TXN002791,82.8,17,2,electronics,online,9.0,1.0,2.0,0.0,0,821,0,0
TXN002792,64.62,16,1,travel,online,11.9,22.1,3.0,1.0,0,1236,0,0
TXN002793,47.11,7,2,restaurant,card_present,25.6,3.5,1.0,0.0,1,996,0,0
TXN002794,43.32,9,5,clothing,online,27.2,8.4,3.0,1.0,0,56,0,0
TXN002795,108.38,16,0,grocery,online,6.2,18.3,1.0,0.0,0,837,1,0
TXN002796,89.9,19,4,grocery,card_present,21.5,6.3,3.0,0.0,1,2466,1,0
TXN002797,78.68,14,4,grocery,card_present,18.4,2.1,3.0,1.0,0,294,0,0
TXN002798,14.93,20,5,clothing,online,11.2,2.0,8.0,1.0,0,2246,1,0
TXN002799,39.83,19,0,restaurant,card_present,5.3,6.7,5.0,0.0,1,610,0,0
TXN002800,10.68,10,3,online,card_present,3.2,4.5,5.0,0.0,0,1692,0,0
TXN002801,22.19,19,5,online,contactless,0.8,0.9,2.0,1.0,0,326,0,0
TXN002802,37.04,15,3,gas,online,24.0,7.5,5.0,0.0,0,1752,0,0
TXN002803,597.11,10,5,restaurant,online,12.8,12.0,3.0,1.0,0,2482,1,0
TXN002804,90.73,19,2,electronics,online,18.4,10.0,4.0,0.0,0,2411,0,0
TXN002805,253.84,22,0,travel,card_present,271.7,332.3,11.0,6.0,4,30,1,1
TXN002806,13.18,9,5,gas,card_present,1.3,8.4,3.0,2.0,0,335,0,0
TXN002807,23.17,22,5,clothing,contactless,24.0,21.7,3.0,2.0,0,2025,0,0
TXN002808,42.56,22,4,grocery,card_present,14.1,21.7,1.0,3.0,0,1908,1,0
TXN002809,268.28,21,1,electronics,card_present,2.7,12.5,5.0,2.0,0,2073,0,0
TXN002810,73.28,22,1,clothing,online,23.3,16.0,1.0,1.0,0,559,0,0
TXN002811,16.47,21,2,gas,card_present,5.7,16.9,3.0,0.0,0,949,0,0
TXN002812,120.19,7,0,gas,online,11.5,3.7,2.0,0.0,0,2405,0,0
TXN002813,31.06,22,2,gas,online,0.6,11.6,5.0,0.0,0,791,0,0
TXN002814,49.23,11,3,restaurant,card_present,17.7,13.8,0.0,0.0,0,493,0,0
TXN002815,26.97,18,6,clothing,card_present,29.8,1.9,2.0,1.0,0,1493,0,0
TXN002816,20.33,13,0,electronics,contactless,11.1,4.8,3.0,1.0,0,900,0,0
TXN002817,138.81,18,6,travel,online,9.2,1.4,2.0,1.0,0,1377,0,0
TXN002818,78.37,8,0,restaurant,online,12.7,8.2,4.0,1.0,1,2840,0,0
TXN002819,4.61,12,0,electronics,card_present,32.5,5.8,2.0,1.0,0,3181,0,0
TXN002820,57.33,20,3,restaurant,online,2.7,7.7,3.0,0.0,0,2177,0,0
TXN002821,68.99,21,3,restaurant,online,11.9,4.9,3.0,2.0,0,508,1,0
TXN002822,116.63,16,2,electronics,card_present,6.8,15.8,4.0,1.0,0,1042,1,0
TXN002823,6.1,14,3,clothing,card_present,25.8,2.7,5.0,4.0,0,2503,0,0
TXN002824,731.2,2,0,travel,online,428.3,240.2,12.0,4.0,1,26,1,1
TXN002825,143.19,15,3,gas,card_present,17.3,8.9,4.0,1.0,0,1879,0,0
TXN002826,48.19,17,6,electronics,contactless,7.7,5.8,6.0,0.0,0,2267,0,0
TXN002827,25.05,7,6,restaurant,contactless,18.7,7.0,0.0,1.0,0,1281,1,0
TXN002828,29.08,21,2,restaurant,card_present,8.0,6.1,0.0,3.0,1,1917,0,0
TXN002829,39.32,16,5,electronics,online,4.0,14.8,2.0,2.0,1,1674,0,0
TXN002830,68.29,14,3,travel,online,3.9,2.1,3.0,2.0,0,1090,0,0
TXN002831,60.66,20,6,travel,contactless,0.1,5.0,3.0,1.0,0,2717,0,0
TXN002832,22.56,9,0,gas,card_present,6.3,12.5,3.0,0.0,0,2969,0,0
TXN002833,254.06,22,6,electronics,online,321.4,351.0,6.0,1.0,5,22,1,1
TXN002834,55.85,21,0,clothing,contactless,21.5,6.2,0.0,0.0,0,3480,0,0
TXN002835,424.8,22,5,electronics,card_present,398.2,351.1,10.0,3.0,2,6,1,1
TXN002836,12.83,10,5,grocery,contactless,5.0,4.4,2.0,1.0,0,3014,0,0
TXN002837,34.88,7,3,restaurant,card_present,54.3,19.8,1.0,2.0,0,1240,0,0
TXN002838,20.27,14,1,travel,card_present,6.8,3.9,3.0,1.0,0,2566,0,0
TXN002839,104.26,7,1,restaurant,contactless,12.6,6.8,2.0,0.0,0,1615,0,0
TXN002840,144.78,12,4,clothing,card_present,14.9,8.4,1.0,3.0,0,2471,0,0
TXN002841,11.42,6,3,grocery,online,4.9,4.7,4.0,1.0,0,3195,0,0
TXN002842,36.6,17,2,online,contactless,34.0,3.8,2.0,0.0,0,2242,0,0
TXN002843,24.5,12,1,travel,card_present,16.6,4.6,3.0,0.0,0,2955,1,0
TXN002844,8.42,14,3,clothing,contactless,6.0,3.0,0.0,2.0,0,61,0,0
TXN002845,30.19,15,6,electronics,online,7.3,9.1,3.0,0.0,1,3487,0,0
TXN002846,16.87,20,0,online,online,12.2,10.7,3.0,0.0,1,1145,1,0
TXN002847,18.39,19,3,restaurant,online,8.1,0.2,2.0,1.0,0,252,1,0
TXN002848,69.61,14,6,online,contactless,1.9,7.8,4.0,1.0,1,1697,1,0
TXN002849,19.1,18,1,grocery,online,30.5,1.2,3.0,0.0,0,1836,0,0
TXN002850,122.68,22,1,clothing,card_present,3.7,8.8,2.0,0.0,0,161,0,0
TXN002851,272.81,21,4,restaurant,contactless,12.0,7.8,2.0,1.0,0,194,0,0
TXN002852,39.27,9,3,restaurant,online,9.5,2.0,1.0,0.0,0,2855,1,0
TXN002853,27.7,8,6,travel,card_present,23.0,8.4,7.0,0.0,0,1229,0,0
TXN002854,96.22,15,6,online,contactless,11.0,3.1,2.0,0.0,0,1171,1,0
TXN002855,41.78,15,4,travel,online,13.5,8.1,3.0,1.0,0,1361,0,0
TXN002856,38.58,15,3,gas,contactless,31.1,5.9,1.0,0.0,0,2913,0,0
TXN002857,33.6,22,2,grocery,online,2.2,0.4,4.0,1.0,0,1346,0,0
TXN002858,12.95,17,2,electronics,contactless,2.2,6.8,1.0,0.0,0,1192,1,0
TXN002859,559.78,0,5,online,online,46.1,426.8,12.0,2.0,1,14,1,1
TXN002860,14.36,12,1,gas,online,22.0,4.0,4.0,0.0,0,2536,0,0
TXN002861,40.11,20,0,online,card_present,12.7,3.0,1.0,1.0,0,3459,0,0
TXN002862,28.87,21,0,restaurant,card_present,14.0,1.8,1.0,1.0,0,3523,0,0
TXN002863,28.52,16,2,gas,card_present,16.6,4.9,5.0,2.0,0,2089,0,0
TXN002864,428.7,17,1,online,card_present,24.2,4.6,3.0,0.0,0,3579,0,0
TXN002865,80.95,19,0,online,card_present,21.2,10.7,0.0,0.0,0,1290,0,0
TXN002866,70.99,18,4,grocery,contactless,5.2,11.0,2.0,1.0,0,3531,0,0
TXN002867,31.33,18,5,restaurant,contactless,9.6,1.4,5.0,0.0,0,1256,0,0
TXN002868,62.5,17,3,clothing,card_present,18.7,2.7,5.0,1.0,0,1986,0,0
TXN002869,83.58,19,4,gas,online,24.8,13.7,3.0,0.0,0,3195,0,0
TXN002870,16.66,9,3,grocery,card_present,1.7,6.5,2.0,1.0,0,1625,1,0
TXN002871,217.95,19,3,electronics,online,14.3,10.9,1.0,0.0,0,2656,0,0
TXN002872,11.95,15,3,online,contactless,16.4,8.0,2.0,2.0,1,2330,0,0
TXN002873,25.83,10,3,electronics,card_present,19.1,4.5,2.0,1.0,0,2390,1,0
TXN002874,37.43,22,0,online,card_present,44.7,9.1,1.0,0.0,0,2869,0,0
TXN002875,43.88,14,6,travel,card_present,2.8,6.1,2.0,0.0,1,2053,0,0
TXN002876,13.85,7,1,travel,contactless,14.0,6.6,4.0,1.0,0,823,0,0
TXN002877,109.98,6,3,clothing,online,0.8,2.4,0.0,0.0,0,2317,0,0
TXN002878,73.65,17,6,clothing,online,23.2,21.3,1.0,0.0,0,2821,0,0
TXN002879,715.77,18,5,online,online,15.6,1.8,6.0,3.0,0,3154,0,0
TXN002880,35.54,14,3,restaurant,online,6.4,3.8,2.0,1.0,0,2316,0,0
TXN002881,21.81,6,1,travel,online,6.5,6.0,8.0,2.0,1,2622,0,0
TXN002882,55.46,8,4,grocery,online,4.7,7.3,3.0,0.0,1,3141,0,0
TXN002883,91.72,11,3,gas,card_present,34.7,0.9,2.0,0.0,0,2888,0,0
TXN002884,204.95,18,2,electronics,card_present,36.1,6.1,3.0,1.0,0,1677,0,0
TXN002885,23.18,17,0,travel,card_present,8.1,5.0,3.0,2.0,0,2493,1,0
TXN002886,9.94,22,0,online,card_present,4.7,17.5,1.0,1.0,1,3249,0,0
TXN002887,8.07,8,1,gas,online,1.1,5.9,5.0,5.0,0,1103,1,0
TXN002888,101.91,22,3,travel,card_present,5.2,13.3,2.0,0.0,0,1481,0,0
TXN002889,47.84,8,1,online,card_present,1.2,5.8,2.0,1.0,0,2150,0,0
TXN002890,129.48,12,3,gas,online,13.5,4.1,3.0,0.0,0,1241,0,0
TXN002891,75.52,13,1,electronics,card_present,29.4,5.4,3.0,1.0,0,3003,0,0
TXN002892,49.24,14,0,gas,card_present,19.6,6.4,1.0,4.0,0,1129,0,0
TXN002893,33.79,22,6,grocery,online,23.6,5.5,3.0,1.0,0,2547,0,0
TXN002894,63.36,15,0,restaurant,online,1.8,2.4,6.0,1.0,0,1461,0,0
TXN002895,100.16,13,3,restaurant,card_present,14.7,5.5,4.0,0.0,0,1866,0,0
TXN002896,17.67,22,1,online,online,6.5,8.7,3.0,2.0,0,2422,0,0
TXN002897,33.69,17,1,gas,contactless,6.9,0.3,0.0,1.0,1,2595,0,0
TXN002898,46.88,7,2,travel,card_present,6.8,8.7,0.0,4.0,0,1649,0,0
TXN002899,179.57,15,2,gas,contactless,10.3,1.3,0.0,0.0,0,2507,0,0
TXN002900,66.06,6,1,gas,contactless,4.9,7.9,4.0,3.0,0,1595,0,0
TXN002901,18.32,22,4,restaurant,online,2.1,3.6,3.0,2.0,0,323,0,0
TXN002902,14.22,13,4,clothing,card_present,32.9,8.0,4.0,3.0,0,3612,0,0
TXN002903,63.77,14,4,restaurant,card_present,15.0,2.7,2.0,0.0,0,3440,1,0
TXN002904,87.76,9,1,online,contactless,23.9,0.4,1.0,1.0,1,2977,0,0
TXN002905,39.42,11,0,restaurant,card_present,36.7,8.9,4.0,0.0,0,2018,0,0
TXN002906,21.15,15,5,travel,online,12.5,1.1,7.0,1.0,0,375,0,0
TXN002907,122.32,22,1,travel,contactless,7.2,3.3,6.0,0.0,0,593,0,0
TXN002908,110.84,13,2,electronics,card_present,18.6,4.2,1.0,2.0,0,2652,0,0
TXN002909,32.63,6,2,gas,card_present,28.7,3.7,0.0,1.0,0,786,0,0
TXN002910,61.53,9,2,gas,online,6.6,0.2,4.0,0.0,0,1983,0,0
TXN002911,272.42,17,6,restaurant,card_present,22.5,5.4,6.0,1.0,0,3034,0,0
TXN002912,108.59,5,0,jewelry,card_present,344.1,490.8,8.0,8.0,2,38,1,1
TXN002913,29.54,16,1,clothing,online,22.2,6.2,3.0,1.0,0,993,0,0
TXN002914,23.59,20,0,clothing,online,40.8,5.6,4.0,1.0,0,1603,1,0
TXN002915,198.6,21,6,grocery,online,5.9,7.2,2.0,0.0,0,2353,0,0
TXN002916,14.19,11,6,grocery,contactless,12.8,6.0,1.0,1.0,0,1686,0,0
TXN002917,12.21,22,4,clothing,online,23.6,4.4,2.0,2.0,0,2556,0,0
TXN002918,64.06,10,3,travel,contactless,1.9,24.7,1.0,2.0,0,802,1,0
TXN002919,11.95,9,3,travel,card_present,22.9,10.8,2.0,0.0,0,718,0,0
TXN002920,183.95,11,6,travel,card_present,2.1,12.9,1.0,0.0,0,1199,0,0
TXN002921,74.31,12,5,online,card_present,13.5,21.7,0.0,0.0,0,2121,0,0
TXN002922,5.82,14,4,online,contactless,12.7,27.2,3.0,2.0,0,1327,1,0
TXN002923,174.49,21,4,restaurant,card_present,4.7,14.8,3.0,0.0,0,2875,0,0
TXN002924,107.38,17,1,clothing,online,25.0,12.0,4.0,0.0,0,439,0,0
TXN002925,26.79,17,6,restaurant,card_present,27.5,22.3,4.0,0.0,0,1894,0,0
TXN002926,38.98,8,6,travel,online,12.4,8.2,1.0,2.0,0,1027,0,0
TXN002927,8.91,9,3,gas,card_present,4.2,12.9,3.0,2.0,0,2342,0,0
TXN002928,8.66,11,5,travel,online,19.0,9.8,1.0,0.0,0,369,0,0
TXN002929,22.27,14,2,grocery,contactless,0.4,24.8,3.0,2.0,0,641,0,0
TXN002930,355.42,18,4,online,card_present,8.4,8.7,2.0,2.0,0,801,0,0
TXN002931,25.45,19,6,electronics,card_present,4.2,6.5,2.0,0.0,1,3076,0,0
TXN002932,436.06,14,6,travel,card_present,21.6,0.2,5.0,2.0,0,2142,0,0
TXN002933,5.94,6,2,grocery,card_present,2.4,6.5,6.0,2.0,0,2470,0,0
TXN002934,143.15,15,3,gas,online,22.4,3.9,3.0,1.0,0,601,0,0
TXN002935,27.24,15,5,grocery,card_present,9.8,6.5,6.0,2.0,0,129,0,0
TXN002936,39.94,15,2,travel,card_present,12.6,8.8,3.0,0.0,1,498,0,0
TXN002937,58.8,14,4,gas,card_present,0.6,15.2,5.0,2.0,0,1172,0,0
TXN002938,23.94,14,2,travel,card_present,21.8,2.8,4.0,2.0,0,3410,0,0
TXN002939,94.36,12,3,restaurant,card_present,5.9,13.3,3.0,3.0,0,3195,1,0
TXN002940,41.21,19,0,electronics,online,2.8,6.3,3.0,4.0,1,1580,0,0
TXN002941,86.76,21,6,grocery,card_present,7.3,6.7,1.0,2.0,1,2198,0,0
TXN002942,41.4,8,5,online,contactless,8.6,3.6,6.0,0.0,0,1369,0,0
TXN002943,267.95,6,5,clothing,card_present,4.2,5.0,5.0,1.0,0,299,0,0
TXN002944,29.98,13,4,clothing,card_present,5.1,12.6,1.0,0.0,0,3216,1,0
TXN002945,16.84,13,6,travel,card_present,12.0,4.0,3.0,1.0,1,2251,1,0
TXN002946,32.11,14,5,restaurant,online,5.9,1.9,2.0,0.0,0,2463,0,0
TXN002947,39.63,16,1,clothing,online,30.0,11.8,2.0,1.0,0,1777,0,0
TXN002948,23.56,12,0,gas,card_present,5.6,6.4,2.0,0.0,0,3330,0,0
TXN002949,380.4,11,3,clothing,online,29.7,4.4,1.0,0.0,0,1782,1,0
TXN002950,424.99,10,5,grocery,contactless,4.0,25.8,1.0,0.0,0,2217,1,0
TXN002951,47.39,11,0,restaurant,contactless,25.2,8.3,4.0,2.0,0,3015,0,0
TXN002952,97.45,17,6,travel,online,7.2,9.4,6.0,2.0,0,1563,0,0
TXN002953,51.24,16,1,gas,online,21.0,8.9,4.0,2.0,1,2035,0,0
TXN002954,72.31,17,2,online,card_present,11.7,2.4,3.0,1.0,0,2053,0,0
TXN002955,56.34,6,2,grocery,online,23.3,4.6,4.0,1.0,0,2027,0,0
TXN002956,58.31,22,4,electronics,contactless,6.1,17.3,3.0,0.0,1,650,0,0
TXN002957,223.73,14,4,online,card_present,8.5,1.2,2.0,0.0,0,496,0,0
TXN002958,8.89,16,3,restaurant,card_present,36.7,10.2,4.0,1.0,1,2115,0,0
TXN002959,97.18,9,2,travel,card_present,7.1,22.2,3.0,2.0,0,1350,0,0
TXN002960,10.63,7,3,clothing,contactless,11.5,4.8,2.0,0.0,1,2632,0,0
TXN002961,17.87,1,3,electronics,card_present,477.9,186.9,8.0,6.0,1,28,1,1
TXN002962,37.76,20,0,online,online,7.0,11.7,3.0,1.0,0,2617,0,0
TXN002963,41.14,17,6,electronics,card_present,26.9,0.9,3.0,0.0,0,971,0,0
TXN002964,82.46,9,4,electronics,contactless,9.3,2.3,1.0,3.0,0,3108,0,0
TXN002965,145.87,12,5,travel,online,24.7,2.0,1.0,1.0,1,2136,0,0
TXN002966,243.46,6,6,grocery,card_present,4.4,13.8,5.0,2.0,1,3521,0,0
TXN002967,26.93,21,2,restaurant,contactless,1.7,1.5,6.0,0.0,1,1797,0,0
TXN002968,173.61,11,0,electronics,contactless,26.4,4.9,6.0,0.0,1,3209,0,0
TXN002969,172.48,10,6,gas,contactless,30.9,16.9,0.0,0.0,1,2191,1,0
TXN002970,115.24,20,0,travel,card_present,50.9,8.0,4.0,2.0,1,2722,0,0
TXN002971,87.85,9,5,travel,online,36.3,2.4,2.0,1.0,0,2179,0,0
TXN002972,312.49,15,3,restaurant,online,11.8,1.1,3.0,0.0,1,183,0,0
TXN002973,11.22,21,2,online,online,34.3,8.6,7.0,1.0,0,646,0,0
TXN002974,49.12,22,5,restaurant,online,3.2,2.0,2.0,1.0,0,3355,0,0
TXN002975,46.91,8,6,gas,online,2.1,5.8,3.0,2.0,1,2388,0,0
TXN002976,26.73,16,3,travel,online,40.6,1.2,2.0,2.0,0,2263,1,0
TXN002977,44.34,18,4,online,card_present,8.4,11.4,2.0,2.0,0,2966,1,0
TXN002978,159.2,10,2,restaurant,contactless,20.2,20.9,2.0,0.0,0,433,1,0
TXN002979,58.52,21,0,grocery,card_present,27.1,0.5,3.0,2.0,1,952,0,0
TXN002980,257.56,11,1,online,card_present,23.7,7.7,2.0,2.0,0,3208,0,0
TXN002981,105.67,15,0,travel,card_present,18.1,3.2,1.0,0.0,1,168,0,0
TXN002982,19.3,13,0,gas,card_present,2.2,8.8,2.0,1.0,0,1461,0,0
TXN002983,85.71,14,1,electronics,card_present,3.4,4.0,1.0,0.0,0,1043,0,0
TXN002984,139.53,8,0,restaurant,contactless,19.2,7.5,1.0,1.0,0,494,0,0
TXN002985,22.9,21,2,clothing,card_present,13.5,26.4,2.0,2.0,0,297,0,0
TXN002986,93.02,13,3,electronics,card_present,18.1,0.3,3.0,1.0,1,3610,0,0
TXN002987,25.62,17,4,grocery,card_present,29.7,18.3,2.0,1.0,0,633,0,0
TXN002988,29.45,21,1,online,online,18.8,12.6,0.0,1.0,0,70,0,0
TXN002989,28.64,12,0,online,online,6.4,3.2,3.0,1.0,0,153,1,0
TXN002990,510.46,5,6,online,card_present,375.9,182.9,8.0,8.0,4,28,1,1
TXN002991,101.77,20,5,gas,contactless,33.2,23.0,4.0,2.0,0,1949,0,0
TXN002992,131.95,12,6,travel,card_present,4.0,8.3,1.0,0.0,0,1661,0,0
TXN002993,65.13,16,5,online,online,9.4,18.9,2.0,0.0,0,177,0,0
TXN002994,15.59,18,5,electronics,card_present,0.3,23.0,2.0,1.0,0,2084,1,0
TXN002995,37.44,8,3,restaurant,online,22.1,1.3,1.0,0.0,0,2794,0,0
TXN002996,147.86,11,0,grocery,online,41.8,33.6,3.0,0.0,0,1150,0,0
TXN002997,32.16,15,2,electronics,contactless,27.9,21.0,2.0,0.0,0,527,1,0
TXN002998,13.37,18,2,online,card_present,8.0,1.9,4.0,0.0,0,1289,0,0
TXN002999,48.01,17,0,grocery,card_present,25.3,1.8,2.0,1.0,1,921,0,0
TXN003000,112.71,7,3,travel,online,28.3,17.3,4.0,1.0,0,1156,0,0
TXN003001,16.62,12,2,online,card_present,17.3,2.1,6.0,1.0,0,3119,0,0
TXN003002,67.36,17,3,gas,contactless,18.2,0.8,3.0,2.0,0,281,0,0
TXN003003,24.28,12,3,restaurant,contactless,7.8,8.9,4.0,1.0,0,324,1,0
TXN003004,47.54,10,3,electronics,contactless,1.7,15.2,2.0,0.0,0,3446,0,0
TXN003005,14.07,15,4,clothing,card_present,3.1,7.8,5.0,2.0,0,121,0,0
TXN003006,17.96,22,1,gas,contactless,1.6,4.0,1.0,1.0,1,2492,1,0
TXN003007,91.33,22,6,electronics,contactless,19.2,6.9,4.0,2.0,0,663,0,0
TXN003008,30.27,15,4,online,contactless,2.4,19.9,8.0,0.0,0,53,0,0
TXN003009,15.34,6,4,grocery,contactless,18.9,2.7,0.0,1.0,0,1425,0,0
TXN003010,49.23,21,5,travel,card_present,30.7,7.5,2.0,1.0,0,498,0,0
TXN003011,90.57,8,0,travel,contactless,25.0,8.7,5.0,0.0,0,1008,0,0
TXN003012,15.98,9,5,online,online,2.4,8.4,4.0,0.0,0,1623,0,0
TXN003013,150.12,18,3,electronics,card_present,29.1,18.3,1.0,1.0,0,3592,0,0
TXN003014,74.53,6,6,online,online,4.1,1.4,0.0,0.0,0,498,1,0
TXN003015,99.48,18,4,travel,card_present,1.9,7.0,2.0,0.0,1,2082,0,0
TXN003016,142.12,17,1,gas,card_present,25.1,12.9,2.0,2.0,0,1184,0,0
TXN003017,65.09,0,3,online,online,9.3,197.1,5.0,5.0,2,59,0,1
TXN003018,52.61,6,0,gas,online,2.3,4.9,2.0,1.0,0,1046,0,0
TXN003019,17.4,12,6,electronics,card_present,15.3,9.6,2.0,3.0,0,1276,0,0
TXN003020,14.13,11,1,restaurant,card_present,18.4,7.3,6.0,1.0,0,1800,0,0
TXN003021,73.51,21,1,electronics,card_present,6.5,5.8,5.0,2.0,0,3023,0,0
TXN003022,115.57,18,4,restaurant,contactless,5.6,3.4,4.0,0.0,0,265,0,0
TXN003023,73.38,15,1,electronics,card_present,1.3,18.9,3.0,1.0,1,3213,1,0
TXN003024,10.66,17,2,travel,card_present,16.1,3.8,2.0,1.0,1,3464,0,0
TXN003025,56.69,21,5,travel,online,33.4,6.7,2.0,0.0,0,260,0,0
TXN003026,56.42,7,5,travel,card_present,2.5,14.2,1.0,0.0,1,3510,0,0
TXN003027,31.77,22,0,travel,online,6.0,1.7,2.0,0.0,0,3539,0,0
TXN003028,174.65,0,6,online,card_present,117.2,380.4,7.0,7.0,1,3,1,1
TXN003029,23.28,20,0,clothing,card_present,19.3,7.9,5.0,1.0,1,2406,0,0
TXN003030,32.12,11,1,clothing,card_present,5.3,6.5,2.0,2.0,0,1918,0,0
TXN003031,87.25,9,5,gas,card_present,32.6,0.1,2.0,1.0,0,3357,1,0
TXN003032,183.48,14,3,online,card_present,20.3,5.1,5.0,1.0,1,2636,0,0
TXN003033,113.51,11,5,gas,card_present,17.7,3.5,0.0,1.0,1,1495,1,0
TXN003034,37.97,16,0,grocery,online,10.6,8.8,1.0,1.0,0,2571,0,0
TXN003035,40.23,20,0,gas,online,3.5,27.4,2.0,2.0,1,889,1,0
TXN003036,84.46,20,6,grocery,card_present,4.7,15.6,1.0,0.0,0,2638,0,0
TXN003037,52.46,10,5,restaurant,card_present,15.0,1.7,3.0,0.0,1,1997,0,0
TXN003038,138.11,21,5,grocery,card_present,0.8,1.9,6.0,2.0,0,472,0,0
TXN003039,33.49,16,1,gas,online,18.9,6.6,2.0,2.0,0,2025,0,0
TXN003040,183.45,6,4,clothing,contactless,11.1,9.8,4.0,1.0,1,2769,0,0
TXN003041,50.27,6,4,restaurant,contactless,13.7,16.9,2.0,1.0,0,195,0,0
TXN003042,424.03,12,5,grocery,contactless,12.6,7.0,3.0,0.0,0,1145,1,0
TXN003043,144.4,18,3,grocery,card_present,13.8,13.9,5.0,2.0,0,2071,0,0
TXN003044,16.98,18,5,clothing,card_present,3.8,2.7,2.0,2.0,0,1057,0,0
TXN003045,117.6,10,3,clothing,card_present,37.2,3.9,2.0,0.0,0,1553,1,0
TXN003046,67.53,9,5,gas,card_present,25.0,3.9,1.0,2.0,0,2332,0,0
TXN003047,289.75,20,1,online,contactless,16.4,10.6,8.0,2.0,0,670,0,0
TXN003048,90.42,21,1,online,card_present,9.4,3.7,4.0,2.0,0,3248,0,0
TXN003049,9.09,16,4,gas,online,9.2,6.7,3.0,0.0,0,3421,0,0
TXN003050,51.28,9,3,gas,online,26.3,1.4,2.0,1.0,0,3120,0,0
TXN003051,98.52,0,5,jewelry,card_present,42.7,269.8,8.0,6.0,1,39,1,1
TXN003052,29.26,7,0,gas,card_present,3.9,1.1,2.0,0.0,0,249,1,0
TXN003053,431.78,15,0,electronics,contactless,7.6,5.9,3.0,2.0,0,3528,0,0
TXN003054,378.1,9,1,restaurant,contactless,13.5,1.2,2.0,0.0,0,1119,0,0
TXN003055,93.53,9,4,electronics,card_present,8.5,11.3,4.0,3.0,0,719,0,0
TXN003056,26.65,12,6,clothing,online,1.3,13.6,4.0,1.0,0,1923,1,0
TXN003057,65.07,18,3,travel,card_present,14.9,11.8,3.0,0.0,1,639,1,0
TXN003058,117.97,8,1,travel,contactless,23.3,10.5,3.0,2.0,1,983,1,0
TXN003059,89.82,21,4,electronics,card_present,32.0,10.8,2.0,1.0,0,3006,1,0
TXN003060,145.87,8,4,restaurant,online,17.2,13.6,2.0,0.0,0,2009,0,0
TXN003061,41.18,6,4,clothing,card_present,1.4,4.3,5.0,1.0,1,795,0,0
TXN003062,63.76,14,5,gas,card_present,9.1,11.2,4.0,1.0,0,471,0,0
TXN003063,81.76,21,5,clothing,contactless,74.5,9.9,3.0,1.0,0,854,0,0
TXN003064,86.56,18,4,gas,contactless,7.2,6.6,4.0,1.0,0,2560,0,0
TXN003065,35.63,19,1,restaurant,contactless,11.3,8.8,4.0,0.0,0,916,0,0
TXN003066,43.18,7,4,electronics,card_present,22.7,12.8,1.0,0.0,0,3182,0,0
TXN003067,381.28,9,0,gas,online,41.8,10.3,1.0,1.0,0,2562,1,0
TXN003068,24.27,10,4,electronics,card_present,31.1,4.3,9.0,1.0,0,817,1,0
TXN003069,48.74,10,5,online,card_present,3.7,12.6,3.0,1.0,0,2456,1,0
TXN003070,26.01,13,4,travel,card_present,22.2,3.2,4.0,0.0,0,611,0,0
TXN003071,300.1,14,3,restaurant,contactless,0.9,16.8,2.0,0.0,0,3221,0,0
TXN003072,59.13,7,0,grocery,online,15.9,0.5,3.0,0.0,0,401,0,0
TXN003073,138.23,14,6,travel,online,1.5,3.3,3.0,2.0,1,1384,0,0
TXN003074,131.31,9,2,online,contactless,12.9,13.8,5.0,1.0,0,1445,0,0
TXN003075,186.83,21,1,online,online,11.7,8.6,4.0,1.0,0,1626,0,0
TXN003076,34.53,9,6,grocery,online,5.2,4.6,4.0,0.0,0,356,0,0
TXN003077,63.69,18,4,grocery,contactless,10.2,7.4,0.0,3.0,0,213,0,0
TXN003078,11.83,10,2,travel,online,5.7,4.3,1.0,1.0,0,3274,0,0
TXN003079,26.17,18,5,online,card_present,0.9,1.2,3.0,3.0,0,3060,0,0
TXN003080,60.59,11,4,gas,card_present,24.6,4.9,3.0,1.0,0,3146,0,0
TXN003081,80.24,13,4,grocery,card_present,3.4,11.2,6.0,1.0,0,386,0,0
TXN003082,54.3,11,0,restaurant,card_present,22.2,6.1,5.0,1.0,0,2737,0,0
TXN003083,8.07,13,0,clothing,card_present,19.6,10.8,4.0,1.0,0,894,0,0
TXN003084,236.08,8,2,gas,card_present,1.8,5.2,3.0,0.0,0,997,0,0
TXN003085,84.09,18,0,electronics,contactless,25.3,2.4,3.0,1.0,0,153,0,0
TXN003086,174.87,11,5,online,online,1.2,14.8,1.0,1.0,1,694,0,0
TXN003087,8.13,9,5,online,online,3.1,18.9,4.0,1.0,0,643,0,0
TXN003088,90.09,16,3,electronics,card_present,40.2,15.2,2.0,0.0,0,1143,0,0
TXN003089,85.73,9,1,restaurant,contactless,6.2,3.0,3.0,3.0,1,3417,0,0
TXN003090,46.93,17,1,restaurant,card_present,1.8,2.4,1.0,1.0,1,383,0,0
TXN003091,35.06,16,3,travel,card_present,1.5,11.1,2.0,0.0,0,615,0,0
TXN003092,66.15,6,6,gas,contactless,11.1,18.2,2.0,0.0,0,1016,0,0
TXN003093,206.07,6,0,travel,card_present,13.2,2.3,2.0,1.0,0,97,0,0
TXN003094,68.66,18,1,online,online,7.2,4.5,2.0,0.0,0,371,0,0
TXN003095,39.8,14,0,grocery,online,30.0,4.1,4.0,2.0,0,46,0,0
TXN003096,110.32,6,5,grocery,online,9.3,5.5,3.0,0.0,0,2689,0,0
TXN003097,133.52,7,4,restaurant,online,26.9,9.8,2.0,0.0,0,74,0,0
TXN003098,13.43,8,4,grocery,card_present,4.3,14.7,3.0,1.0,0,2129,1,0
TXN003099,12.36,6,4,gas,card_present,5.7,12.2,4.0,2.0,1,1770,1,0
TXN003100,291.04,18,1,gas,card_present,32.2,2.7,2.0,1.0,0,1200,0,0
TXN003101,113.64,19,1,grocery,online,0.5,0.4,3.0,0.0,0,123,0,0
TXN003102,57.96,23,4,jewelry,online,29.2,25.4,8.0,3.0,5,44,1,1
TXN003103,55.68,6,6,travel,card_present,19.8,10.1,2.0,4.0,0,2225,0,0
TXN003104,24.63,14,6,gas,online,5.1,12.6,1.0,2.0,0,3082,0,0
TXN003105,8.86,11,5,electronics,contactless,22.4,8.3,2.0,0.0,0,1247,0,0
TXN003106,33.83,15,2,gas,card_present,1.7,9.7,1.0,2.0,0,177,1,0
TXN003107,120.53,7,2,travel,card_present,36.0,10.8,6.0,1.0,1,1318,0,0
TXN003108,15.86,18,4,electronics,card_present,1.0,22.7,6.0,2.0,0,2238,0,0
TXN003109,14.98,9,5,gas,card_present,12.1,7.4,2.0,1.0,0,3023,0,0
TXN003110,222.03,10,5,clothing,card_present,1.6,2.3,1.0,0.0,1,1163,0,0
TXN003111,828.96,22,0,travel,contactless,2.2,4.3,3.0,1.0,0,3426,0,0
TXN003112,24.37,16,2,restaurant,contactless,10.0,11.7,3.0,1.0,1,2556,1,0
TXN003113,762.55,20,6,electronics,online,18.6,4.3,4.0,0.0,0,2268,0,0
TXN003114,34.24,16,6,restaurant,online,2.7,2.9,3.0,1.0,0,2178,0,0
TXN003115,76.06,3,0,online,online,280.0,84.0,6.0,3.0,5,17,1,1
TXN003116,48.68,15,2,electronics,contactless,20.0,9.8,1.0,0.0,0,1481,0,0
TXN003117,519.28,11,6,gas,card_present,3.0,4.3,2.0,0.0,1,282,0,0
TXN003118,7.83,9,4,clothing,contactless,40.4,18.4,3.0,1.0,1,1375,0,0
TXN003119,75.43,18,0,gas,card_present,26.7,21.0,6.0,0.0,0,3426,0,0
TXN003120,46.78,7,2,restaurant,card_present,10.6,7.5,4.0,0.0,0,3586,1,0
TXN003121,94.12,13,2,clothing,online,16.5,6.2,2.0,1.0,0,2212,1,0
TXN003122,346.58,19,2,clothing,contactless,13.2,1.6,4.0,0.0,1,1323,1,0
TXN003123,11.08,14,2,grocery,contactless,8.7,13.8,3.0,0.0,0,517,0,0
TXN003124,42.46,11,4,online,card_present,11.7,9.0,1.0,1.0,0,565,1,0
TXN003125,102.16,10,1,travel,contactless,12.9,1.5,2.0,1.0,0,1360,1,0
TXN003126,45.4,22,0,gas,card_present,25.2,8.1,3.0,2.0,0,978,1,0
TXN003127,244.23,19,6,restaurant,card_present,2.1,6.8,4.0,0.0,0,2731,0,0
TXN003128,45.73,20,0,online,contactless,10.9,6.1,2.0,2.0,1,2633,0,0
TXN003129,29.47,7,2,restaurant,card_present,25.1,15.1,1.0,1.0,0,3262,1,0
TXN003130,65.68,16,3,grocery,contactless,40.0,12.5,8.0,2.0,0,718,0,0
TXN003131,182.95,21,3,restaurant,card_present,3.1,5.2,4.0,2.0,0,2773,0,0
TXN003132,101.19,17,0,electronics,contactless,9.3,4.1,1.0,2.0,0,1794,0,0
TXN003133,32.03,14,3,gas,contactless,13.7,5.1,1.0,1.0,0,2526,0,0
TXN003134,57.12,11,5,travel,card_present,19.1,1.3,1.0,2.0,0,599,1,0
TXN003135,38.32,17,4,travel,contactless,17.4,1.0,4.0,1.0,0,1227,0,0
TXN003136,112.44,22,4,gas,card_present,26.9,2.9,1.0,0.0,0,627,0,0
TXN003137,21.61,7,5,clothing,card_present,15.3,10.0,3.0,0.0,1,1465,0,0
TXN003138,47.39,11,5,clothing,contactless,4.7,12.4,4.0,0.0,1,3019,0,0
TXN003139,514.05,3,1,electronics,card_present,108.8,355.0,11.0,1.0,4,24,0,1
TXN003140,416.54,3,4,jewelry,online,212.8,353.0,10.0,8.0,2,33,1,1
TXN003141,106.91,16,4,gas,card_present,1.6,23.8,0.0,0.0,0,2500,1,0
TXN003142,56.45,20,4,clothing,card_present,7.6,0.5,0.0,0.0,0,2591,0,0
TXN003143,184.65,18,1,grocery,card_present,1.6,6.8,5.0,1.0,0,740,0,0
TXN003144,5388.54,5,0,travel,card_present,72.8,223.1,2.0,6.0,4,53,0,1
TXN003145,17.44,9,3,clothing,contactless,15.4,5.6,2.0,1.0,0,514,0,0
TXN003146,31.22,9,4,travel,card_present,3.3,0.5,6.0,3.0,0,2097,0,0
TXN003147,52.97,20,3,gas,contactless,15.0,2.4,3.0,1.0,0,1086,0,0
TXN003148,13.83,17,6,gas,contactless,30.2,6.2,4.0,3.0,0,89,0,0
TXN003149,22.07,8,2,travel,contactless,3.5,24.3,8.0,0.0,0,1060,0,0
TXN003150,36.17,15,1,gas,card_present,8.5,2.5,2.0,1.0,0,1738,0,0
TXN003151,51.43,18,6,online,card_present,5.9,5.9,2.0,0.0,0,1376,1,0
TXN003152,10.53,22,0,clothing,card_present,3.6,7.5,1.0,0.0,1,3339,0,0
TXN003153,83.83,17,1,restaurant,card_present,15.6,0.1,5.0,1.0,1,3167,1,0
TXN003154,22.56,8,0,travel,contactless,5.4,4.5,1.0,3.0,0,1429,0,0
TXN003155,2994.67,23,4,jewelry,online,206.4,380.5,9.0,5.0,1,30,1,1
TXN003156,231.46,21,2,travel,card_present,15.6,1.6,2.0,1.0,0,3230,0,0
TXN003157,25.05,15,5,electronics,online,11.9,1.9,2.0,3.0,0,2159,0,0
TXN003158,126.2,17,3,travel,card_present,5.5,15.3,6.0,2.0,0,1998,0,0
TXN003159,93.9,15,5,clothing,contactless,31.8,9.2,7.0,2.0,0,3084,1,0
TXN003160,106.81,21,1,travel,card_present,13.8,5.8,3.0,0.0,0,1618,0,0
TXN003161,55.75,7,3,travel,card_present,19.3,9.9,2.0,1.0,1,2064,0,0
TXN003162,113.27,10,3,restaurant,card_present,2.3,8.9,5.0,1.0,0,3510,0,0
TXN003163,23.83,10,5,grocery,card_present,10.6,6.7,5.0,0.0,0,3241,0,0
TXN003164,629.34,4,4,online,online,84.4,390.5,8.0,12.0,1,59,1,1
TXN003165,134.04,6,1,electronics,card_present,14.1,1.7,1.0,1.0,1,541,0,0
TXN003166,55.03,14,6,gas,card_present,18.2,0.6,3.0,0.0,0,3132,0,0
TXN003167,122.6,10,4,travel,contactless,19.6,7.8,6.0,0.0,1,2859,1,0
TXN003168,28.63,10,4,electronics,online,4.1,6.4,5.0,2.0,0,2281,0,0
TXN003169,177.63,14,2,grocery,card_present,13.5,4.9,3.0,3.0,0,2815,1,0
TXN003170,302.18,19,1,gas,card_present,1.0,8.4,4.0,0.0,0,935,0,0
TXN003171,49.45,21,6,gas,card_present,24.2,15.3,2.0,4.0,0,762,0,0
TXN003172,65.59,10,1,electronics,card_present,27.4,0.3,1.0,0.0,0,3390,0,0
TXN003173,22.68,19,3,grocery,card_present,3.8,11.6,4.0,0.0,0,2346,0,0
TXN003174,277.96,4,3,online,online,263.3,382.4,11.0,3.0,5,5,1,1
TXN003175,33.19,14,6,clothing,card_present,15.6,18.5,1.0,3.0,0,1803,1,0
TXN003176,28.6,9,5,restaurant,card_present,3.1,7.4,2.0,1.0,0,1517,0,0
TXN003177,110.33,18,2,clothing,card_present,1.0,21.6,1.0,0.0,0,2211,0,0
TXN003178,553.47,4,4,online,card_present,218.3,205.0,7.0,7.0,2,12,1,1
TXN003179,50.9,18,2,grocery,contactless,30.8,4.2,5.0,1.0,0,2837,0,0
TXN003180,19.8,11,2,electronics,card_present,13.1,0.2,1.0,2.0,0,569,0,0
TXN003181,157.52,11,6,electronics,card_present,3.4,5.6,1.0,0.0,0,1158,1,0
TXN003182,28.82,8,6,grocery,card_present,0.1,36.4,4.0,0.0,0,1007,0,0
TXN003183,22.0,19,5,travel,online,5.4,13.9,3.0,0.0,0,2390,0,0
TXN003184,476.02,4,5,jewelry,card_present,16.6,186.5,12.0,8.0,1,1,1,1
TXN003185,45.71,13,3,grocery,card_present,5.1,4.9,2.0,0.0,0,2568,1,0
TXN003186,53.0,11,6,restaurant,card_present,29.1,14.4,1.0,0.0,0,745,0,0
TXN003187,37.75,8,0,restaurant,contactless,4.9,2.6,5.0,1.0,0,3453,1,0
TXN003188,52.41,6,5,electronics,contactless,25.9,3.0,4.0,0.0,0,1108,0,0
TXN003189,196.09,13,5,grocery,card_present,5.7,0.0,0.0,0.0,1,1347,0,0
TXN003190,384.12,23,6,travel,card_present,193.5,129.3,6.0,6.0,1,4,1,1
TXN003191,120.63,19,4,gas,card_present,12.5,13.1,4.0,2.0,0,3540,1,0
TXN003192,28.31,6,5,restaurant,card_present,19.3,11.4,3.0,0.0,0,3269,0,0
TXN003193,718.78,22,6,online,card_present,319.7,113.6,11.0,3.0,1,12,1,1
TXN003194,60.73,13,5,clothing,online,2.8,14.6,3.0,3.0,0,858,0,0
TXN003195,58.98,14,0,restaurant,contactless,7.3,10.9,5.0,1.0,0,2420,0,0
TXN003196,25.68,22,3,clothing,online,0.8,2.2,4.0,1.0,0,897,1,0
TXN003197,63.47,16,5,clothing,contactless,17.0,1.7,3.0,0.0,0,333,1,0
TXN003198,42.12,22,4,electronics,card_present,26.4,18.1,4.0,2.0,0,3082,0,0
TXN003199,53.87,15,4,grocery,online,5.6,4.4,3.0,0.0,0,1632,0,0
TXN003200,55.31,22,4,clothing,online,20.6,10.4,4.0,2.0,0,3397,1,0
TXN003201,3.98,9,1,gas,card_present,13.7,4.0,0.0,2.0,0,778,0,0
TXN003202,279.7,23,4,travel,online,222.3,289.9,8.0,5.0,3,16,1,1
TXN003203,15.05,15,6,travel,card_present,36.9,7.9,3.0,4.0,0,624,0,0
TXN003204,125.7,22,3,grocery,card_present,38.2,20.5,4.0,2.0,0,2747,1,0
TXN003205,54.39,15,1,travel,contactless,16.4,11.6,4.0,3.0,0,1451,0,0
TXN003206,37.82,15,6,gas,card_present,9.6,14.4,4.0,1.0,1,2837,0,0
TXN003207,44.47,0,5,jewelry,card_present,628.5,162.2,6.0,7.0,4,28,1,1
TXN003208,68.19,16,4,travel,card_present,22.2,0.6,4.0,1.0,1,1541,1,0
TXN003209,26.9,17,0,grocery,card_present,33.7,7.3,2.0,0.0,1,2131,0,0
TXN003210,23.94,22,6,grocery,contactless,7.4,15.3,4.0,0.0,0,333,1,0
TXN003211,7.6,7,6,online,online,26.2,4.9,2.0,0.0,0,1010,0,0
TXN003212,143.83,6,6,clothing,card_present,9.2,4.4,4.0,0.0,1,2378,1,0
TXN003213,20.46,8,4,gas,online,15.4,6.8,0.0,0.0,0,1129,0,0
TXN003214,159.44,9,1,grocery,card_present,14.2,10.4,1.0,1.0,0,719,0,0
TXN003215,790.8,23,6,electronics,online,60.2,43.6,8.0,5.0,2,32,1,1
TXN003216,20.35,9,5,restaurant,online,0.3,5.9,3.0,1.0,0,3202,0,0
TXN003217,2.89,15,6,clothing,card_present,3.2,4.5,3.0,0.0,1,993,0,0
TXN003218,115.65,15,0,restaurant,online,2.3,3.5,6.0,0.0,0,1261,0,0
TXN003219,103.4,18,1,restaurant,card_present,21.3,4.3,3.0,0.0,0,3339,1,0
TXN003220,71.29,21,4,grocery,contactless,3.0,8.3,6.0,2.0,0,2985,0,0
TXN003221,329.54,6,0,online,contactless,19.9,4.5,5.0,2.0,0,1302,0,0
TXN003222,100.72,22,3,grocery,card_present,14.4,19.0,3.0,1.0,1,1316,1,0
TXN003223,353.83,10,6,online,online,15.0,6.2,4.0,2.0,0,1277,0,0
TXN003224,46.14,14,1,online,card_present,10.5,8.2,5.0,0.0,1,3033,1,0
TXN003225,68.72,13,6,online,online,34.6,15.7,1.0,0.0,0,3043,0,0
TXN003226,15.48,7,4,travel,online,12.8,2.9,1.0,2.0,0,3119,0,0
TXN003227,43.79,22,3,online,card_present,23.4,13.1,3.0,1.0,0,2666,1,0
TXN003228,18.12,10,3,grocery,card_present,19.8,0.4,3.0,0.0,0,2870,0,0
TXN003229,14.47,8,1,restaurant,contactless,36.1,12.0,2.0,0.0,0,1706,1,0
TXN003230,90.24,8,0,electronics,card_present,33.5,3.1,5.0,1.0,0,2196,1,0
TXN003231,100.37,7,2,grocery,card_present,3.9,1.9,5.0,0.0,1,309,0,0
TXN003232,88.64,10,2,electronics,card_present,28.5,13.6,1.0,2.0,0,555,0,0
TXN003233,74.44,17,2,grocery,online,4.4,2.3,3.0,0.0,0,1547,0,0
TXN003234,63.07,12,1,electronics,online,19.2,8.0,1.0,3.0,0,1186,1,0
TXN003235,97.08,10,2,electronics,card_present,17.0,18.1,4.0,1.0,0,3291,0,0
TXN003236,76.95,13,2,electronics,online,5.8,8.1,8.0,3.0,0,1554,0,0
TXN003237,116.66,5,4,jewelry,online,101.9,710.6,7.0,5.0,2,40,1,1
TXN003238,904.96,23,3,electronics,online,339.4,198.8,2.0,8.0,5,11,0,1
TXN003239,93.59,13,1,travel,card_present,15.0,7.8,4.0,1.0,1,2585,0,0
TXN003240,12.5,8,6,online,card_present,6.5,17.7,3.0,4.0,0,121,0,0
TXN003241,118.98,14,0,grocery,card_present,11.4,2.7,1.0,2.0,0,1167,0,0
TXN003242,7.42,7,1,grocery,card_present,38.7,5.4,1.0,0.0,0,2596,0,0
TXN003243,4.34,7,1,gas,contactless,5.7,9.9,1.0,1.0,1,3417,0,0
TXN003244,77.2,18,1,online,contactless,27.6,15.4,3.0,0.0,0,194,1,0
TXN003245,32.93,10,3,travel,online,7.2,0.3,1.0,1.0,1,1525,1,0
TXN003246,98.8,7,4,restaurant,contactless,15.0,15.5,3.0,1.0,0,2187,0,0
TXN003247,7.77,13,1,gas,contactless,15.1,2.3,3.0,1.0,1,3632,0,0
TXN003248,25.92,10,2,restaurant,contactless,15.6,5.4,2.0,2.0,0,1108,0,0
TXN003249,141.22,7,0,clothing,card_present,0.3,0.4,0.0,0.0,0,375,1,0
TXN003250,23.09,21,5,online,online,14.1,3.2,4.0,2.0,0,998,0,0
TXN003251,363.87,15,1,clothing,card_present,25.1,3.7,7.0,1.0,0,198,0,0
TXN003252,15.41,11,4,online,contactless,12.4,14.0,2.0,1.0,0,2424,0,0
TXN003253,22.48,19,1,gas,card_present,13.2,7.3,4.0,2.0,0,1667,0,0
TXN003254,40.13,11,6,travel,card_present,24.6,7.8,3.0,1.0,0,115,1,0
TXN003255,58.02,10,6,clothing,card_present,10.6,9.6,3.0,0.0,0,3327,0,0
TXN003256,106.3,18,4,electronics,online,8.0,32.2,3.0,1.0,1,3625,0,0
TXN003257,86.29,17,6,gas,card_present,23.5,0.8,3.0,0.0,1,3273,0,0
TXN003258,28.27,15,4,restaurant,card_present,5.6,5.4,5.0,1.0,0,491,0,0
TXN003259,62.8,18,2,grocery,card_present,13.8,1.3,2.0,0.0,0,3224,1,0
TXN003260,40.16,6,6,online,online,14.5,10.5,7.0,1.0,0,1145,0,0
TXN003261,149.96,9,5,clothing,card_present,15.9,0.4,2.0,0.0,0,597,0,0
TXN003262,38.79,8,4,online,card_present,11.8,19.6,2.0,2.0,0,454,0,0
TXN003263,173.24,21,4,online,online,18.6,11.6,0.0,0.0,1,947,1,0
TXN003264,74.17,15,1,online,card_present,8.1,2.2,4.0,4.0,0,2162,0,0
TXN003265,107.7,22,3,online,card_present,6.3,9.7,2.0,0.0,0,1804,0,0
TXN003266,98.72,18,4,restaurant,contactless,30.0,15.1,6.0,0.0,0,3027,0,0
TXN003267,6.78,16,6,grocery,online,3.5,29.8,2.0,1.0,0,456,0,0
TXN003268,285.12,18,2,restaurant,online,38.4,5.2,7.0,0.0,0,1010,0,0
TXN003269,12.23,11,1,travel,card_present,3.5,2.8,3.0,4.0,0,656,0,0
TXN003270,14.77,13,2,online,contactless,6.1,15.3,3.0,0.0,1,3194,0,0
TXN003271,245.36,9,2,online,contactless,21.9,6.2,3.0,0.0,1,809,0,0
TXN003272,157.34,8,6,online,card_present,13.5,6.1,2.0,1.0,0,2267,0,0
TXN003273,271.95,11,5,electronics,card_present,8.9,3.6,3.0,3.0,0,2514,0,0
TXN003274,219.26,9,2,travel,contactless,12.1,2.2,1.0,0.0,0,491,0,0
TXN003275,95.42,18,4,online,card_present,19.8,1.2,2.0,3.0,0,1001,0,0
TXN003276,20.8,20,1,travel,online,8.4,9.0,3.0,1.0,0,2819,0,0
TXN003277,45.55,14,0,clothing,card_present,21.6,2.6,3.0,2.0,0,1349,0,0
TXN003278,13.26,13,4,clothing,card_present,17.3,5.3,7.0,1.0,0,3606,0,0
TXN003279,40.46,12,4,online,card_present,13.4,3.0,2.0,0.0,1,2614,1,0
TXN003280,78.39,17,3,online,online,32.4,2.6,1.0,0.0,0,793,0,0
TXN003281,133.67,13,5,restaurant,card_present,18.7,0.8,3.0,0.0,0,95,1,0
TXN003282,32.52,20,6,travel,contactless,14.2,2.1,3.0,1.0,1,623,0,0
TXN003283,13.94,11,5,electronics,card_present,5.3,7.5,1.0,0.0,0,1462,0,0
TXN003284,12.67,8,2,travel,card_present,40.5,13.4,6.0,2.0,0,2305,0,0
TXN003285,373.2,2,6,jewelry,online,107.7,236.9,12.0,4.0,5,37,1,1
TXN003286,39.25,15,5,online,online,22.6,12.6,4.0,0.0,0,778,0,0
TXN003287,42.63,21,1,restaurant,contactless,1.0,15.3,5.0,1.0,0,3557,0,0
TXN003288,17.19,20,0,clothing,contactless,22.7,2.9,5.0,0.0,0,621,0,0
TXN003289,163.57,22,1,clothing,online,4.8,10.8,5.0,1.0,0,3477,0,0
TXN003290,14.7,15,6,travel,online,23.5,0.9,1.0,0.0,0,845,1,0
TXN003291,28.84,13,4,travel,card_present,0.7,6.6,3.0,1.0,1,1531,0,0
TXN003292,98.35,18,0,restaurant,card_present,4.2,29.6,2.0,0.0,1,1090,0,0
TXN003293,25.98,7,0,travel,online,7.2,9.0,3.0,0.0,0,1530,1,0
TXN003294,16.26,15,0,electronics,online,4.4,0.8,4.0,0.0,0,608,0,0
TXN003295,21.6,19,6,electronics,card_present,18.0,5.9,3.0,2.0,0,909,0,0
TXN003296,287.45,4,6,travel,card_present,357.2,327.9,9.0,2.0,3,17,1,1
TXN003297,58.68,12,3,restaurant,online,1.4,6.0,1.0,0.0,0,3346,0,0
TXN003298,142.02,11,2,gas,card_present,7.3,2.6,2.0,1.0,1,3581,0,0
TXN003299,36.84,9,2,electronics,online,20.1,12.4,3.0,1.0,0,2506,0,0
TXN003300,21.85,16,2,online,card_present,29.8,0.6,1.0,1.0,0,1572,0,0
TXN003301,35.15,20,2,online,online,0.1,2.9,2.0,0.0,0,1478,0,0
TXN003302,177.15,9,2,clothing,online,33.7,4.4,3.0,2.0,0,54,1,0
TXN003303,36.15,16,3,travel,contactless,2.6,1.4,2.0,0.0,0,3357,1,0
TXN003304,377.42,8,5,grocery,card_present,9.6,0.3,1.0,0.0,0,2293,0,0
TXN003305,100.86,7,5,gas,card_present,34.6,0.1,0.0,2.0,0,179,1,0
TXN003306,73.12,14,1,grocery,contactless,27.1,15.9,2.0,0.0,0,350,0,0
TXN003307,119.65,6,0,online,contactless,20.1,23.6,2.0,1.0,0,101,1,0
TXN003308,19.92,20,4,restaurant,online,6.2,0.8,1.0,1.0,0,2190,0,0
TXN003309,55.5,8,6,restaurant,contactless,9.0,1.0,4.0,2.0,1,2851,0,0
TXN003310,86.87,8,0,clothing,card_present,11.1,24.7,1.0,1.0,0,1223,1,0
TXN003311,14.16,11,1,electronics,card_present,10.9,8.1,2.0,1.0,0,550,0,0
TXN003312,100.27,11,5,electronics,online,18.8,1.8,5.0,1.0,0,241,0,0
TXN003313,64.71,22,3,electronics,online,20.6,7.0,6.0,2.0,0,1565,0,0
TXN003314,157.08,10,4,travel,contactless,13.2,19.6,2.0,0.0,0,369,0,0
TXN003315,48.74,16,0,travel,online,9.1,28.2,3.0,0.0,0,1104,0,0
TXN003316,71.42,16,6,gas,contactless,11.5,24.3,5.0,0.0,0,808,0,0
TXN003317,77.37,10,6,restaurant,card_present,13.0,8.7,0.0,1.0,0,1432,0,0
TXN003318,14.15,14,1,electronics,online,11.0,18.6,4.0,2.0,1,2826,0,0
TXN003319,68.84,15,3,online,card_present,26.4,16.0,6.0,1.0,0,1256,0,0
TXN003320,137.82,21,1,electronics,online,1.9,0.5,0.0,1.0,0,2194,0,0
TXN003321,54.7,7,0,travel,online,40.1,2.2,2.0,1.0,0,2343,0,0
TXN003322,94.0,7,5,gas,card_present,25.4,0.5,2.0,0.0,0,1883,0,0
TXN003323,106.13,17,2,restaurant,card_present,31.1,11.5,5.0,0.0,1,2094,1,0
TXN003324,22.09,20,1,grocery,card_present,4.7,0.9,2.0,1.0,0,2658,0,0
TXN003325,199.55,10,2,travel,card_present,4.2,4.2,1.0,1.0,0,613,0,0
TXN003326,4.35,11,2,clothing,card_present,16.8,11.4,2.0,1.0,0,610,0,0
TXN003327,80.56,11,4,travel,online,12.7,18.0,5.0,2.0,0,965,0,0
TXN003328,43.9,14,2,travel,contactless,0.8,20.1,5.0,3.0,0,37,0,0
TXN003329,8.77,21,4,electronics,online,2.7,1.9,2.0,3.0,0,2546,0,0
TXN003330,25.54,20,4,electronics,card_present,7.3,6.9,4.0,1.0,0,834,0,0
TXN003331,54.5,19,2,gas,card_present,7.4,19.4,1.0,1.0,0,2589,0,0
TXN003332,69.09,19,4,restaurant,online,3.2,0.3,3.0,0.0,0,843,0,0
TXN003333,25.98,21,4,gas,online,14.5,15.5,1.0,2.0,0,3551,0,0
TXN003334,301.16,3,0,online,card_present,113.1,183.9,9.0,5.0,3,15,1,1
TXN003335,280.28,9,4,restaurant,card_present,20.3,5.6,6.0,1.0,0,425,0,0
TXN003336,59.86,14,2,gas,card_present,6.6,2.6,2.0,1.0,0,3408,1,0
TXN003337,85.19,11,6,online,online,4.5,23.1,1.0,1.0,0,3565,0,0
TXN003338,20.39,21,0,online,card_present,0.1,8.1,4.0,3.0,0,1380,0,0
TXN003339,222.15,18,4,grocery,card_present,4.5,7.5,3.0,0.0,1,2172,0,0
TXN003340,21.48,15,0,travel,card_present,11.0,3.1,2.0,2.0,0,1596,1,0
TXN003341,227.54,17,6,restaurant,contactless,3.6,14.1,5.0,0.0,0,404,0,0
TXN003342,521.39,0,1,online,online,190.3,398.0,9.0,7.0,5,55,1,1
TXN003343,40.08,14,3,electronics,card_present,19.5,28.9,1.0,0.0,0,2248,0,0
TXN003344,27.68,6,6,travel,card_present,4.7,7.1,2.0,2.0,0,501,0,0
TXN003345,11.49,14,6,restaurant,online,5.6,2.3,3.0,1.0,0,3276,0,0
TXN003346,162.02,18,3,clothing,online,2.9,6.4,4.0,1.0,0,2787,1,0
TXN003347,60.28,22,2,electronics,card_present,7.3,7.1,1.0,3.0,0,578,0,0
TXN003348,36.33,20,6,grocery,online,23.5,14.5,4.0,1.0,0,481,0,0
TXN003349,44.91,20,2,restaurant,card_present,13.9,16.1,2.0,0.0,1,2159,1,0
TXN003350,105.85,13,1,restaurant,card_present,32.4,12.9,5.0,2.0,0,1992,0,0
TXN003351,30.52,13,0,clothing,card_present,37.1,28.9,5.0,0.0,0,1039,0,0
TXN003352,161.28,20,0,online,card_present,26.2,4.2,2.0,2.0,1,2411,0,0
TXN003353,76.58,17,2,electronics,online,22.7,8.5,3.0,0.0,0,1989,0,0
TXN003354,54.1,6,2,electronics,card_present,1.5,7.4,3.0,2.0,0,1313,1,0
TXN003355,44.57,21,1,restaurant,contactless,15.8,10.2,3.0,0.0,1,1505,0,0
TXN003356,36.18,17,0,restaurant,online,14.4,14.3,5.0,2.0,0,1213,0,0
TXN003357,91.53,15,6,gas,card_present,15.6,6.7,1.0,1.0,0,3008,0,0
TXN003358,13.25,14,4,grocery,contactless,18.2,8.2,5.0,0.0,0,3492,0,0
TXN003359,17.27,15,5,grocery,card_present,29.3,0.3,2.0,1.0,0,1509,1,0
TXN003360,120.29,22,6,restaurant,card_present,36.4,21.6,1.0,0.0,0,2812,0,0
TXN003361,91.66,19,3,restaurant,online,6.3,4.6,4.0,3.0,0,1996,0,0
TXN003362,14.14,10,4,online,card_present,34.7,1.2,1.0,1.0,0,2298,0,0
TXN003363,30.48,7,3,online,card_present,2.0,12.0,3.0,0.0,0,2793,0,0
TXN003364,51.77,19,5,electronics,contactless,2.5,20.8,3.0,2.0,1,1167,0,0
TXN003365,45.83,9,4,grocery,card_present,26.3,6.2,4.0,0.0,1,3396,0,0
TXN003366,67.96,11,3,travel,online,3.6,1.2,2.0,1.0,0,966,0,0
TXN003367,225.76,9,3,travel,online,5.3,11.0,4.0,4.0,0,3579,0,0
TXN003368,105.54,10,4,gas,online,1.9,24.6,6.0,3.0,1,2885,0,0
TXN003369,44.39,19,5,restaurant,card_present,34.7,8.5,2.0,0.0,1,2611,0,0
TXN003370,74.43,14,3,grocery,card_present,10.8,11.3,4.0,0.0,1,1376,1,0
TXN003371,73.26,13,4,restaurant,contactless,15.2,32.1,2.0,3.0,0,2669,0,0
TXN003372,151.62,17,5,travel,contactless,1.8,3.4,3.0,1.0,0,1337,0,0
TXN003373,21.69,7,6,clothing,card_present,17.4,3.4,1.0,1.0,0,572,0,0
TXN003374,13.73,6,1,electronics,card_present,5.1,1.1,2.0,1.0,1,3374,1,0
TXN003375,31.63,13,2,clothing,card_present,13.5,0.7,4.0,2.0,0,1722,0,0
TXN003376,88.3,7,3,online,contactless,16.3,15.0,6.0,0.0,0,1338,0,0
TXN003377,23.64,21,1,travel,card_present,5.0,19.0,4.0,0.0,0,1856,1,0
TXN003378,51.29,20,6,grocery,online,12.1,15.4,1.0,0.0,0,2738,0,0
TXN003379,33.11,17,2,electronics,online,0.8,12.1,2.0,0.0,0,3489,0,0
TXN003380,206.22,18,1,clothing,card_present,17.3,6.3,0.0,1.0,0,1490,0,0
TXN003381,420.86,22,2,electronics,online,489.2,228.6,5.0,2.0,2,31,1,1
TXN003382,382.28,2,1,travel,card_present,337.0,481.4,5.0,3.0,4,1,1,1
TXN003383,122.64,18,2,restaurant,online,0.6,13.2,4.0,3.0,0,2640,0,0
TXN003384,304.72,18,4,electronics,card_present,1.3,0.1,1.0,0.0,0,649,0,0
TXN003385,29.12,12,5,electronics,contactless,30.0,18.6,3.0,2.0,0,1759,0,0
TXN003386,65.9,13,1,electronics,card_present,6.2,5.9,5.0,2.0,0,2687,0,0
TXN003387,63.11,6,1,restaurant,contactless,6.4,5.1,3.0,0.0,0,1398,1,0
TXN003388,41.13,20,2,clothing,card_present,33.6,3.2,4.0,2.0,1,2205,1,0
TXN003389,173.84,8,2,gas,contactless,23.9,7.8,2.0,1.0,1,2560,0,0
TXN003390,155.57,22,2,gas,online,18.0,0.3,7.0,1.0,0,2881,0,0
TXN003391,139.95,7,5,electronics,card_present,24.4,0.9,4.0,3.0,0,522,1,0
TXN003392,45.33,10,2,grocery,contactless,4.0,5.5,4.0,1.0,1,1902,0,0
TXN003393,76.71,12,1,online,card_present,5.3,8.1,5.0,1.0,0,1894,1,0
TXN003394,109.75,22,2,grocery,online,1.7,1.3,4.0,1.0,1,3097,0,0
TXN003395,88.58,12,2,grocery,card_present,35.9,9.6,6.0,1.0,1,93,1,0
TXN003396,369.23,19,4,restaurant,card_present,8.9,2.4,5.0,0.0,0,919,0,0
TXN003397,18.07,7,6,restaurant,contactless,30.2,5.8,4.0,2.0,0,2848,1,0
TXN003398,11.67,9,1,travel,contactless,12.4,1.5,4.0,1.0,0,2042,1,0
TXN003399,17.62,22,3,online,online,12.3,7.4,2.0,1.0,0,879,1,0
TXN003400,12.7,22,2,travel,online,9.7,4.4,1.0,2.0,0,2483,1,0
TXN003401,28.45,14,1,grocery,contactless,41.5,0.6,3.0,2.0,1,161,0,0
TXN003402,44.66,2,5,travel,online,306.2,535.3,6.0,7.0,4,4,1,1
TXN003403,214.09,14,6,online,contactless,29.3,15.9,5.0,1.0,0,1293,0,0
TXN003404,117.24,6,3,restaurant,card_present,17.9,10.1,4.0,0.0,0,2198,1,0
TXN003405,69.98,16,2,electronics,contactless,16.8,9.4,3.0,0.0,0,2259,0,0
TXN003406,581.48,1,6,online,online,600.6,120.1,8.0,6.0,3,54,1,1
TXN003407,85.36,17,0,online,card_present,11.8,5.2,3.0,2.0,0,416,0,0
TXN003408,60.49,14,3,travel,online,4.2,12.5,1.0,0.0,0,2065,0,0
TXN003409,37.06,14,5,electronics,online,20.9,6.2,4.0,1.0,1,1603,0,0
TXN003410,165.62,19,2,electronics,card_present,24.8,0.5,8.0,0.0,0,3473,0,0
TXN003411,11.86,12,0,grocery,contactless,17.5,11.0,1.0,0.0,1,2202,0,0
TXN003412,8.13,15,0,electronics,online,8.6,2.8,1.0,1.0,0,2630,0,0
TXN003413,239.83,21,6,travel,contactless,38.8,16.7,1.0,0.0,0,1607,0,0
TXN003414,12.5,12,2,restaurant,online,8.6,13.9,4.0,1.0,0,3020,0,0
TXN003415,10.25,6,5,electronics,card_present,6.4,4.1,3.0,1.0,1,278,1,0
TXN003416,366.55,18,4,gas,online,0.0,7.3,3.0,0.0,0,1305,0,0
TXN003417,9.22,8,5,clothing,card_present,35.6,4.0,5.0,0.0,0,44,0,0
TXN003418,40.47,15,2,travel,online,18.1,5.1,1.0,0.0,0,1562,1,0
TXN003419,940.72,1,1,electronics,online,92.4,212.1,10.0,6.0,2,4,1,1
TXN003420,8.92,21,5,grocery,card_present,26.8,19.5,5.0,2.0,0,652,0,0
TXN003421,33.65,11,1,gas,card_present,28.2,4.8,7.0,0.0,0,2388,0,0
TXN003422,182.54,4,2,jewelry,card_present,203.4,86.6,6.0,7.0,2,19,1,1
TXN003423,52.17,19,5,grocery,contactless,21.3,2.1,3.0,0.0,0,3320,1,0
TXN003424,445.52,23,1,travel,online,348.9,526.2,8.0,2.0,3,19,1,1
TXN003425,75.49,18,5,travel,contactless,8.3,6.1,3.0,1.0,0,2132,0,0
TXN003426,24.83,6,2,electronics,online,15.6,14.5,5.0,1.0,0,761,0,0
TXN003427,206.56,13,5,gas,online,1.4,4.7,3.0,0.0,0,474,1,0
TXN003428,38.88,16,1,online,online,27.8,2.5,3.0,2.0,0,2378,0,0
TXN003429,255.33,9,5,restaurant,online,12.5,11.6,4.0,1.0,1,778,0,0
TXN003430,336.9,16,1,online,card_present,15.3,10.6,0.0,0.0,1,1180,0,0
TXN003431,64.35,22,4,grocery,contactless,3.8,18.3,5.0,2.0,0,2147,1,0
TXN003432,20.53,21,0,electronics,online,10.3,10.6,2.0,1.0,1,2898,0,0
TXN003433,48.22,8,3,grocery,contactless,16.3,2.1,4.0,1.0,0,106,0,0
TXN003434,55.6,15,5,restaurant,card_present,29.4,2.2,1.0,0.0,0,1706,0,0
TXN003435,43.39,11,2,grocery,online,21.0,10.2,3.0,0.0,0,1472,0,0
TXN003436,211.43,21,0,online,contactless,13.5,3.1,4.0,2.0,1,894,0,0
TXN003437,40.24,14,3,clothing,card_present,1.6,16.2,1.0,0.0,0,2648,0,0
TXN003438,18.72,16,1,travel,card_present,12.8,10.3,4.0,1.0,0,2570,0,0
TXN003439,21.99,21,4,online,online,5.6,18.1,5.0,1.0,0,1894,0,0
TXN003440,27.37,15,6,clothing,contactless,17.8,14.8,1.0,1.0,0,334,0,0
TXN003441,28.13,20,1,travel,card_present,16.1,13.9,0.0,1.0,1,1567,0,0
TXN003442,165.14,9,6,online,card_present,10.0,6.5,2.0,0.0,1,1759,0,0
TXN003443,58.38,8,6,clothing,online,3.9,5.3,6.0,0.0,1,2952,0,0
TXN003444,141.62,7,3,gas,contactless,23.1,17.1,3.0,0.0,0,2010,0,0
TXN003445,66.65,15,5,clothing,card_present,3.7,2.1,4.0,1.0,0,1864,1,0
TXN003446,76.33,14,3,online,contactless,14.1,2.6,4.0,1.0,0,399,0,0
TXN003447,83.79,10,3,travel,contactless,18.2,29.9,0.0,1.0,1,733,0,0
TXN003448,141.12,17,3,clothing,online,22.8,10.7,2.0,1.0,0,581,0,0
TXN003449,63.55,11,4,gas,contactless,16.3,6.5,3.0,1.0,0,314,1,0
TXN003450,131.16,19,0,grocery,card_present,2.8,7.1,5.0,0.0,0,3114,0,0
TXN003451,114.59,9,2,restaurant,online,31.2,1.3,4.0,1.0,0,261,0,0
TXN003452,41.85,13,2,electronics,card_present,36.2,0.5,6.0,1.0,0,1132,0,0
TXN003453,38.21,13,5,clothing,card_present,5.2,3.0,3.0,0.0,0,3047,1,0
TXN003454,43.86,8,6,online,contactless,13.6,25.2,5.0,2.0,1,3032,0,0
TXN003455,38.09,15,3,travel,online,12.1,18.0,3.0,0.0,0,1179,0,0
TXN003456,255.39,14,2,travel,card_present,33.0,13.5,4.0,1.0,0,2850,0,0
TXN003457,83.55,9,5,restaurant,card_present,7.3,9.5,6.0,0.0,0,151,0,0
TXN003458,12.11,10,1,travel,online,17.1,8.9,1.0,2.0,0,2959,1,0
TXN003459,245.02,20,6,gas,online,30.0,4.9,3.0,2.0,1,1407,0,0
TXN003460,57.25,8,3,travel,online,27.2,15.3,1.0,1.0,0,2185,0,0
TXN003461,149.3,7,2,travel,online,20.8,4.4,4.0,0.0,0,2328,0,0
TXN003462,83.24,21,0,travel,online,5.6,16.6,3.0,0.0,0,353,0,0
TXN003463,41.11,10,5,electronics,online,3.1,21.0,1.0,1.0,0,950,0,0
TXN003464,64.29,7,5,restaurant,card_present,28.1,15.6,2.0,1.0,0,2572,1,0
TXN003465,46.2,9,0,grocery,card_present,11.8,4.5,2.0,1.0,1,1081,0,0
TXN003466,29.05,12,2,electronics,card_present,8.8,1.9,6.0,4.0,1,1238,0,0
TXN003467,316.91,14,6,electronics,card_present,27.7,13.6,5.0,1.0,0,1356,0,0
TXN003468,44.38,8,2,grocery,card_present,4.9,20.1,4.0,2.0,0,1220,0,0
TXN003469,104.22,22,2,grocery,card_present,17.8,1.4,4.0,1.0,0,767,0,0
TXN003470,436.04,4,3,online,online,264.5,183.2,10.0,3.0,1,47,1,1
TXN003471,20.74,15,0,online,card_present,2.2,4.4,2.0,2.0,0,3127,0,0
TXN003472,168.46,9,6,travel,card_present,9.6,11.5,3.0,3.0,0,992,1,0
TXN003473,96.11,10,0,electronics,contactless,23.7,4.4,4.0,1.0,0,1298,0,0
TXN003474,40.08,21,6,electronics,card_present,5.2,20.2,3.0,1.0,0,349,1,0
TXN003475,155.97,5,5,online,online,284.3,59.8,6.0,3.0,5,38,1,1
TXN003476,9.82,9,1,online,card_present,13.9,6.1,2.0,1.0,0,1965,0,0
TXN003477,1080.59,13,5,travel,card_present,14.6,22.5,3.0,2.0,0,1238,0,0
TXN003478,90.03,20,6,electronics,contactless,13.4,14.7,2.0,0.0,0,869,0,0
TXN003479,47.88,22,5,gas,card_present,17.0,1.1,3.0,0.0,0,1263,0,0
TXN003480,4.25,15,2,grocery,contactless,24.0,7.7,6.0,2.0,0,1899,0,0
TXN003481,146.27,16,4,online,online,20.1,3.1,3.0,0.0,0,3193,1,0
TXN003482,37.15,7,1,online,card_present,6.8,10.1,3.0,1.0,0,1244,0,0
TXN003483,67.4,12,6,restaurant,card_present,10.0,14.9,3.0,0.0,0,544,1,0
TXN003484,85.67,9,5,online,contactless,0.6,8.9,4.0,1.0,0,875,0,0
TXN003485,53.45,11,0,travel,card_present,17.4,12.2,0.0,0.0,0,2332,0,0
TXN003486,30.7,18,6,clothing,online,13.2,0.9,4.0,0.0,0,2482,0,0
TXN003487,33.8,12,1,grocery,card_present,19.2,4.7,4.0,1.0,0,2818,0,0
TXN003488,40.2,14,5,electronics,card_present,5.6,13.4,5.0,2.0,0,2326,1,0
TXN003489,37.82,22,6,grocery,online,27.4,0.2,1.0,0.0,1,1169,0,0
TXN003490,136.11,15,0,online,card_present,9.9,15.4,5.0,1.0,0,2087,0,0
TXN003491,17.08,6,3,grocery,online,8.5,7.0,7.0,1.0,0,729,0,0
TXN003492,116.69,19,4,travel,online,21.0,1.5,6.0,2.0,0,1195,0,0
TXN003493,72.87,21,5,clothing,card_present,0.2,17.1,5.0,1.0,1,3495,1,0
TXN003494,195.04,3,6,electronics,online,309.2,273.8,8.0,5.0,3,58,0,1
TXN003495,37.05,20,2,clothing,card_present,33.3,12.0,7.0,1.0,0,3479,0,0
TXN003496,7.83,16,1,travel,contactless,5.4,4.2,2.0,0.0,0,1215,0,0
TXN003497,15.02,9,4,travel,card_present,10.7,4.3,6.0,1.0,1,1654,0,0
TXN003498,74.09,17,4,clothing,card_present,2.4,1.7,5.0,3.0,1,1850,0,0
TXN003499,27.69,21,0,restaurant,card_present,30.6,1.5,1.0,1.0,0,975,0,0
TXN003500,48.68,21,1,online,online,33.4,2.1,3.0,0.0,0,2259,0,0
TXN003501,46.97,8,1,electronics,card_present,25.7,18.9,2.0,1.0,0,2735,0,0
TXN003502,30.89,9,4,electronics,online,24.2,4.1,3.0,1.0,0,3022,0,0
TXN003503,186.24,19,6,electronics,contactless,10.2,23.6,6.0,3.0,0,3269,1,0
TXN003504,214.57,8,0,online,online,1.1,3.3,4.0,2.0,0,1745,0,0
TXN003505,23.41,19,3,grocery,online,20.0,13.1,3.0,1.0,0,2773,0,0
TXN003506,78.79,10,4,online,online,30.9,20.0,2.0,0.0,1,3098,1,0
TXN003507,107.79,15,1,clothing,card_present,4.5,3.1,3.0,3.0,0,1410,1,0
TXN003508,26.7,22,6,gas,online,19.2,11.1,9.0,2.0,0,946,0,0
TXN003509,554.26,20,0,online,online,4.9,11.2,1.0,0.0,0,1670,0,0
TXN003510,1.49,10,6,travel,card_present,8.3,12.0,4.0,2.0,0,1340,1,0
TXN003511,86.77,18,2,grocery,card_present,26.3,0.3,3.0,0.0,0,2908,0,0
TXN003512,34.51,20,4,electronics,online,24.0,8.1,1.0,1.0,1,844,1,0
TXN003513,61.14,18,3,electronics,online,39.3,7.2,9.0,3.0,0,1577,0,0
TXN003514,54.51,14,2,gas,online,4.8,5.0,1.0,1.0,0,201,0,0
TXN003515,94.82,12,3,gas,online,14.6,22.3,4.0,0.0,0,1477,1,0
TXN003516,83.3,8,6,electronics,card_present,38.5,3.5,1.0,0.0,0,694,0,0
TXN003517,5.46,10,3,gas,online,7.2,6.2,4.0,0.0,0,696,1,0
TXN003518,115.01,17,6,online,card_present,40.8,17.8,3.0,3.0,0,3426,0,0
TXN003519,85.43,16,4,clothing,card_present,4.5,18.0,2.0,0.0,0,2142,1,0
TXN003520,41.43,7,0,restaurant,card_present,2.1,16.8,2.0,0.0,1,2479,1,0
TXN003521,32.59,19,0,travel,online,19.5,2.0,3.0,1.0,0,2045,0,0
TXN003522,9.39,16,3,gas,card_present,5.2,5.8,1.0,3.0,0,1824,0,0
TXN003523,221.28,17,2,online,card_present,14.6,10.1,1.0,1.0,1,3406,1,0
TXN003524,18.58,7,6,restaurant,contactless,9.8,9.9,3.0,0.0,0,1170,0,0
TXN003525,64.5,16,4,grocery,online,0.6,10.2,3.0,0.0,1,3278,0,0
TXN003526,51.21,8,1,electronics,card_present,24.3,7.0,2.0,0.0,0,3360,1,0
TXN003527,16.79,14,1,grocery,online,14.0,9.9,1.0,2.0,1,325,0,0
TXN003528,15.58,20,4,travel,online,9.0,4.3,2.0,0.0,0,1589,0,0
TXN003529,39.92,8,5,travel,online,8.3,9.3,2.0,2.0,0,3461,0,0
TXN003530,135.37,9,2,electronics,card_present,8.6,20.3,1.0,1.0,1,1718,0,0
TXN003531,276.76,4,6,electronics,online,126.1,292.3,6.0,1.0,5,36,1,1
TXN003532,221.85,18,1,grocery,card_present,22.4,6.6,4.0,2.0,0,1592,0,0
TXN003533,127.81,2,3,travel,online,298.6,446.6,8.0,3.0,4,39,0,1
TXN003534,37.53,9,2,gas,card_present,18.5,3.0,2.0,0.0,0,3633,0,0
TXN003535,68.25,15,1,travel,card_present,15.1,8.2,1.0,0.0,0,1393,0,0
TXN003536,5.8,13,1,restaurant,contactless,29.1,19.0,4.0,0.0,0,2350,0,0
TXN003537,38.19,14,1,restaurant,card_present,37.0,10.9,3.0,0.0,0,2398,0,0
TXN003538,10.58,22,3,electronics,card_present,27.2,6.9,3.0,0.0,0,3051,0,0
TXN003539,315.19,0,2,travel,online,93.1,73.3,11.0,7.0,2,28,0,1
TXN003540,43.68,21,1,electronics,card_present,11.7,14.8,4.0,0.0,0,1879,0,0
TXN003541,60.19,11,4,electronics,card_present,5.5,2.3,4.0,1.0,0,2144,0,0
TXN003542,61.98,12,6,restaurant,card_present,14.5,2.8,2.0,0.0,0,1251,0,0
TXN003543,166.9,20,0,grocery,card_present,22.5,12.3,4.0,0.0,0,3223,0,0
TXN003544,147.95,10,6,electronics,card_present,11.9,3.2,2.0,1.0,0,811,0,0
TXN003545,28.69,17,6,grocery,contactless,18.5,5.2,2.0,1.0,0,600,1,0
TXN003546,98.28,19,1,online,card_present,18.6,6.4,2.0,1.0,0,1678,0,0
TXN003547,104.63,12,0,grocery,contactless,12.7,6.1,2.0,1.0,0,2629,0,0
TXN003548,93.54,20,1,electronics,online,1.0,14.3,3.0,0.0,0,2123,0,0
TXN003549,352.76,18,4,restaurant,contactless,6.2,7.0,4.0,0.0,0,1134,0,0
TXN003550,29.1,12,1,clothing,online,22.6,5.2,5.0,3.0,1,2746,0,0
TXN003551,36.11,13,6,gas,card_present,21.4,10.8,7.0,1.0,0,489,0,0
TXN003552,47.61,9,6,electronics,contactless,14.2,5.3,3.0,0.0,1,744,0,0
TXN003553,45.27,13,3,clothing,online,40.3,6.6,4.0,1.0,0,2712,1,0
TXN003554,23.76,21,2,restaurant,online,1.7,7.5,1.0,2.0,0,676,0,0
TXN003555,109.27,22,2,grocery,online,11.9,3.2,2.0,0.0,0,2296,0,0
TXN003556,51.26,18,3,online,online,9.3,6.8,3.0,0.0,0,3159,0,0
TXN003557,476.89,0,4,online,online,190.0,596.0,10.0,0.0,2,3,1,1
TXN003558,1656.54,5,0,travel,online,246.7,312.6,6.0,6.0,2,20,1,1
TXN003559,26.13,17,6,travel,card_present,6.9,11.7,2.0,0.0,0,1607,0,0
TXN003560,36.91,8,5,online,contactless,25.5,6.3,2.0,1.0,0,2487,1,0
TXN003561,52.9,21,2,travel,card_present,12.1,16.9,4.0,1.0,0,1282,0,0
TXN003562,123.41,1,4,jewelry,card_present,248.7,364.2,9.0,6.0,1,54,0,1
TXN003563,524.74,22,6,jewelry,card_present,142.5,458.7,11.0,4.0,4,53,1,1
TXN003564,46.99,19,4,clothing,online,18.6,13.3,2.0,0.0,0,3339,0,0
TXN003565,22.74,6,5,clothing,card_present,8.0,6.8,3.0,0.0,0,1567,0,0
TXN003566,123.13,17,0,online,card_present,11.8,14.1,4.0,1.0,0,2973,0,0
TXN003567,86.16,10,0,electronics,online,28.9,10.3,2.0,2.0,0,275,0,0
TXN003568,64.07,17,0,restaurant,card_present,6.2,28.2,3.0,1.0,0,2810,0,0
TXN003569,225.99,7,0,grocery,online,21.5,6.3,3.0,2.0,0,3337,0,0
TXN003570,264.06,14,1,electronics,online,24.0,12.2,5.0,1.0,0,2929,0,0
TXN003571,364.05,9,4,online,card_present,25.2,3.5,2.0,2.0,0,2996,0,0
TXN003572,272.58,14,6,restaurant,card_present,24.8,15.5,4.0,1.0,0,587,0,0
TXN003573,64.18,22,2,electronics,card_present,26.7,9.9,4.0,0.0,0,417,0,0
TXN003574,46.14,22,1,clothing,card_present,22.6,6.9,6.0,1.0,0,2007,0,0
TXN003575,36.6,9,0,gas,online,4.8,10.9,2.0,1.0,0,1254,0,0
TXN003576,33.53,13,3,restaurant,card_present,1.8,13.4,1.0,1.0,0,2264,0,0
TXN003577,82.52,20,2,gas,online,9.0,9.3,4.0,1.0,0,35,1,0
TXN003578,11.18,10,0,online,card_present,31.3,9.2,0.0,3.0,0,3482,0,0
TXN003579,52.57,15,3,restaurant,card_present,27.1,6.3,5.0,0.0,0,901,1,0
TXN003580,636.06,20,4,gas,card_present,17.1,8.5,3.0,3.0,0,1279,0,0
TXN003581,20.81,12,0,clothing,card_present,20.0,4.3,4.0,0.0,1,851,0,0
TXN003582,69.67,6,1,travel,online,41.7,13.7,2.0,1.0,1,3416,0,0
TXN003583,69.49,8,5,online,card_present,6.2,1.5,4.0,2.0,0,1132,0,0
TXN003584,640.85,3,1,jewelry,online,297.6,130.1,12.0,8.0,1,39,1,1
TXN003585,10.41,11,1,clothing,card_present,7.0,9.5,2.0,1.0,0,2651,0,0
TXN003586,34.5,17,0,online,online,28.4,14.5,2.0,0.0,1,3162,0,0
TXN003587,31.83,9,5,online,card_present,6.2,12.3,6.0,0.0,0,666,0,0
TXN003588,53.53,12,3,electronics,card_present,14.6,0.4,3.0,1.0,1,2430,0,0
TXN003589,311.84,1,2,travel,online,156.5,374.1,4.0,7.0,5,54,1,1
TXN003590,89.42,12,4,gas,card_present,13.6,3.9,2.0,1.0,1,1293,1,0
TXN003591,164.67,9,0,electronics,card_present,32.0,3.8,2.0,1.0,0,2696,0,0
TXN003592,18.36,20,4,clothing,card_present,21.7,20.9,6.0,3.0,0,1468,1,0
TXN003593,41.74,11,6,restaurant,card_present,8.2,5.3,3.0,0.0,0,172,1,0
TXN003594,69.89,17,3,gas,contactless,27.8,4.1,4.0,0.0,0,2878,0,0
TXN003595,9.47,6,0,restaurant,card_present,4.1,12.8,3.0,0.0,1,675,0,0
TXN003596,178.02,9,4,gas,online,0.6,2.9,2.0,3.0,0,2325,0,0
TXN003597,56.88,21,1,grocery,card_present,4.7,3.7,2.0,1.0,0,2652,0,0
TXN003598,12.47,20,0,restaurant,online,15.1,2.8,4.0,0.0,0,2539,0,0
TXN003599,74.96,18,5,travel,online,14.9,16.3,4.0,1.0,0,641,0,0
TXN003600,122.37,8,5,clothing,online,16.9,6.2,3.0,0.0,0,3086,0,0
TXN003601,14.99,8,5,gas,card_present,6.2,11.9,1.0,1.0,0,3634,0,0
TXN003602,15.07,23,5,travel,online,234.6,352.3,7.0,4.0,2,11,1,1
TXN003603,47.59,6,2,grocery,card_present,11.5,8.4,4.0,0.0,0,2654,0,0
TXN003604,29.84,6,6,gas,online,10.2,5.4,2.0,1.0,0,1407,1,0
TXN003605,73.45,6,5,online,card_present,0.7,1.5,3.0,1.0,0,3483,1,0
TXN003606,310.71,8,2,restaurant,online,10.2,4.7,2.0,2.0,1,2026,0,0
TXN003607,171.09,13,5,grocery,card_present,15.6,1.5,1.0,1.0,0,3247,0,0
TXN003608,60.44,13,3,grocery,card_present,15.6,1.8,6.0,2.0,0,1055,0,0
TXN003609,440.73,7,6,clothing,contactless,31.5,10.9,2.0,1.0,0,2226,0,0
TXN003610,33.2,17,0,electronics,card_present,9.0,24.4,0.0,0.0,0,1646,1,0
TXN003611,36.02,6,4,clothing,card_present,3.6,6.2,5.0,0.0,1,1941,1,0
TXN003612,62.99,15,4,travel,card_present,8.5,3.6,1.0,1.0,1,2006,0,0
TXN003613,137.48,15,2,online,card_present,1.9,5.4,7.0,4.0,0,2369,0,0
TXN003614,41.6,2,1,electronics,online,386.7,386.7,6.0,5.0,4,27,1,1
TXN003615,51.64,16,1,restaurant,online,0.6,7.2,2.0,0.0,1,3020,0,0
TXN003616,16.98,17,4,travel,online,26.1,20.3,3.0,0.0,0,2236,0,0
TXN003617,26.36,9,1,electronics,card_present,8.6,1.4,1.0,2.0,0,1285,0,0
TXN003618,15.54,12,1,travel,online,2.1,16.0,6.0,0.0,1,1445,0,0
TXN003619,307.21,17,0,restaurant,contactless,14.9,10.7,2.0,4.0,0,293,1,0
TXN003620,43.13,16,2,travel,online,14.5,2.9,1.0,3.0,0,2229,0,0
TXN003621,20.58,18,1,electronics,online,29.3,13.2,6.0,1.0,0,2993,0,0
TXN003622,30.05,15,2,online,contactless,3.2,10.5,3.0,1.0,0,2213,0,0
TXN003623,12.99,20,0,electronics,online,5.4,10.0,4.0,2.0,0,3090,0,0
TXN003624,151.18,22,3,electronics,online,268.3,286.3,10.0,4.0,2,34,1,1
TXN003625,192.85,13,0,electronics,card_present,1.2,5.0,3.0,1.0,0,2839,1,0
TXN003626,164.24,22,2,travel,online,12.1,5.9,3.0,0.0,0,2730,1,0
TXN003627,238.74,15,6,electronics,card_present,14.9,10.3,2.0,1.0,1,2149,0,0
TXN003628,44.99,12,0,online,card_present,10.1,12.5,6.0,1.0,0,1262,0,0
TXN003629,19.09,20,6,travel,contactless,14.1,0.4,2.0,0.0,1,3551,0,0
TXN003630,97.96,0,4,online,online,106.2,446.6,8.0,8.0,5,30,1,1
TXN003631,6.19,13,2,grocery,card_present,16.6,11.8,6.0,3.0,0,1729,0,0
TXN003632,28.52,13,2,gas,card_present,0.4,2.6,1.0,2.0,0,2747,0,0
TXN003633,155.87,11,5,grocery,online,19.2,15.9,3.0,3.0,1,691,0,0
TXN003634,157.18,17,1,online,online,14.3,10.3,3.0,1.0,0,1913,0,0
TXN003635,57.74,15,1,restaurant,card_present,10.6,15.3,1.0,3.0,0,2779,1,0
TXN003636,36.34,16,6,electronics,card_present,11.6,28.6,2.0,1.0,1,178,0,0
TXN003637,435.02,19,3,clothing,card_present,16.5,18.3,3.0,0.0,0,175,1,0
TXN003638,31.24,17,4,online,online,6.5,21.6,4.0,2.0,0,859,0,0
TXN003639,47.97,10,4,online,online,0.3,6.3,3.0,1.0,1,1940,0,0
TXN003640,210.79,21,4,grocery,card_present,8.0,11.4,2.0,3.0,0,1246,0,0
TXN003641,126.72,10,0,online,card_present,2.0,13.0,4.0,1.0,0,2372,1,0
TXN003642,134.11,7,2,electronics,card_present,17.4,7.1,0.0,1.0,0,1118,0,0
TXN003643,24.72,9,2,restaurant,card_present,9.3,8.3,3.0,2.0,0,1286,0,0
TXN003644,53.7,12,0,online,contactless,20.0,9.7,4.0,1.0,1,3382,0,0
TXN003645,34.95,19,4,clothing,card_present,11.1,22.2,5.0,2.0,0,2692,0,0
TXN003646,6.92,11,1,travel,card_present,3.0,21.7,1.0,2.0,0,3125,0,0
TXN003647,195.28,12,3,online,online,29.8,3.1,2.0,2.0,0,1572,1,0
TXN003648,46.81,6,3,clothing,online,34.6,21.2,4.0,3.0,1,644,0,0
TXN003649,11.29,12,6,clothing,card_present,13.8,10.7,4.0,2.0,0,3018,0,0
TXN003650,36.87,18,3,travel,contactless,35.0,10.4,5.0,2.0,0,638,0,0
TXN003651,11.23,18,3,clothing,online,28.8,3.7,4.0,2.0,1,2979,0,0
TXN003652,36.97,7,3,travel,online,13.8,5.0,2.0,1.0,0,2350,1,0
TXN003653,76.12,17,4,gas,contactless,9.8,3.4,5.0,0.0,0,2829,1,0
TXN003654,64.11,14,0,clothing,contactless,1.9,3.4,2.0,3.0,0,3298,0,0
TXN003655,51.94,21,6,restaurant,card_present,22.4,10.0,3.0,0.0,1,1754,0,0
TXN003656,110.99,19,6,online,card_present,14.9,12.4,4.0,2.0,0,3581,1,0
TXN003657,40.24,12,4,grocery,card_present,10.0,16.2,6.0,1.0,0,2750,0,0
TXN003658,126.19,10,5,electronics,online,2.2,22.5,1.0,0.0,1,3047,0,0
TXN003659,23.6,22,2,online,card_present,2.2,7.3,2.0,0.0,0,3203,0,0
TXN003660,307.34,16,5,gas,card_present,19.3,13.4,3.0,0.0,0,1829,0,0
TXN003661,85.17,16,4,electronics,online,15.9,4.2,0.0,1.0,0,1835,1,0
TXN003662,165.19,7,1,online,card_present,8.8,1.9,2.0,2.0,1,999,0,0
TXN003663,38.0,8,0,online,card_present,13.7,21.4,0.0,0.0,0,100,1,0
TXN003664,73.17,15,0,restaurant,card_present,22.5,3.7,3.0,2.0,0,2837,1,0
TXN003665,33.54,6,4,grocery,card_present,15.4,9.0,2.0,1.0,0,1798,1,0
TXN003666,58.07,16,3,clothing,card_present,5.7,2.1,2.0,0.0,1,128,0,0
TXN003667,86.13,7,3,travel,contactless,10.9,8.6,5.0,0.0,0,44,0,0
TXN003668,25.09,19,1,restaurant,online,18.4,10.5,2.0,1.0,0,2732,0,0
TXN003669,51.24,9,5,travel,card_present,28.3,0.8,2.0,1.0,0,3453,0,0
TXN003670,87.05,7,5,online,card_present,0.9,21.7,5.0,0.0,0,488,0,0
TXN003671,114.3,19,6,clothing,card_present,6.7,1.4,2.0,2.0,0,2402,0,0
TXN003672,2.67,14,6,clothing,online,22.4,8.0,1.0,2.0,0,3364,0,0
TXN003673,131.94,10,1,grocery,card_present,1.9,15.6,4.0,1.0,0,2896,1,0
TXN003674,141.93,12,3,online,card_present,2.5,0.1,5.0,1.0,1,1139,0,0
TXN003675,59.37,17,5,clothing,card_present,1.9,2.2,2.0,0.0,0,3517,1,0
TXN003676,263.42,17,4,electronics,card_present,2.6,5.5,5.0,0.0,0,2583,0,0
TXN003677,96.59,21,4,restaurant,card_present,28.4,17.6,7.0,2.0,1,1997,0,0
TXN003678,92.73,20,6,gas,card_present,2.0,12.3,4.0,0.0,0,3076,0,0
TXN003679,17.77,21,5,online,online,14.8,3.4,0.0,2.0,0,3441,0,0
TXN003680,18.24,7,5,online,online,8.5,4.7,0.0,0.0,1,1220,0,0
TXN003681,364.22,21,2,gas,card_present,4.6,7.0,3.0,1.0,0,1787,0,0
TXN003682,442.84,21,0,restaurant,online,3.2,9.2,3.0,1.0,1,1492,0,0
TXN003683,76.84,20,2,online,card_present,15.4,7.1,0.0,2.0,0,2812,0,0
TXN003684,27.71,13,1,travel,card_present,19.8,22.7,5.0,0.0,0,1606,0,0
TXN003685,30.68,14,6,travel,online,2.8,0.3,4.0,0.0,0,296,0,0
TXN003686,67.63,10,6,online,contactless,9.0,10.6,1.0,0.0,1,3228,0,0
TXN003687,91.03,9,3,gas,card_present,15.0,0.1,5.0,1.0,0,2593,0,0
TXN003688,190.47,19,5,online,card_present,10.5,15.2,4.0,1.0,0,651,0,0
TXN003689,212.76,9,2,electronics,online,11.4,0.2,3.0,2.0,0,3512,0,0
TXN003690,79.94,10,5,gas,card_present,4.3,5.3,2.0,1.0,0,1994,1,0
TXN003691,159.48,20,6,travel,card_present,19.1,8.8,2.0,0.0,0,2518,0,0
TXN003692,20.23,15,6,grocery,online,10.6,17.2,2.0,4.0,0,1018,1,0
TXN003693,133.2,18,1,restaurant,contactless,6.6,4.0,4.0,0.0,0,2380,0,0
TXN003694,487.75,22,5,gas,card_present,22.2,24.9,3.0,0.0,0,3044,0,0
TXN003695,14.98,20,4,grocery,contactless,23.5,22.2,2.0,0.0,0,3423,0,0
TXN003696,69.4,9,3,restaurant,contactless,2.2,16.4,2.0,1.0,0,2892,0,0
TXN003697,38.97,7,5,grocery,contactless,4.2,9.3,6.0,1.0,0,3182,0,0
TXN003698,82.58,7,6,electronics,online,16.4,10.1,1.0,0.0,1,2864,0,0
TXN003699,47.0,11,5,electronics,contactless,3.5,16.7,0.0,3.0,0,3492,1,0
TXN003700,102.05,21,6,clothing,online,9.6,24.4,4.0,1.0,0,3622,0,0
TXN003701,9.3,17,5,online,card_present,7.3,0.2,5.0,0.0,0,1553,0,0
TXN003702,87.07,17,4,restaurant,card_present,26.0,1.9,1.0,0.0,0,952,0,0
TXN003703,16.94,9,0,grocery,online,7.0,10.1,2.0,0.0,0,2820,1,0
TXN003704,39.58,8,2,electronics,online,32.5,11.1,3.0,0.0,0,93,0,0
TXN003705,29.4,8,6,online,online,9.5,6.0,1.0,0.0,0,1358,0,0
TXN003706,63.23,9,5,grocery,contactless,3.3,8.5,3.0,1.0,1,1205,0,0
TXN003707,47.59,18,4,electronics,online,13.1,4.7,3.0,2.0,1,3372,0,0
TXN003708,9.01,19,0,gas,card_present,0.9,5.9,3.0,2.0,0,1816,0,0
TXN003709,22.28,14,5,electronics,contactless,10.1,3.7,4.0,0.0,0,2897,0,0
TXN003710,32.65,17,4,electronics,card_present,2.1,10.7,6.0,0.0,0,1756,0,0
TXN003711,49.98,12,3,electronics,card_present,9.7,10.0,4.0,1.0,0,1771,1,0
TXN003712,52.38,6,5,grocery,card_present,25.2,9.6,2.0,0.0,0,3030,0,0
TXN003713,36.3,15,5,clothing,online,2.0,0.4,3.0,2.0,0,771,0,0
TXN003714,21.27,21,0,electronics,card_present,6.8,22.1,2.0,0.0,0,3286,0,0
TXN003715,43.82,12,3,clothing,online,8.5,6.9,1.0,0.0,0,2536,0,0
TXN003716,123.98,15,2,restaurant,card_present,9.4,3.8,5.0,1.0,1,3328,0,0
TXN003717,32.28,21,3,restaurant,card_present,51.0,11.9,4.0,0.0,0,3057,1,0
TXN003718,87.4,12,1,electronics,card_present,0.9,2.0,3.0,0.0,0,2000,0,0
TXN003719,26.62,6,4,travel,contactless,15.5,8.6,2.0,1.0,0,3352,0,0
TXN003720,20.73,20,5,clothing,card_present,29.0,10.2,0.0,2.0,0,131,0,0
TXN003721,29.62,13,6,online,card_present,17.3,26.1,5.0,0.0,0,3195,0,0
TXN003722,182.46,17,0,online,online,8.8,21.3,2.0,2.0,0,2739,1,0
TXN003723,113.4,16,4,online,online,16.2,13.5,1.0,0.0,0,2906,1,0
TXN003724,49.23,9,5,restaurant,card_present,32.0,8.8,4.0,1.0,0,3606,1,0
TXN003725,280.08,9,5,grocery,online,15.5,20.7,4.0,0.0,0,1299,0,0
TXN003726,92.79,14,2,electronics,online,8.8,1.6,6.0,2.0,0,860,0,0
TXN003727,2.92,6,4,electronics,card_present,15.9,4.1,2.0,1.0,0,687,1,0
TXN003728,36.05,20,1,gas,card_present,41.1,3.4,3.0,0.0,1,269,1,0
TXN003729,19.38,7,0,gas,online,21.0,14.1,2.0,0.0,0,3337,0,0
TXN003730,34.63,8,4,grocery,card_present,12.6,15.6,1.0,0.0,1,3063,0,0
TXN003731,1019.72,5,5,electronics,online,138.9,339.9,16.0,6.0,2,22,1,1
TXN003732,28.78,15,5,electronics,card_present,2.2,4.9,3.0,0.0,0,1049,1,0
TXN003733,26.13,21,6,restaurant,card_present,0.5,3.4,3.0,0.0,0,729,1,0
TXN003734,270.03,10,3,grocery,card_present,45.6,2.4,6.0,0.0,0,2232,1,0
TXN003735,251.65,16,3,gas,card_present,23.3,8.0,2.0,1.0,1,1660,0,0
TXN003736,11.97,20,1,clothing,card_present,13.1,23.9,0.0,1.0,0,2923,0,0
TXN003737,34.58,6,2,online,online,15.3,7.7,4.0,0.0,0,800,0,0
TXN003738,187.88,9,5,restaurant,contactless,2.3,7.9,3.0,3.0,0,2979,0,0
TXN003739,7.96,9,3,clothing,card_present,11.5,6.6,5.0,3.0,0,2273,0,0
TXN003740,27.54,12,3,gas,online,25.8,3.3,2.0,0.0,0,952,1,0
TXN003741,5.77,21,6,grocery,card_present,21.1,10.0,3.0,2.0,1,3246,0,0
TXN003742,62.78,6,5,electronics,online,31.5,27.7,4.0,2.0,0,1248,1,0
TXN003743,12.44,16,4,clothing,card_present,6.3,12.2,3.0,2.0,1,1624,1,0
TXN003744,73.04,16,3,restaurant,contactless,1.2,5.3,3.0,0.0,0,2879,0,0
TXN003745,42.21,18,1,grocery,online,5.5,1.7,5.0,0.0,1,2428,0,0
TXN003746,21.66,6,0,grocery,contactless,17.2,11.7,5.0,3.0,0,2441,0,0
TXN003747,75.72,7,4,electronics,contactless,15.5,4.8,5.0,1.0,0,2647,0,0
TXN003748,28.53,15,3,online,card_present,19.4,16.0,1.0,1.0,0,1885,1,0
TXN003749,136.19,13,1,restaurant,online,27.8,0.6,1.0,0.0,0,198,1,0
TXN003750,45.13,12,2,restaurant,card_present,29.8,14.8,2.0,1.0,0,108,0,0
TXN003751,100.36,14,4,electronics,card_present,25.0,20.8,2.0,1.0,0,2733,0,0
TXN003752,19.57,14,4,grocery,contactless,19.7,20.7,1.0,0.0,1,847,0,0
TXN003753,215.65,9,1,gas,card_present,14.6,7.1,8.0,2.0,0,355,0,0
TXN003754,129.55,20,1,electronics,online,23.7,10.0,5.0,1.0,0,1594,0,0
TXN003755,88.22,9,3,restaurant,card_present,18.3,16.4,1.0,1.0,1,1833,0,0
TXN003756,67.79,16,5,gas,contactless,0.5,7.0,7.0,1.0,0,628,1,0
TXN003757,17.16,9,5,electronics,online,5.2,17.9,3.0,1.0,0,2679,0,0
TXN003758,8.01,20,5,grocery,online,4.1,31.7,6.0,1.0,0,2085,0,0
TXN003759,41.37,21,5,online,card_present,1.2,6.0,3.0,1.0,1,3063,0,0
TXN003760,235.63,12,6,travel,contactless,31.6,6.6,1.0,2.0,1,1558,0,0
TXN003761,48.16,18,6,gas,card_present,0.7,2.5,1.0,1.0,0,1930,0,0
TXN003762,448.23,9,5,restaurant,card_present,1.5,5.5,2.0,0.0,1,736,0,0
TXN003763,78.57,12,5,clothing,card_present,14.6,6.1,0.0,0.0,0,2735,0,0
TXN003764,149.48,10,3,restaurant,online,15.5,0.4,4.0,0.0,0,241,1,0
TXN003765,106.55,13,4,clothing,online,3.7,14.2,4.0,0.0,1,996,0,0
TXN003766,48.44,6,2,clothing,card_present,13.0,15.9,4.0,2.0,0,119,0,0
TXN003767,58.68,22,5,electronics,card_present,4.9,3.8,2.0,0.0,0,2367,1,0
TXN003768,29.45,20,6,electronics,card_present,9.2,13.3,3.0,1.0,0,968,0,0
TXN003769,32.15,16,5,restaurant,card_present,37.3,0.1,2.0,3.0,1,3146,0,0
TXN003770,12.38,9,4,electronics,card_present,23.1,12.0,2.0,0.0,0,505,0,0
TXN003771,142.93,21,6,travel,online,12.7,9.6,2.0,1.0,0,1233,0,0
TXN003772,48.34,17,3,travel,card_present,23.7,18.7,1.0,1.0,1,2952,1,0
TXN003773,25.21,17,0,electronics,card_present,12.2,0.0,2.0,0.0,0,1872,0,0
TXN003774,93.03,7,3,gas,contactless,22.4,6.8,2.0,0.0,0,1515,1,0
TXN003775,56.69,22,6,clothing,card_present,21.8,2.2,3.0,1.0,0,3159,1,0
TXN003776,59.92,20,4,restaurant,card_present,36.1,2.3,4.0,5.0,1,1396,0,0
TXN003777,18.71,16,1,grocery,contactless,6.1,7.2,4.0,1.0,0,454,0,0
TXN003778,32.53,12,5,gas,card_present,8.2,1.6,2.0,1.0,0,3224,0,0
TXN003779,28.9,22,5,gas,online,10.0,7.4,4.0,0.0,0,1175,1,0
TXN003780,9.21,7,1,gas,online,23.3,4.7,1.0,2.0,0,483,1,0
TXN003781,51.48,11,2,clothing,card_present,14.9,0.2,1.0,1.0,1,1985,0,0
TXN003782,175.79,19,3,travel,online,31.8,17.6,4.0,0.0,1,2699,0,0
TXN003783,31.44,15,1,grocery,card_present,8.8,11.0,4.0,1.0,0,294,0,0
TXN003784,360.57,8,3,online,card_present,10.0,7.6,2.0,1.0,1,2089,1,0
TXN003785,28.61,21,2,gas,card_present,2.4,18.5,2.0,3.0,0,3309,0,0
TXN003786,137.78,10,2,clothing,card_present,3.4,7.3,4.0,0.0,0,179,0,0
TXN003787,427.44,11,2,travel,card_present,10.5,5.5,3.0,0.0,0,3158,0,0
TXN003788,19.97,13,4,electronics,online,22.8,9.0,0.0,2.0,0,2491,0,0
TXN003789,190.14,15,1,online,online,17.0,7.5,3.0,1.0,0,192,0,0
TXN003790,72.77,7,4,grocery,online,2.7,22.0,0.0,2.0,0,3176,0,0
TXN003791,141.93,12,2,restaurant,card_present,19.8,9.9,2.0,1.0,0,1757,0,0
TXN003792,64.1,14,3,restaurant,online,15.2,4.4,2.0,0.0,0,806,1,0
TXN003793,83.39,10,2,clothing,card_present,3.7,4.2,6.0,0.0,0,1794,0,0
TXN003794,61.82,7,6,grocery,contactless,26.1,1.3,8.0,1.0,0,717,0,0
TXN003795,28.37,19,0,online,card_present,24.6,14.5,4.0,1.0,0,560,0,0
TXN003796,352.15,11,1,gas,card_present,26.4,8.3,3.0,0.0,0,2742,0,0
TXN003797,84.64,19,6,grocery,contactless,25.0,13.6,4.0,0.0,0,2198,0,0
TXN003798,208.98,1,5,jewelry,card_present,225.9,489.7,4.0,4.0,4,22,0,1
TXN003799,75.85,9,3,restaurant,online,6.8,17.6,3.0,0.0,1,3605,1,0
TXN003800,67.21,21,3,grocery,card_present,2.7,16.8,4.0,0.0,1,1444,0,0
TXN003801,60.22,8,2,online,card_present,45.9,8.8,2.0,1.0,0,2873,0,0
TXN003802,289.76,15,0,gas,online,14.4,10.9,1.0,1.0,1,1659,0,0
TXN003803,122.19,10,4,clothing,contactless,34.4,0.6,0.0,0.0,1,2471,0,0
TXN003804,15.97,6,0,restaurant,online,18.8,16.5,2.0,1.0,0,383,0,0
TXN003805,88.9,18,2,online,card_present,13.8,2.2,1.0,0.0,0,2502,1,0
TXN003806,224.57,10,5,grocery,card_present,23.7,1.2,6.0,0.0,0,2660,0,0
TXN003807,91.38,6,3,gas,card_present,14.2,7.1,2.0,0.0,0,447,0,0
TXN003808,78.86,10,3,clothing,card_present,22.1,12.2,5.0,1.0,0,1080,0,0
TXN003809,23.37,6,3,travel,card_present,4.2,1.3,2.0,2.0,0,1827,1,0
TXN003810,19.49,21,6,grocery,card_present,25.1,1.3,6.0,1.0,0,3018,0,0
TXN003811,14.9,7,0,travel,online,13.9,7.0,3.0,2.0,0,2563,0,0
TXN003812,56.17,17,4,grocery,card_present,8.6,5.8,5.0,1.0,1,678,0,0
TXN003813,38.74,21,3,grocery,card_present,13.1,20.4,2.0,3.0,0,710,0,0
TXN003814,152.8,22,6,online,card_present,4.0,1.1,5.0,0.0,1,271,0,0
TXN003815,275.12,21,6,restaurant,online,36.7,2.6,4.0,2.0,0,2666,0,0
TXN003816,41.9,13,3,travel,card_present,34.5,5.7,2.0,2.0,0,1201,0,0
TXN003817,43.1,20,1,electronics,card_present,34.6,3.7,7.0,0.0,1,244,0,0
TXN003818,209.89,18,3,clothing,card_present,25.1,12.5,5.0,1.0,1,2636,1,0
TXN003819,25.69,17,5,clothing,contactless,9.7,1.8,0.0,3.0,0,2464,1,0
TXN003820,23.25,7,3,gas,contactless,7.2,6.1,3.0,0.0,0,2828,0,0
TXN003821,21.73,6,6,clothing,contactless,10.8,10.7,1.0,1.0,0,653,0,0
TXN003822,68.94,10,1,clothing,card_present,10.1,9.8,4.0,3.0,0,661,1,0
TXN003823,497.63,6,0,gas,online,28.5,10.6,2.0,0.0,0,48,1,0
TXN003824,40.16,8,6,gas,online,15.1,21.6,0.0,0.0,0,3560,1,0
TXN003825,48.4,11,1,clothing,online,19.7,13.6,4.0,1.0,0,864,0,0
TXN003826,155.73,19,0,grocery,card_present,8.6,2.3,3.0,1.0,0,2329,0,0
TXN003827,33.28,9,6,restaurant,card_present,25.9,1.3,4.0,1.0,0,2854,0,0
TXN003828,57.87,19,6,clothing,contactless,41.9,22.0,3.0,0.0,0,2264,0,0
TXN003829,74.72,22,3,gas,contactless,4.2,2.4,3.0,1.0,0,3222,0,0
TXN003830,121.6,19,6,clothing,card_present,29.9,1.1,2.0,0.0,0,2564,0,0
TXN003831,66.53,18,6,travel,card_present,41.8,5.9,4.0,1.0,0,3245,0,0
TXN003832,7.4,8,2,online,card_present,16.2,19.9,4.0,0.0,0,492,0,0
TXN003833,79.13,21,2,clothing,online,25.4,9.1,5.0,2.0,0,1458,0,0
TXN003834,23.11,19,4,gas,card_present,35.1,8.2,2.0,2.0,1,907,0,0
TXN003835,113.88,12,3,online,card_present,7.2,4.9,1.0,0.0,0,1882,1,0
TXN003836,222.95,16,3,gas,card_present,16.9,4.9,6.0,2.0,0,406,0,0
TXN003837,27.48,9,2,gas,contactless,6.4,2.9,4.0,0.0,0,2549,0,0
TXN003838,62.24,16,2,clothing,card_present,0.3,14.6,5.0,0.0,0,1869,0,0
TXN003839,213.65,21,1,restaurant,card_present,13.2,19.8,1.0,2.0,0,1681,0,0
TXN003840,95.16,16,1,grocery,card_present,9.3,16.8,1.0,2.0,0,3441,0,0
TXN003841,67.11,9,2,clothing,card_present,23.8,4.7,7.0,2.0,1,800,0,0
TXN003842,106.26,12,6,electronics,online,10.5,13.0,3.0,1.0,0,2904,0,0
TXN003843,76.54,9,6,electronics,card_present,7.4,9.6,2.0,2.0,0,1669,0,0
TXN003844,24.17,14,5,clothing,card_present,35.3,18.2,2.0,0.0,0,60,0,0
TXN003845,11.24,15,4,gas,online,8.2,5.1,5.0,2.0,1,2338,0,0
TXN003846,123.24,13,1,gas,contactless,8.7,4.4,0.0,2.0,0,3315,0,0
TXN003847,15.24,11,3,grocery,card_present,31.1,1.8,2.0,1.0,1,2711,0,0
TXN003848,73.83,6,6,online,contactless,30.6,1.4,3.0,1.0,0,1686,0,0
TXN003849,33.87,6,0,travel,online,16.0,4.5,7.0,3.0,1,200,0,0
TXN003850,50.8,16,1,clothing,contactless,9.3,5.4,1.0,1.0,0,1204,0,0
TXN003851,129.05,10,4,clothing,card_present,14.5,7.2,4.0,2.0,1,2389,1,0
TXN003852,60.91,13,4,restaurant,online,4.2,12.2,3.0,0.0,0,968,0,0
TXN003853,66.76,18,4,electronics,online,38.4,4.9,1.0,0.0,0,3219,0,0
TXN003854,43.03,18,1,clothing,online,35.8,8.8,3.0,0.0,0,2961,0,0
TXN003855,96.52,20,6,gas,online,4.8,17.4,3.0,4.0,1,3348,0,0
TXN003856,184.6,14,1,travel,card_present,40.8,31.4,2.0,2.0,1,2891,0,0
TXN003857,110.87,22,4,electronics,contactless,12.2,3.9,2.0,1.0,0,3337,0,0
TXN003858,51.44,18,2,travel,card_present,33.6,15.6,3.0,0.0,0,3514,1,0
TXN003859,40.46,20,2,restaurant,online,25.9,0.1,2.0,0.0,0,3647,0,0
TXN003860,35.46,11,1,online,card_present,22.8,4.3,4.0,2.0,0,2397,0,0
TXN003861,33.4,19,5,electronics,card_present,7.7,9.4,2.0,0.0,0,321,0,0
TXN003862,358.53,22,5,clothing,online,14.5,1.9,5.0,0.0,0,789,0,0
TXN003863,53.29,16,4,clothing,card_present,7.3,5.9,4.0,1.0,0,1377,0,0
TXN003864,16.76,22,2,restaurant,card_present,28.6,30.8,4.0,0.0,0,1297,0,0
TXN003865,86.42,19,0,clothing,card_present,35.5,12.6,3.0,0.0,1,2017,0,0
TXN003866,267.69,18,0,travel,card_present,6.7,14.3,1.0,0.0,1,1280,0,0
TXN003867,42.22,7,0,travel,online,16.5,9.1,3.0,4.0,0,2905,0,0
TXN003868,113.03,15,6,grocery,online,12.3,0.4,2.0,0.0,0,3148,1,0
TXN003869,216.62,22,2,electronics,online,41.0,13.9,5.0,0.0,1,3136,0,0
TXN003870,51.53,18,5,grocery,online,4.0,20.7,2.0,0.0,1,355,0,0
TXN003871,64.6,14,6,gas,card_present,6.1,2.8,2.0,0.0,0,1142,0,0
TXN003872,89.38,21,4,restaurant,contactless,17.1,13.3,2.0,1.0,1,179,0,0
TXN003873,23.06,11,1,clothing,card_present,10.8,9.6,4.0,1.0,0,1993,0,0
TXN003874,95.34,22,3,gas,card_present,14.9,1.5,2.0,1.0,0,461,0,0
TXN003875,45.11,13,4,online,card_present,4.5,0.9,2.0,1.0,1,849,1,0
TXN003876,4.48,13,0,electronics,card_present,29.4,0.5,1.0,2.0,0,3436,0,0
TXN003877,151.87,11,5,clothing,card_present,4.9,4.1,3.0,1.0,0,336,0,0
TXN003878,546.56,7,1,grocery,card_present,11.5,7.6,2.0,0.0,0,638,0,0
TXN003879,484.97,8,2,clothing,card_present,32.1,16.7,1.0,2.0,0,963,0,0
TXN003880,325.61,4,4,jewelry,online,323.5,612.6,9.0,6.0,4,59,1,1
TXN003881,103.78,20,5,electronics,card_present,20.3,0.2,3.0,1.0,1,994,0,0
TXN003882,25.87,11,5,travel,contactless,36.2,7.5,4.0,0.0,0,1072,0,0
TXN003883,1186.64,20,4,gas,card_present,26.5,10.1,3.0,0.0,0,222,0,0
TXN003884,93.83,7,5,electronics,contactless,20.8,3.3,3.0,0.0,0,3240,0,0
TXN003885,34.31,22,0,clothing,online,15.2,0.2,2.0,2.0,0,1237,0,0
TXN003886,49.16,21,2,online,contactless,2.8,10.9,1.0,1.0,1,2379,1,0
TXN003887,13.39,21,6,travel,card_present,9.2,7.5,1.0,1.0,0,92,0,0
TXN003888,25.78,7,3,gas,card_present,6.3,3.1,0.0,1.0,0,606,0,0
TXN003889,495.95,12,3,gas,card_present,12.9,3.7,5.0,1.0,0,573,1,0
TXN003890,44.88,8,3,online,card_present,26.7,11.7,0.0,3.0,0,3346,0,0
TXN003891,18.25,9,1,online,card_present,42.4,8.6,2.0,1.0,1,2285,1,0
TXN003892,51.24,7,6,clothing,online,28.5,3.4,5.0,1.0,0,2036,0,0
TXN003893,104.29,20,0,clothing,online,24.9,1.8,2.0,0.0,1,2266,1,0
TXN003894,24.63,6,6,grocery,card_present,3.6,9.9,7.0,2.0,1,739,1,0
TXN003895,113.7,21,2,clothing,card_present,22.4,0.3,3.0,2.0,0,1728,1,0
TXN003896,181.29,6,4,travel,card_present,0.3,8.0,3.0,3.0,0,2990,1,0
TXN003897,41.88,21,5,travel,contactless,2.8,8.8,5.0,1.0,0,62,1,0
TXN003898,108.46,7,2,travel,card_present,18.1,2.9,4.0,0.0,1,3224,1,0
TXN003899,50.62,9,5,electronics,card_present,6.6,14.5,3.0,0.0,0,557,0,0
TXN003900,67.81,16,4,online,card_present,9.5,8.5,4.0,0.0,0,2760,0,0
TXN003901,34.54,7,2,gas,card_present,28.4,23.7,1.0,2.0,0,755,0,0
TXN003902,10.68,10,5,travel,online,27.3,4.9,2.0,0.0,1,1946,0,0
TXN003903,80.73,12,6,gas,online,3.0,8.9,2.0,0.0,0,1625,0,0
TXN003904,548.9,15,6,restaurant,card_present,34.9,23.4,2.0,2.0,0,2877,0,0
TXN003905,159.9,6,5,travel,online,21.1,18.2,4.0,0.0,0,2843,0,0
TXN003906,16.79,8,4,grocery,online,0.1,7.5,5.0,1.0,0,1613,1,0
TXN003907,41.09,12,4,electronics,online,27.7,15.6,5.0,0.0,0,2383,0,0
TXN003908,7.64,10,0,travel,card_present,29.2,19.5,2.0,3.0,0,1044,0,0
TXN003909,36.61,7,6,travel,card_present,29.8,7.5,3.0,0.0,1,2527,0,0
TXN003910,199.51,7,3,clothing,online,28.5,9.9,2.0,3.0,0,2079,1,0
TXN003911,16.71,21,5,travel,card_present,16.7,0.8,4.0,0.0,1,2987,1,0
TXN003912,44.04,19,5,gas,card_present,0.5,29.2,6.0,3.0,0,1795,0,0
TXN003913,83.79,15,0,travel,contactless,8.9,1.6,3.0,2.0,1,1044,1,0
TXN003914,48.04,10,2,travel,card_present,1.3,16.3,3.0,1.0,0,3412,0,0
TXN003915,108.4,17,5,grocery,card_present,19.1,8.0,3.0,0.0,0,857,0,0
TXN003916,1442.81,0,0,jewelry,online,184.0,649.9,9.0,5.0,5,20,1,1
TXN003917,37.15,10,5,travel,online,8.6,11.1,4.0,0.0,0,2684,0,0
TXN003918,32.59,7,1,grocery,card_present,55.3,2.6,1.0,1.0,0,2216,1,0
TXN003919,111.76,8,5,electronics,online,12.6,0.2,1.0,2.0,0,659,0,0
TXN003920,57.29,13,2,grocery,contactless,1.8,6.6,2.0,1.0,0,3472,0,0
TXN003921,286.06,7,1,travel,contactless,7.2,6.6,5.0,1.0,0,3236,0,0
TXN003922,14.18,22,4,grocery,card_present,5.9,15.8,3.0,0.0,1,1706,0,0
TXN003923,13.73,8,6,grocery,card_present,14.4,4.5,3.0,2.0,0,1055,0,0
TXN003924,56.05,13,0,restaurant,online,6.5,10.5,1.0,0.0,0,1252,0,0
TXN003925,552.61,15,6,grocery,card_present,8.3,8.1,7.0,2.0,1,77,0,0
TXN003926,49.94,8,5,gas,card_present,9.6,2.6,4.0,2.0,1,2472,0,0
TXN003927,12.15,15,0,gas,contactless,23.3,18.1,4.0,2.0,0,1961,0,0
TXN003928,34.09,6,3,electronics,card_present,10.4,14.6,2.0,0.0,0,1233,0,0
TXN003929,63.44,11,2,restaurant,card_present,8.6,4.7,3.0,1.0,0,2193,0,0
TXN003930,213.16,4,2,electronics,card_present,283.8,396.0,9.0,4.0,4,19,1,1
TXN003931,94.95,19,4,clothing,online,10.7,13.4,2.0,0.0,0,2451,1,0
TXN003932,4567.82,23,2,travel,online,46.2,133.0,7.0,7.0,1,33,1,1
TXN003933,82.86,11,2,online,card_present,4.1,18.0,5.0,3.0,0,817,1,0
TXN003934,182.46,11,6,online,card_present,6.7,7.2,3.0,1.0,0,1732,0,0
TXN003935,34.25,19,2,travel,online,1.8,13.3,3.0,0.0,0,300,0,0
TXN003936,40.65,21,0,travel,contactless,23.4,0.2,6.0,1.0,1,2598,0,0
TXN003937,24.23,6,6,restaurant,card_present,21.5,9.9,1.0,0.0,1,583,0,0
TXN003938,271.88,7,5,online,card_present,5.9,7.2,3.0,0.0,0,1814,1,0
TXN003939,151.42,6,0,clothing,online,2.1,6.7,1.0,1.0,1,1876,0,0
TXN003940,21.55,16,5,grocery,contactless,3.4,6.1,5.0,1.0,0,3265,1,0
TXN003941,38.13,8,1,travel,card_present,35.3,9.2,4.0,3.0,0,3084,0,0
TXN003942,298.7,16,5,clothing,card_present,23.4,10.5,3.0,3.0,0,789,0,0
TXN003943,18.2,22,5,travel,card_present,25.7,9.2,4.0,0.0,0,2129,0,0
TXN003944,129.33,12,3,restaurant,card_present,6.4,1.6,1.0,0.0,1,519,0,0
TXN003945,55.7,12,0,clothing,card_present,24.1,6.5,5.0,1.0,1,2576,0,0
TXN003946,43.53,16,3,grocery,card_present,32.4,5.9,2.0,0.0,0,316,0,0
TXN003947,3.96,14,4,clothing,online,12.9,4.6,1.0,0.0,0,484,0,0
TXN003948,63.78,11,4,restaurant,card_present,21.6,21.4,1.0,1.0,0,3173,0,0
TXN003949,251.73,22,1,electronics,online,210.8,382.7,11.0,8.0,3,54,1,1
TXN003950,59.62,17,0,travel,card_present,13.8,4.4,0.0,2.0,0,1858,0,0
TXN003951,9.72,6,1,restaurant,card_present,12.7,3.6,5.0,3.0,0,119,0,0
TXN003952,62.09,19,3,gas,card_present,22.3,3.8,2.0,1.0,1,472,0,0
TXN003953,6.55,22,2,electronics,card_present,44.1,6.8,1.0,1.0,1,355,0,0
TXN003954,249.96,21,2,grocery,contactless,23.2,0.1,0.0,2.0,1,2252,0,0
TXN003955,33.98,12,1,restaurant,contactless,7.2,4.3,7.0,1.0,1,1269,0,0
TXN003956,95.16,22,0,restaurant,card_present,9.6,1.9,7.0,1.0,1,2231,0,0
TXN003957,36.84,11,5,electronics,online,12.9,15.8,0.0,1.0,0,3182,0,0
TXN003958,50.69,8,1,restaurant,online,11.9,26.7,2.0,2.0,0,2841,0,0
TXN003959,68.39,7,1,grocery,card_present,2.9,4.3,2.0,2.0,0,818,1,0
TXN003960,82.96,8,3,gas,contactless,11.6,14.1,3.0,0.0,0,56,0,0
TXN003961,57.54,7,4,travel,card_present,49.7,5.7,6.0,2.0,1,1574,1,0
TXN003962,39.06,14,3,travel,card_present,16.6,2.4,5.0,3.0,0,1620,0,0
TXN003963,134.24,10,4,online,card_present,3.1,9.0,8.0,0.0,0,550,0,0
TXN003964,173.69,10,2,online,card_present,25.0,2.9,1.0,1.0,0,3548,0,0
TXN003965,40.08,9,2,gas,card_present,10.0,14.2,1.0,1.0,0,1309,1,0
TXN003966,23.25,19,3,online,online,13.3,20.0,2.0,0.0,1,1657,0,0
TXN003967,36.44,19,6,restaurant,card_present,17.3,30.7,8.0,1.0,0,1447,0,0
TXN003968,10.43,10,1,online,card_present,7.4,14.1,3.0,1.0,1,3428,1,0
TXN003969,79.5,22,1,travel,online,10.7,2.7,3.0,1.0,0,875,0,0
TXN003970,37.15,19,4,gas,contactless,3.2,14.9,3.0,4.0,0,690,1,0
TXN003971,62.11,4,4,electronics,online,280.0,122.9,10.0,7.0,2,18,1,1
TXN003972,77.45,13,6,grocery,contactless,9.7,6.2,2.0,2.0,0,505,0,0
TXN003973,374.76,22,6,grocery,card_present,3.6,10.2,1.0,0.0,1,803,0,0
TXN003974,71.7,6,4,travel,contactless,28.2,4.0,2.0,1.0,0,695,0,0
TXN003975,16.5,11,5,grocery,online,8.4,1.7,3.0,3.0,0,2124,0,0
TXN003976,10.75,8,6,travel,online,6.1,0.3,3.0,0.0,0,2990,0,0
TXN003977,68.65,20,2,travel,card_present,24.4,6.9,2.0,1.0,0,2742,0,0
TXN003978,111.79,6,0,online,card_present,4.1,13.9,2.0,2.0,0,2335,0,0
TXN003979,51.21,13,4,travel,card_present,1.8,4.7,4.0,0.0,1,357,0,0
TXN003980,105.94,10,4,restaurant,card_present,23.2,2.7,1.0,3.0,1,1113,1,0
TXN003981,27.31,18,4,gas,online,25.4,28.9,3.0,1.0,0,3504,0,0
TXN003982,86.13,6,1,restaurant,contactless,6.7,0.8,2.0,0.0,0,2451,0,0
TXN003983,79.21,10,0,online,online,15.1,4.3,3.0,0.0,0,1510,0,0
TXN003984,13.6,6,3,travel,contactless,7.5,15.8,3.0,0.0,1,2842,0,0
TXN003985,12.79,19,0,restaurant,card_present,35.3,8.3,2.0,2.0,0,2361,1,0
TXN003986,48.17,11,0,clothing,card_present,30.9,9.7,2.0,1.0,1,659,0,0
TXN003987,12.62,6,6,electronics,contactless,18.0,6.1,3.0,0.0,0,1964,0,0
TXN003988,43.34,11,1,grocery,card_present,4.9,8.5,2.0,0.0,0,3189,0,0
TXN003989,45.93,7,2,online,online,5.1,14.2,5.0,1.0,0,1108,1,0
TXN003990,273.72,2,6,electronics,online,105.8,485.4,11.0,4.0,4,3,1,1
TXN003991,140.6,14,6,online,contactless,0.8,3.4,4.0,0.0,0,236,0,0
TXN003992,203.47,6,4,clothing,online,31.0,4.8,6.0,0.0,0,1071,0,0
TXN003993,213.83,23,6,travel,online,269.8,239.3,7.0,2.0,5,46,1,1
TXN003994,25.19,11,4,travel,card_present,20.6,5.2,2.0,2.0,0,3057,0,0
TXN003995,17.71,7,3,travel,online,15.3,1.4,4.0,0.0,0,2816,0,0
TXN003996,17.65,9,4,clothing,online,7.8,4.6,2.0,2.0,0,1019,0,0
TXN003997,245.27,17,6,travel,online,26.3,1.9,3.0,1.0,0,3606,0,0
TXN003998,153.3,18,5,electronics,card_present,8.8,0.6,6.0,2.0,0,1545,0,0
TXN003999,51.28,7,4,gas,contactless,7.4,4.8,3.0,3.0,0,481,0,0
TXN004000,643.88,5,0,electronics,online,50.0,110.3,11.0,5.0,4,48,1,1
TXN004001,74.68,16,0,restaurant,online,0.7,6.5,2.0,0.0,0,3514,0,0
TXN004002,192.98,12,3,gas,card_present,22.8,2.4,4.0,1.0,1,2651,0,0
TXN004003,59.94,21,1,travel,card_present,6.4,5.7,1.0,2.0,1,194,0,0
TXN004004,232.06,12,3,grocery,card_present,5.0,18.7,2.0,0.0,0,3289,1,0
TXN004005,15.89,8,6,electronics,contactless,9.7,16.9,2.0,1.0,0,3388,0,0
TXN004006,7.96,11,4,restaurant,online,14.2,9.7,4.0,0.0,0,239,0,0
TXN004007,54.77,14,0,electronics,card_present,16.1,15.9,3.0,0.0,0,192,0,0
TXN004008,5853.0,0,1,jewelry,online,237.3,638.7,4.0,7.0,5,53,1,1
TXN004009,74.3,9,0,grocery,online,2.5,4.1,2.0,1.0,0,3406,0,0
TXN004010,291.89,7,6,travel,contactless,3.8,7.8,3.0,2.0,0,164,0,0
TXN004011,444.01,15,5,grocery,online,22.2,9.5,1.0,2.0,0,2631,0,0
TXN004012,171.45,7,1,gas,card_present,12.6,4.3,3.0,3.0,0,1422,0,0
TXN004013,5.39,20,6,online,card_present,17.0,14.0,5.0,3.0,0,3076,0,0
TXN004014,81.84,9,5,travel,card_present,17.7,7.0,1.0,1.0,1,2097,0,0
TXN004015,132.04,16,6,restaurant,online,23.4,1.2,3.0,2.0,0,1247,0,0
TXN004016,219.64,8,5,clothing,online,1.0,6.5,3.0,2.0,0,2465,0,0
TXN004017,44.29,14,3,clothing,card_present,41.0,18.7,3.0,0.0,0,3432,0,0
TXN004018,12.25,11,6,online,contactless,28.1,8.3,3.0,0.0,1,684,0,0
TXN004019,93.47,19,6,travel,card_present,12.0,8.1,1.0,0.0,0,3643,0,0
TXN004020,582.55,10,6,clothing,contactless,6.5,7.1,2.0,0.0,0,1659,0,0
TXN004021,18.57,7,6,electronics,online,29.1,8.1,3.0,1.0,0,544,1,0
TXN004022,16.51,15,1,online,online,3.7,18.6,2.0,2.0,0,732,0,0
TXN004023,20.3,9,4,grocery,card_present,12.5,0.6,3.0,3.0,0,1248,0,0
TXN004024,18.43,18,5,grocery,card_present,0.1,7.2,4.0,0.0,0,1750,0,0
TXN004025,94.32,7,3,restaurant,card_present,12.2,20.5,2.0,0.0,0,1413,0,0
TXN004026,56.88,19,5,online,online,12.9,3.0,1.0,1.0,0,763,1,0
TXN004027,177.18,19,3,grocery,online,17.0,3.3,3.0,2.0,1,496,0,0
TXN004028,438.87,4,0,online,online,310.6,462.7,10.0,4.0,2,4,1,1
TXN004029,17.27,11,2,gas,online,21.3,0.7,8.0,0.0,0,581,1,0
TXN004030,37.74,21,6,travel,contactless,23.4,4.6,1.0,0.0,0,364,0,0
TXN004031,144.87,19,5,travel,card_present,5.2,5.1,1.0,1.0,0,2865,0,0
TXN004032,24.33,7,0,clothing,card_present,5.0,16.7,5.0,0.0,1,351,0,0
TXN004033,49.64,10,0,gas,contactless,8.5,0.1,0.0,1.0,0,2728,0,0
TXN004034,44.3,12,1,clothing,card_present,4.1,0.4,2.0,1.0,0,1399,0,0
TXN004035,20.47,16,3,travel,card_present,11.9,3.8,6.0,0.0,0,1901,0,0
TXN004036,218.84,21,0,travel,online,19.2,3.9,4.0,0.0,0,832,0,0
TXN004037,65.65,8,5,electronics,card_present,3.5,25.8,3.0,1.0,0,658,0,0
TXN004038,16.08,14,4,travel,card_present,2.8,0.1,4.0,1.0,0,2811,0,0
TXN004039,80.43,16,0,online,card_present,17.1,8.0,3.0,2.0,0,3293,0,0
TXN004040,177.56,20,3,travel,card_present,6.2,11.7,3.0,2.0,0,1832,0,0
TXN004041,99.51,10,0,electronics,online,1.2,12.4,5.0,4.0,0,190,1,0
TXN004042,18.33,20,3,grocery,card_present,16.3,4.1,2.0,0.0,1,1176,0,0
TXN004043,260.71,6,6,online,online,22.4,2.4,4.0,1.0,1,833,0,0
TXN004044,63.02,16,1,clothing,contactless,16.9,2.6,2.0,1.0,0,3215,0,0
TXN004045,20.26,18,1,restaurant,contactless,19.1,4.9,1.0,1.0,0,2860,0,0
TXN004046,53.13,13,4,clothing,contactless,7.9,5.9,2.0,1.0,0,2174,1,0
TXN004047,45.44,13,1,grocery,card_present,4.8,5.7,7.0,2.0,0,2046,0,0
TXN004048,50.03,8,1,restaurant,online,4.0,16.1,5.0,0.0,0,390,0,0
TXN004049,127.69,7,6,online,contactless,3.4,18.7,3.0,1.0,0,3430,1,0
TXN004050,81.28,18,3,clothing,card_present,9.5,15.7,7.0,0.0,0,137,0,0
TXN004051,155.32,9,1,clothing,card_present,2.0,13.9,2.0,0.0,0,1350,0,0
TXN004052,109.55,14,1,travel,contactless,18.2,15.1,3.0,3.0,1,3466,1,0
TXN004053,209.97,8,0,electronics,online,29.7,20.0,5.0,0.0,0,1799,0,0
TXN004054,38.66,22,1,electronics,card_present,5.1,0.6,2.0,2.0,1,1829,0,0
TXN004055,39.06,13,3,online,online,38.3,6.3,3.0,0.0,0,2485,0,0
TXN004056,69.37,18,6,electronics,contactless,3.2,25.9,7.0,0.0,1,46,0,0
TXN004057,444.51,5,0,online,card_present,7.4,383.3,9.0,4.0,3,28,1,1
TXN004058,53.03,16,3,grocery,online,16.1,6.3,2.0,0.0,0,3480,0,0
TXN004059,799.12,4,4,online,online,286.0,406.7,6.0,5.0,2,9,0,1
TXN004060,156.33,7,5,travel,contactless,15.8,0.1,5.0,0.0,0,1377,0,0
TXN004061,40.31,17,0,travel,card_present,8.1,6.4,2.0,2.0,0,411,0,0
TXN004062,10.6,21,3,online,contactless,24.9,4.1,3.0,0.0,1,1214,1,0
TXN004063,132.16,21,2,grocery,online,24.4,25.1,5.0,0.0,0,729,0,0
TXN004064,46.14,14,0,travel,online,4.0,5.4,4.0,1.0,0,390,0,0
TXN004065,58.46,18,3,gas,contactless,22.4,19.1,3.0,0.0,1,2186,0,0
TXN004066,42.63,10,4,grocery,online,11.7,2.3,2.0,1.0,0,685,0,0
TXN004067,82.03,12,6,restaurant,online,1.1,5.8,1.0,1.0,0,994,0,0
TXN004068,30.19,17,0,travel,card_present,5.0,37.9,0.0,3.0,0,2364,0,0
TXN004069,64.04,9,1,restaurant,online,8.9,2.6,3.0,1.0,1,2537,0,0
TXN004070,9.94,14,5,restaurant,online,2.6,6.5,4.0,2.0,0,2534,0,0
TXN004071,2.96,16,1,gas,online,28.2,13.5,3.0,3.0,1,1913,0,0
TXN004072,51.77,11,0,restaurant,card_present,17.4,5.7,6.0,2.0,0,1186,0,0
TXN004073,116.13,17,0,gas,card_present,22.7,13.0,4.0,1.0,0,892,0,0
TXN004074,66.29,16,5,restaurant,online,12.8,21.2,2.0,1.0,1,1568,0,0
TXN004075,249.66,21,4,electronics,contactless,9.0,2.7,2.0,0.0,0,3227,0,0
TXN004076,24.04,11,6,grocery,card_present,12.6,6.5,5.0,1.0,0,1650,0,0
TXN004077,22.77,12,0,clothing,online,7.8,5.8,4.0,1.0,0,1223,0,0
TXN004078,39.4,10,6,online,contactless,7.4,1.3,2.0,0.0,0,3441,0,0
TXN004079,48.29,20,0,gas,contactless,19.2,2.0,2.0,1.0,0,503,1,0
TXN004080,41.43,18,1,gas,online,21.3,11.4,3.0,0.0,0,1954,1,0
TXN004081,11.51,22,5,clothing,card_present,13.3,11.2,5.0,1.0,1,1229,0,0
TXN004082,9.72,9,2,electronics,card_present,10.6,0.0,2.0,0.0,0,2537,0,0
TXN004083,11.37,12,6,travel,card_present,25.2,1.2,1.0,1.0,1,2460,0,0
TXN004084,49.66,6,5,restaurant,card_present,5.1,9.9,9.0,3.0,0,796,0,0
TXN004085,25.43,15,2,electronics,card_present,2.2,16.4,4.0,1.0,0,2655,0,0
TXN004086,142.49,17,5,electronics,online,20.4,9.9,7.0,0.0,0,2159,0,0
TXN004087,207.88,14,1,travel,contactless,45.8,9.8,1.0,1.0,0,477,0,0
TXN004088,11.83,21,1,electronics,card_present,6.3,16.3,1.0,1.0,0,2681,0,0
TXN004089,29.2,19,4,online,card_present,6.5,17.3,7.0,0.0,0,1778,0,0
TXN004090,44.1,15,6,electronics,card_present,21.4,5.2,2.0,5.0,0,2392,0,0
TXN004091,1511.28,0,4,online,card_present,33.2,110.7,7.0,7.0,2,42,1,1
TXN004092,152.46,9,5,restaurant,contactless,7.5,20.5,4.0,0.0,1,1979,0,0
TXN004093,408.93,8,6,clothing,card_present,10.7,9.1,1.0,0.0,0,2978,0,0
TXN004094,117.82,7,0,electronics,contactless,6.0,20.4,1.0,0.0,1,1614,0,0
TXN004095,225.78,2,4,electronics,online,321.1,578.9,6.0,4.0,5,22,0,1
TXN004096,59.29,16,2,clothing,card_present,16.1,4.2,2.0,2.0,0,361,0,0
TXN004097,18.11,12,0,electronics,contactless,7.8,11.9,2.0,1.0,1,1555,0,0
TXN004098,250.42,18,2,clothing,card_present,7.5,11.8,1.0,3.0,0,1682,0,0
TXN004099,31.33,18,4,travel,online,22.8,3.5,3.0,0.0,0,770,0,0
TXN004100,32.1,12,5,clothing,card_present,3.1,9.1,3.0,1.0,0,494,0,0
TXN004101,12.37,13,3,gas,online,6.2,4.2,2.0,0.0,1,889,0,0
TXN004102,117.43,21,0,grocery,contactless,33.5,1.0,4.0,1.0,0,2966,0,0
TXN004103,36.07,7,1,clothing,online,21.9,8.8,2.0,3.0,0,2623,0,0
TXN004104,306.34,21,3,travel,card_present,6.8,19.3,2.0,0.0,0,3327,0,0
TXN004105,68.31,9,2,online,card_present,46.9,4.8,2.0,2.0,0,418,0,0
TXN004106,32.1,7,0,restaurant,contactless,3.8,13.4,1.0,0.0,0,96,0,0
TXN004107,318.91,11,0,restaurant,card_present,35.2,2.4,2.0,1.0,0,2470,1,0
TXN004108,118.84,14,1,gas,card_present,29.1,20.6,3.0,0.0,1,3064,0,0
TXN004109,13.93,11,5,travel,online,4.5,10.6,6.0,2.0,0,3381,0,0
TXN004110,153.02,19,1,clothing,card_present,19.1,10.7,3.0,1.0,0,1010,0,0
TXN004111,57.47,17,5,online,card_present,8.1,9.6,4.0,1.0,0,1468,0,0
TXN004112,321.26,15,4,travel,card_present,11.6,11.6,3.0,2.0,0,2557,1,0
TXN004113,120.76,18,4,gas,card_present,5.9,7.8,5.0,1.0,0,2791,0,0
TXN004114,72.09,18,2,restaurant,card_present,4.9,12.1,0.0,0.0,0,1031,1,0
TXN004115,24.09,14,1,travel,contactless,6.0,1.1,3.0,3.0,1,3110,0,0
TXN004116,20.62,21,3,travel,contactless,1.1,6.7,3.0,0.0,1,2101,0,0
TXN004117,66.46,17,5,travel,card_present,14.0,3.0,2.0,0.0,0,2353,0,0
TXN004118,46.84,19,0,clothing,card_present,9.3,6.6,1.0,0.0,0,318,0,0
TXN004119,19.58,11,1,grocery,contactless,2.8,11.4,3.0,0.0,0,1274,0,0
TXN004120,127.77,22,3,restaurant,card_present,22.3,1.7,2.0,2.0,0,3587,0,0
TXN004121,225.79,15,1,travel,card_present,19.4,1.5,1.0,1.0,1,1307,0,0
TXN004122,45.01,14,3,online,contactless,17.5,10.7,5.0,1.0,1,1052,0,0
TXN004123,5467.24,0,4,jewelry,online,307.1,437.7,7.0,3.0,3,11,1,1
TXN004124,155.26,13,3,travel,card_present,20.1,12.0,2.0,3.0,0,1287,0,0
TXN004125,115.5,17,0,online,online,11.9,10.0,3.0,1.0,0,558,1,0
TXN004126,203.12,17,4,grocery,card_present,3.2,11.6,2.0,0.0,0,2432,0,0
TXN004127,151.8,8,1,gas,card_present,1.8,2.7,2.0,0.0,0,1129,0,0
TXN004128,57.17,8,5,travel,card_present,11.4,5.0,5.0,0.0,0,943,0,0
TXN004129,21.11,17,4,restaurant,card_present,6.0,19.1,3.0,0.0,0,3473,0,0
TXN004130,74.35,14,1,online,card_present,4.2,0.8,0.0,0.0,0,1500,0,0
TXN004131,54.21,22,2,restaurant,card_present,11.4,8.7,2.0,1.0,0,1481,1,0
TXN004132,77.47,20,1,grocery,contactless,27.8,9.0,3.0,1.0,0,840,0,0
TXN004133,181.68,8,1,restaurant,card_present,8.3,17.1,2.0,1.0,0,1588,0,0
TXN004134,35.31,12,5,clothing,card_present,7.9,4.4,4.0,1.0,0,743,0,0
TXN004135,131.64,17,3,electronics,online,8.8,1.5,3.0,1.0,0,1998,0,0
TXN004136,880.29,5,1,travel,online,294.3,171.0,13.0,8.0,3,8,0,1
TXN004137,22.34,8,2,grocery,contactless,34.9,3.1,1.0,1.0,0,1196,1,0
TXN004138,88.89,0,6,travel,online,125.0,220.1,1.0,6.0,5,26,0,1
TXN004139,32.7,6,2,grocery,online,5.1,2.9,2.0,1.0,0,3205,0,0
TXN004140,235.61,9,0,gas,card_present,10.1,25.4,4.0,1.0,0,3260,0,0
TXN004141,139.99,1,5,travel,card_present,139.3,859.2,5.0,2.0,5,24,0,1
TXN004142,46.75,13,1,electronics,online,28.5,7.7,2.0,0.0,1,740,1,0
TXN004143,57.24,21,0,travel,card_present,31.5,10.7,1.0,1.0,0,592,0,0
TXN004144,13.88,19,2,clothing,online,15.3,3.0,3.0,2.0,0,3045,1,0
TXN004145,50.27,22,1,travel,card_present,16.2,8.7,2.0,0.0,0,380,0,0
TXN004146,89.81,18,5,grocery,card_present,10.5,5.5,4.0,3.0,0,692,0,0
TXN004147,299.53,18,2,gas,contactless,18.2,19.8,5.0,0.0,0,2269,0,0
TXN004148,31.57,20,3,restaurant,card_present,20.3,6.6,2.0,0.0,0,880,0,0
TXN004149,31.58,14,0,gas,card_present,0.9,0.0,4.0,1.0,0,1011,1,0
TXN004150,12.9,17,6,restaurant,contactless,17.6,28.4,3.0,0.0,0,1938,0,0
TXN004151,16.32,19,0,electronics,online,24.1,9.0,4.0,0.0,0,3631,1,0
TXN004152,146.1,17,2,travel,card_present,8.9,0.6,2.0,1.0,0,793,0,0
TXN004153,1284.27,22,6,travel,online,416.7,804.9,7.0,6.0,5,8,0,1
TXN004154,304.41,7,6,gas,card_present,2.0,11.3,1.0,1.0,0,3439,0,0
TXN004155,78.61,12,1,online,card_present,17.3,13.8,2.0,3.0,0,3230,0,0
TXN004156,13.84,10,3,grocery,online,40.2,7.9,7.0,1.0,0,1134,0,0
TXN004157,159.86,9,6,electronics,online,6.7,7.1,4.0,1.0,0,3159,1,0
TXN004158,21.47,19,2,restaurant,card_present,6.5,1.3,2.0,0.0,1,2348,1,0
TXN004159,184.74,9,1,gas,online,35.6,5.7,1.0,0.0,1,895,1,0
TXN004160,65.68,19,4,restaurant,card_present,28.8,0.3,5.0,1.0,0,3053,0,0
TXN004161,31.97,21,3,gas,online,15.4,12.5,1.0,1.0,0,1378,1,0
TXN004162,31.07,20,6,travel,online,26.9,0.1,2.0,0.0,1,3101,1,0
TXN004163,6.22,0,4,jewelry,card_present,152.0,250.7,10.0,4.0,5,3,0,1
TXN004164,54.66,8,5,travel,contactless,0.9,8.5,1.0,0.0,1,1209,0,0
TXN004165,25.04,3,2,online,card_present,249.2,551.0,8.0,7.0,2,15,1,1
TXN004166,33.77,7,6,travel,card_present,5.0,7.4,3.0,1.0,0,1052,1,0
TXN004167,96.65,17,3,online,contactless,10.0,6.8,3.0,1.0,1,2212,1,0
TXN004168,125.25,16,0,gas,card_present,19.5,11.0,3.0,2.0,1,3275,0,0
TXN004169,385.01,9,0,travel,online,15.0,2.7,3.0,2.0,0,1298,0,0
TXN004170,27.2,14,1,travel,card_present,21.9,16.9,5.0,0.0,0,2186,0,0
TXN004171,36.74,8,4,restaurant,card_present,26.7,3.8,3.0,1.0,0,3142,0,0
TXN004172,124.28,19,3,restaurant,card_present,20.1,0.2,3.0,0.0,0,2145,1,0
TXN004173,29.94,12,2,grocery,card_present,12.3,9.9,9.0,0.0,1,2369,0,0
TXN004174,55.01,20,3,gas,contactless,15.2,15.6,4.0,1.0,0,981,0,0
TXN004175,76.63,19,6,electronics,card_present,30.8,9.7,4.0,1.0,1,1088,0,0
TXN004176,146.55,19,3,restaurant,online,31.8,5.4,4.0,0.0,0,2615,0,0
TXN004177,21.58,8,4,clothing,contactless,2.4,0.3,1.0,0.0,1,824,0,0
TXN004178,39.63,19,4,restaurant,contactless,13.3,4.1,2.0,1.0,0,2295,1,0
TXN004179,165.46,10,1,travel,online,1.6,8.0,1.0,1.0,0,1265,0,0
TXN004180,204.59,14,1,clothing,online,28.6,10.0,2.0,0.0,0,159,0,0
TXN004181,11.6,22,6,grocery,card_present,2.5,11.6,4.0,0.0,0,2129,0,0
TXN004182,103.22,19,2,travel,online,1.3,7.2,2.0,1.0,0,1129,1,0
TXN004183,84.33,21,4,travel,online,5.2,10.2,1.0,3.0,0,771,0,0
TXN004184,214.8,11,3,electronics,online,29.3,18.1,6.0,1.0,0,1803,0,0
TXN004185,31.29,18,2,gas,card_present,47.7,13.2,3.0,1.0,1,881,0,0
TXN004186,61.2,17,5,grocery,contactless,6.4,11.5,0.0,0.0,0,3451,0,0
TXN004187,63.12,17,4,electronics,contactless,6.8,10.1,3.0,1.0,1,1585,0,0
TXN004188,70.73,18,2,travel,card_present,39.9,6.0,2.0,0.0,1,3453,1,0
TXN004189,189.33,13,0,electronics,card_present,3.3,11.4,2.0,1.0,0,2180,0,0
TXN004190,76.59,21,2,travel,contactless,1.8,16.4,2.0,0.0,0,443,0,0
TXN004191,113.41,9,0,clothing,contactless,13.6,4.2,3.0,3.0,0,2159,0,0
TXN004192,10.88,6,5,travel,online,7.5,15.4,2.0,0.0,0,809,0,0
TXN004193,67.44,6,1,restaurant,contactless,1.1,4.2,0.0,0.0,0,317,0,0
TXN004194,3.62,6,5,online,online,14.5,0.0,4.0,2.0,0,2759,0,0
TXN004195,18.69,8,1,gas,contactless,0.7,1.8,3.0,2.0,0,1123,0,0
TXN004196,399.96,8,0,clothing,card_present,33.1,8.0,5.0,2.0,0,2974,0,0
TXN004197,22.62,20,5,clothing,card_present,16.7,13.0,0.0,1.0,0,1884,1,0
TXN004198,39.83,21,3,electronics,online,32.3,6.9,2.0,4.0,1,753,1,0
TXN004199,55.43,12,1,online,online,3.7,23.6,3.0,2.0,0,3457,0,0
TXN004200,38.19,16,3,restaurant,card_present,4.4,10.7,4.0,0.0,1,132,0,0
TXN004201,290.87,17,6,grocery,card_present,5.8,27.9,3.0,0.0,0,1180,0,0
TXN004202,63.94,9,6,clothing,contactless,6.0,5.4,3.0,2.0,1,1080,1,0
TXN004203,144.96,12,0,electronics,card_present,12.6,4.5,1.0,0.0,0,3062,0,0
TXN004204,46.05,17,0,grocery,card_present,16.7,24.3,2.0,0.0,0,330,0,0
TXN004205,314.06,15,6,online,contactless,10.8,9.0,4.0,1.0,0,1452,0,0
TXN004206,315.87,9,1,restaurant,contactless,14.8,2.4,2.0,1.0,0,2576,1,0
TXN004207,25.76,16,6,gas,contactless,10.4,0.5,2.0,3.0,1,1496,0,0
TXN004208,106.97,14,6,restaurant,online,20.4,4.5,4.0,3.0,0,213,1,0
TXN004209,145.73,14,4,travel,card_present,50.3,25.0,2.0,3.0,0,3617,0,0
TXN004210,100.16,7,3,restaurant,online,6.3,0.5,4.0,1.0,0,3030,0,0
TXN004211,55.16,10,4,electronics,contactless,15.4,6.4,2.0,1.0,0,819,0,0
TXN004212,24.15,11,0,gas,online,11.5,2.5,3.0,3.0,0,3509,0,0
TXN004213,49.75,9,6,gas,card_present,18.0,2.4,3.0,1.0,1,2856,0,0
TXN004214,147.98,8,6,electronics,card_present,15.0,7.2,3.0,2.0,0,1948,0,0
TXN004215,133.35,6,6,gas,online,20.7,8.6,3.0,0.0,0,2479,0,0
TXN004216,72.33,18,6,electronics,card_present,23.9,6.1,2.0,0.0,0,1551,0,0
TXN004217,227.54,12,0,electronics,online,4.1,15.0,1.0,4.0,0,751,0,0
TXN004218,118.82,9,0,electronics,card_present,7.9,12.6,3.0,2.0,0,1217,0,0
TXN004219,114.07,6,6,clothing,contactless,1.8,29.6,3.0,0.0,0,1351,0,0
TXN004220,12.13,17,2,grocery,card_present,25.9,7.2,5.0,2.0,0,1344,0,0
TXN004221,80.03,9,6,travel,card_present,1.0,14.1,6.0,1.0,0,2232,0,0
TXN004222,46.44,19,6,online,contactless,40.0,4.7,2.0,2.0,0,2185,0,0
TXN004223,347.01,13,3,gas,contactless,9.9,9.1,3.0,1.0,0,3473,0,0
TXN004224,66.1,11,4,gas,card_present,70.2,0.3,4.0,3.0,0,2357,1,0
TXN004225,50.06,7,2,travel,card_present,12.1,6.8,3.0,0.0,0,2026,0,0
TXN004226,973.06,4,0,online,online,265.1,523.3,7.0,4.0,4,15,1,1
TXN004227,26.84,10,1,restaurant,contactless,1.6,3.7,2.0,0.0,0,1273,0,0
TXN004228,73.83,17,0,travel,card_present,0.3,0.8,5.0,1.0,1,2643,0,0
TXN004229,54.63,6,4,travel,card_present,21.1,0.6,1.0,1.0,1,1139,0,0
TXN004230,357.4,22,6,electronics,card_present,517.8,290.4,12.0,3.0,1,48,1,1
TXN004231,6.81,8,2,gas,online,10.9,6.1,6.0,1.0,0,1414,0,0
TXN004232,116.16,16,3,clothing,online,25.7,20.4,3.0,3.0,0,3379,0,0
TXN004233,13.08,20,5,online,contactless,4.7,13.1,3.0,2.0,1,1348,0,0
TXN004234,25.45,13,3,grocery,contactless,3.4,0.8,2.0,2.0,0,2241,0,0
TXN004235,45.0,18,1,online,contactless,3.0,4.2,0.0,3.0,1,2067,0,0
TXN004236,100.71,10,2,electronics,online,1.6,4.8,2.0,1.0,0,3051,0,0
TXN004237,36.6,7,1,online,card_present,18.9,8.0,1.0,0.0,0,1590,0,0
TXN004238,37.69,19,0,travel,card_present,7.5,3.7,5.0,0.0,0,142,0,0
TXN004239,193.96,19,5,online,card_present,19.6,17.7,3.0,2.0,1,2622,0,0
TXN004240,36.49,13,1,clothing,card_present,6.0,11.6,3.0,2.0,0,317,0,0
TXN004241,143.59,14,6,clothing,card_present,3.0,18.9,4.0,0.0,0,488,0,0
TXN004242,35.29,7,4,online,card_present,18.3,6.1,4.0,1.0,0,2077,0,0
TXN004243,676.0,23,0,travel,online,266.0,6.5,5.0,3.0,5,30,1,1
TXN004244,12.08,15,4,grocery,online,15.2,3.3,0.0,0.0,0,781,0,0
TXN004245,29.48,19,1,restaurant,contactless,3.8,9.2,4.0,2.0,0,2870,0,0
TXN004246,229.13,7,0,online,online,0.7,11.4,0.0,0.0,0,1868,1,0
TXN004247,46.61,11,3,restaurant,online,35.2,8.3,4.0,2.0,0,3109,0,0
TXN004248,85.51,10,1,restaurant,online,7.3,4.5,6.0,0.0,0,1794,0,0
TXN004249,26.67,18,3,clothing,online,9.7,3.4,4.0,1.0,0,2330,0,0
TXN004250,284.14,6,0,gas,online,24.2,2.1,4.0,0.0,0,1985,1,0
TXN004251,81.0,22,2,electronics,contactless,20.0,13.5,3.0,0.0,0,3525,0,0
TXN004252,58.43,8,4,travel,contactless,51.7,1.7,3.0,1.0,0,3618,1,0
TXN004253,259.89,8,1,restaurant,online,14.0,17.5,0.0,0.0,0,1747,0,0
TXN004254,42.58,18,5,online,online,22.5,26.6,3.0,3.0,0,3409,0,0
TXN004255,23.01,20,6,travel,card_present,19.7,2.5,5.0,5.0,0,1754,1,0
TXN004256,36.2,20,6,electronics,card_present,1.5,14.7,0.0,0.0,0,1890,0,0
TXN004257,759.29,10,5,travel,card_present,0.6,10.0,2.0,0.0,0,355,0,0
TXN004258,16.79,18,1,online,contactless,16.4,3.5,0.0,0.0,0,3438,0,0
TXN004259,26.1,19,5,restaurant,card_present,0.2,2.5,8.0,0.0,1,1637,0,0
TXN004260,32.43,8,3,online,card_present,16.5,10.7,1.0,2.0,0,3161,1,0
TXN004261,188.23,12,3,online,card_present,3.7,17.3,1.0,1.0,0,2736,0,0
TXN004262,4.21,18,5,grocery,online,19.0,10.5,3.0,1.0,0,1913,0,0
TXN004263,25.2,15,3,grocery,card_present,18.4,5.2,5.0,0.0,0,2321,0,0
TXN004264,281.25,12,5,clothing,card_present,6.1,4.4,7.0,1.0,0,1747,0,0
TXN004265,368.49,10,1,grocery,online,2.6,5.6,4.0,0.0,1,3376,0,0
TXN004266,39.2,8,2,online,online,17.6,24.2,5.0,2.0,0,1773,0,0
TXN004267,219.06,2,1,electronics,card_present,324.1,414.6,10.0,7.0,1,10,1,1
TXN004268,3.09,11,6,gas,contactless,11.7,2.6,1.0,1.0,0,3556,0,0
TXN004269,52.15,15,2,restaurant,online,18.0,12.7,3.0,2.0,0,3564,0,0
TXN004270,27.31,14,4,grocery,online,33.4,3.6,7.0,0.0,0,294,0,0
TXN004271,107.95,15,2,online,online,40.3,2.4,2.0,1.0,0,3346,1,0
TXN004272,38.76,20,5,online,online,15.9,16.8,1.0,1.0,1,3035,0,0
TXN004273,20.81,16,2,travel,online,1.9,11.5,2.0,3.0,1,3196,0,0
TXN004274,17.04,13,6,grocery,card_present,15.4,25.2,2.0,1.0,0,1814,0,0
TXN004275,30.55,16,0,clothing,online,11.0,9.0,2.0,1.0,1,2969,0,0
TXN004276,29.92,19,1,travel,online,20.9,9.7,3.0,0.0,0,2305,0,0
TXN004277,15.58,6,0,gas,online,6.4,8.6,3.0,0.0,1,1127,0,0
TXN004278,40.12,8,3,clothing,card_present,25.5,4.4,1.0,0.0,0,2873,0,0
TXN004279,158.92,8,5,clothing,contactless,17.9,2.9,2.0,1.0,0,2962,0,0
TXN004280,24.35,17,6,travel,card_present,19.6,1.8,1.0,1.0,0,2819,0,0
TXN004281,33.54,13,0,restaurant,card_present,5.6,12.5,2.0,1.0,0,1703,0,0
TXN004282,43.28,13,5,online,contactless,7.8,1.3,3.0,0.0,0,886,0,0
TXN004283,30.19,14,2,travel,card_present,7.1,5.4,1.0,0.0,1,587,0,0
TXN004284,114.45,19,5,gas,contactless,5.1,2.2,4.0,3.0,0,3217,0,0
TXN004285,45.4,20,1,grocery,contactless,4.7,15.5,4.0,0.0,0,3180,0,0
TXN004286,104.83,17,6,electronics,card_present,9.3,11.0,2.0,1.0,1,184,0,0
TXN004287,76.63,16,6,restaurant,card_present,12.3,8.6,2.0,1.0,0,2565,0,0
TXN004288,66.33,16,5,travel,card_present,1.7,8.2,3.0,0.0,0,1495,0,0
TXN004289,55.83,13,5,online,card_present,7.2,12.6,1.0,3.0,1,494,0,0
TXN004290,33.23,9,6,online,online,24.4,4.4,3.0,2.0,0,1900,1,0
TXN004291,107.93,18,2,restaurant,card_present,20.3,11.4,3.0,0.0,1,2461,0,0
TXN004292,68.39,17,0,travel,online,19.9,8.9,4.0,2.0,0,265,1,0
TXN004293,182.33,19,2,gas,online,16.2,13.5,2.0,1.0,0,705,1,0
TXN004294,37.84,6,2,electronics,card_present,14.9,1.8,2.0,2.0,0,3216,0,0
TXN004295,18.21,15,0,gas,online,18.2,25.4,2.0,2.0,0,932,1,0
TXN004296,42.98,7,0,electronics,card_present,40.6,3.4,4.0,1.0,0,2894,0,0
TXN004297,124.64,14,1,electronics,card_present,19.2,10.9,1.0,0.0,0,1345,0,0
TXN004298,65.81,6,5,travel,card_present,4.1,2.8,2.0,3.0,0,915,0,0
TXN004299,134.83,14,2,online,card_present,26.9,9.0,4.0,1.0,0,251,1,0
TXN004300,83.9,20,2,gas,card_present,21.2,8.5,2.0,1.0,0,1772,0,0
TXN004301,43.34,8,3,clothing,online,15.2,25.8,0.0,1.0,0,631,0,0
TXN004302,78.41,14,2,restaurant,card_present,11.0,8.7,4.0,2.0,0,2216,0,0
TXN004303,56.73,20,3,restaurant,card_present,12.8,3.2,4.0,1.0,0,2941,1,0
TXN004304,16.17,18,6,travel,contactless,0.7,1.4,6.0,1.0,1,2476,1,0
TXN004305,90.4,13,4,grocery,card_present,10.6,5.2,2.0,1.0,0,1300,0,0
TXN004306,170.74,8,0,electronics,contactless,0.4,1.5,2.0,0.0,0,3589,0,0
TXN004307,19.93,11,4,clothing,contactless,19.6,4.8,3.0,0.0,0,337,1,0
TXN004308,76.12,12,0,restaurant,online,35.9,10.7,3.0,2.0,0,1072,0,0
TXN004309,23.58,16,6,electronics,card_present,23.1,3.6,2.0,1.0,0,2456,1,0
TXN004310,29.95,17,0,travel,card_present,30.3,16.8,5.0,0.0,0,2865,1,0
TXN004311,54.27,22,6,online,card_present,5.0,4.6,4.0,2.0,0,748,0,0
TXN004312,103.34,18,4,online,card_present,0.4,7.5,2.0,0.0,0,2769,0,0
TXN004313,79.62,13,3,gas,card_present,6.5,1.1,6.0,0.0,0,697,0,0
TXN004314,24.53,14,1,grocery,online,29.2,7.5,3.0,2.0,0,3364,0,0
TXN004315,281.0,15,0,restaurant,card_present,4.8,0.6,2.0,0.0,0,3037,0,0
TXN004316,66.31,20,4,electronics,contactless,11.4,6.2,3.0,0.0,0,2243,1,0
TXN004317,1028.3,9,4,clothing,contactless,4.4,6.6,2.0,2.0,0,1656,0,0
TXN004318,48.93,20,5,clothing,online,6.8,3.4,5.0,0.0,0,948,0,0
TXN004319,101.65,8,5,electronics,card_present,13.0,17.8,9.0,0.0,1,3335,0,0
TXN004320,13.65,13,2,online,online,5.2,9.0,5.0,1.0,0,1512,0,0
TXN004321,163.86,18,1,grocery,contactless,7.5,16.1,3.0,4.0,0,1197,0,0
TXN004322,114.57,23,4,electronics,online,15.3,254.4,10.0,4.0,3,2,1,1
TXN004323,25.35,17,0,restaurant,card_present,13.7,1.3,3.0,1.0,0,1046,1,0
TXN004324,44.82,21,0,grocery,online,15.8,0.9,4.0,0.0,0,1963,0,0
TXN004325,42.97,15,2,travel,contactless,7.0,4.4,4.0,1.0,0,2137,1,0
TXN004326,91.48,6,5,restaurant,card_present,14.7,11.8,5.0,1.0,0,2345,0,0
TXN004327,371.89,12,0,clothing,card_present,6.7,2.2,7.0,1.0,1,247,0,0
TXN004328,79.79,18,4,grocery,card_present,10.5,3.7,7.0,2.0,0,36,1,0
TXN004329,783.84,23,4,electronics,card_present,95.8,512.2,8.0,3.0,5,43,1,1
TXN004330,29.81,7,1,travel,contactless,20.7,7.8,1.0,1.0,0,1182,0,0
TXN004331,29.67,6,4,restaurant,card_present,10.6,25.8,0.0,2.0,0,2168,0,0
TXN004332,41.08,21,0,online,card_present,11.3,0.4,3.0,3.0,0,73,0,0
TXN004333,73.84,19,0,gas,contactless,37.5,18.0,1.0,0.0,0,1192,0,0
TXN004334,68.07,19,6,electronics,contactless,4.0,11.2,4.0,0.0,0,2820,0,0
TXN004335,250.77,8,0,gas,card_present,37.0,14.0,6.0,0.0,0,2391,0,0
TXN004336,483.27,1,2,online,online,201.3,231.1,5.0,8.0,3,38,1,1
TXN004337,61.82,9,4,grocery,card_present,3.8,3.2,5.0,2.0,0,1224,1,0
TXN004338,21.1,18,1,grocery,contactless,5.3,0.3,1.0,1.0,0,1101,0,0
TXN004339,9.08,7,1,online,online,32.1,10.2,2.0,1.0,0,1052,0,0
TXN004340,29.08,6,6,gas,online,2.4,0.8,4.0,0.0,0,52,1,0
TXN004341,84.12,8,1,online,contactless,15.2,4.5,1.0,1.0,0,913,1,0
TXN004342,12.54,10,5,clothing,card_present,11.3,13.3,2.0,2.0,0,289,0,0
TXN004343,109.83,20,6,gas,contactless,45.8,22.7,2.0,0.0,0,1758,0,0
TXN004344,10.08,22,0,online,contactless,17.9,3.7,3.0,0.0,1,1340,0,0
TXN004345,217.04,20,0,online,card_present,5.8,17.7,2.0,2.0,0,2394,0,0
TXN004346,41.96,9,5,travel,card_present,14.3,17.3,5.0,0.0,0,3223,1,0
TXN004347,55.76,22,5,online,contactless,1.6,1.3,4.0,0.0,0,307,0,0
TXN004348,34.51,7,1,online,card_present,28.4,7.0,7.0,0.0,0,287,0,0
TXN004349,862.35,12,1,clothing,card_present,15.7,5.9,3.0,0.0,0,574,0,0
TXN004350,27.42,18,2,restaurant,card_present,12.5,2.6,4.0,1.0,0,2893,0,0
TXN004351,22.22,16,0,electronics,card_present,0.5,9.2,4.0,1.0,0,1761,0,0
TXN004352,6.29,9,1,online,contactless,5.8,7.5,4.0,2.0,0,2276,0,0
TXN004353,105.2,11,6,online,card_present,24.4,21.6,4.0,0.0,0,2114,0,0
TXN004354,100.44,7,5,travel,card_present,29.6,27.7,2.0,1.0,0,743,0,0
TXN004355,123.7,9,0,grocery,card_present,7.0,2.1,5.0,3.0,0,916,0,0
TXN004356,98.74,11,5,restaurant,card_present,16.8,6.4,1.0,0.0,1,1020,0,0
TXN004357,1444.55,5,5,online,online,208.8,401.6,8.0,8.0,3,25,1,1
TXN004358,41.73,14,6,gas,online,22.2,9.5,9.0,2.0,0,3526,0,0
TXN004359,22.43,6,5,grocery,online,2.5,3.8,2.0,2.0,1,2419,0,0
TXN004360,43.63,6,6,restaurant,card_present,21.7,20.7,3.0,1.0,1,1803,0,0
TXN004361,90.47,9,3,electronics,online,9.3,5.1,7.0,0.0,0,3235,0,0
TXN004362,59.56,6,0,restaurant,online,17.6,24.6,1.0,0.0,0,2359,0,0
TXN004363,369.45,11,4,travel,card_present,27.2,2.0,2.0,1.0,0,3563,0,0
TXN004364,66.36,21,0,clothing,online,0.1,1.4,2.0,2.0,0,347,0,0
TXN004365,65.39,14,4,online,online,15.5,7.2,6.0,0.0,0,2612,0,0
TXN004366,14.16,11,4,gas,card_present,10.8,3.0,1.0,0.0,0,3500,0,0
TXN004367,101.07,15,3,clothing,online,33.5,1.6,5.0,1.0,0,2255,0,0
TXN004368,132.45,22,2,electronics,contactless,17.2,8.2,3.0,1.0,0,2941,0,0
TXN004369,462.4,1,0,jewelry,online,85.3,136.8,9.0,5.0,5,50,0,1
TXN004370,56.25,22,1,clothing,online,33.8,5.5,5.0,0.0,0,3582,0,0
TXN004371,228.98,14,0,clothing,card_present,2.1,14.9,5.0,0.0,0,2368,0,0
TXN004372,18.84,18,0,travel,card_present,25.0,14.5,7.0,1.0,0,139,0,0
TXN004373,43.04,19,1,electronics,contactless,7.1,5.5,4.0,1.0,0,983,1,0
TXN004374,31.88,8,4,clothing,card_present,29.6,6.7,6.0,3.0,1,2871,0,0
TXN004375,6.18,12,4,travel,online,21.4,1.0,2.0,1.0,0,2756,0,0
TXN004376,76.02,21,2,grocery,card_present,19.2,2.8,2.0,1.0,0,3052,0,0
TXN004377,31.02,13,3,grocery,card_present,19.5,17.0,2.0,1.0,0,1065,0,0
TXN004378,100.81,14,2,restaurant,card_present,1.1,22.4,2.0,1.0,0,1537,1,0
TXN004379,16.53,22,6,clothing,online,32.4,3.7,3.0,0.0,0,239,0,0
TXN004380,46.52,21,6,clothing,card_present,13.3,7.2,2.0,2.0,1,888,0,0
TXN004381,37.03,8,2,grocery,card_present,35.4,3.1,2.0,0.0,0,3307,1,0
TXN004382,39.03,11,2,travel,card_present,24.1,31.4,1.0,0.0,0,411,0,0
TXN004383,162.6,11,6,gas,online,34.0,22.1,5.0,0.0,0,3427,0,0
TXN004384,51.33,15,5,restaurant,card_present,2.8,4.2,2.0,0.0,0,2169,0,0
TXN004385,112.98,15,0,electronics,card_present,13.2,3.1,3.0,2.0,0,137,0,0
TXN004386,24.8,14,6,gas,card_present,28.2,7.4,5.0,0.0,0,2386,1,0
TXN004387,40.36,6,6,travel,card_present,7.7,15.7,5.0,1.0,0,2920,0,0
TXN004388,34.26,13,3,gas,card_present,19.7,24.5,5.0,0.0,0,881,0,0
TXN004389,16.21,10,4,grocery,contactless,36.8,22.8,3.0,1.0,0,3526,1,0
TXN004390,54.99,18,4,gas,online,17.3,9.9,4.0,2.0,0,958,1,0
TXN004391,213.27,16,1,restaurant,card_present,5.3,7.8,6.0,4.0,0,2143,0,0
TXN004392,26.22,17,0,electronics,card_present,14.0,4.3,4.0,0.0,0,391,0,0
TXN004393,19.69,17,0,online,online,22.3,1.3,4.0,1.0,0,2892,0,0
TXN004394,21.03,10,1,clothing,online,2.8,15.6,4.0,3.0,0,89,0,0
TXN004395,7.89,22,5,travel,card_present,15.8,11.5,3.0,0.0,0,461,1,0
TXN004396,205.07,3,5,online,online,246.0,428.2,12.0,5.0,3,20,1,1
TXN004397,41.05,11,5,grocery,contactless,5.5,2.5,3.0,0.0,0,1043,0,0
TXN004398,29.58,10,2,online,contactless,21.6,5.1,4.0,0.0,0,2767,0,0
TXN004399,353.35,22,3,clothing,card_present,2.2,9.0,5.0,2.0,0,331,0,0
TXN004400,43.51,20,3,restaurant,card_present,49.9,9.2,1.0,0.0,0,2785,0,0
TXN004401,11.51,18,1,clothing,card_present,10.7,9.8,2.0,2.0,0,1977,0,0
TXN004402,89.84,12,4,travel,card_present,6.1,17.8,3.0,3.0,0,3437,0,0
TXN004403,21.56,16,2,electronics,online,0.1,14.0,4.0,2.0,1,3111,0,0
TXN004404,81.99,8,2,restaurant,card_present,21.6,4.1,5.0,2.0,0,1567,1,0
TXN004405,29.85,12,2,electronics,card_present,4.5,6.2,4.0,1.0,1,65,1,0
TXN004406,162.68,16,4,travel,card_present,25.7,19.2,0.0,2.0,0,3390,0,0
TXN004407,80.79,13,6,clothing,contactless,10.5,2.8,4.0,1.0,0,835,0,0
TXN004408,365.97,6,3,online,contactless,8.3,14.0,1.0,0.0,0,2487,0,0
TXN004409,29.1,18,3,online,contactless,16.2,0.6,3.0,1.0,1,388,0,0
TXN004410,250.44,12,6,travel,online,11.3,10.4,2.0,2.0,0,2481,0,0
TXN004411,67.98,18,2,restaurant,online,12.2,7.9,5.0,0.0,0,1831,0,0
TXN004412,51.37,9,6,online,card_present,26.4,6.8,2.0,1.0,0,3008,0,0
TXN004413,468.89,5,6,jewelry,online,105.4,62.4,15.0,8.0,4,52,0,1
TXN004414,53.76,18,6,clothing,contactless,37.9,4.8,3.0,2.0,0,1232,0,0
TXN004415,796.7,5,3,online,card_present,299.6,334.7,6.0,2.0,2,59,0,1
TXN004416,21.1,19,4,travel,online,8.7,25.7,4.0,2.0,0,1483,0,0
TXN004417,101.3,20,6,online,card_present,3.9,5.2,2.0,0.0,0,1351,0,0
TXN004418,23.59,6,0,grocery,online,39.5,8.8,3.0,2.0,0,2938,0,0
TXN004419,3017.74,22,4,electronics,online,35.5,383.3,12.0,6.0,4,51,1,1
TXN004420,167.26,19,0,electronics,card_present,6.5,21.2,4.0,0.0,0,2790,0,0
TXN004421,52.84,8,4,online,online,31.0,8.7,3.0,0.0,0,2810,0,0
TXN004422,34.43,14,3,clothing,contactless,5.9,0.8,1.0,1.0,1,609,0,0
TXN004423,49.47,21,2,clothing,card_present,22.0,10.9,6.0,2.0,0,2658,0,0
TXN004424,170.07,17,3,clothing,online,19.2,9.3,1.0,2.0,0,2656,0,0
TXN004425,17.63,16,3,electronics,online,3.8,10.9,1.0,0.0,0,1944,0,0
TXN004426,156.12,6,3,restaurant,card_present,4.3,8.8,6.0,1.0,0,945,0,0
TXN004427,42.26,11,5,electronics,card_present,0.6,0.1,4.0,1.0,0,3194,0,0
TXN004428,33.61,22,1,jewelry,online,354.2,662.3,7.0,5.0,1,49,1,1
TXN004429,39.25,7,6,grocery,card_present,4.9,2.1,7.0,0.0,0,295,0,0
TXN004430,66.73,13,6,electronics,contactless,18.0,3.0,5.0,4.0,1,188,1,0
TXN004431,112.08,9,3,online,card_present,4.5,12.0,1.0,0.0,0,2267,0,0
TXN004432,23.47,22,0,grocery,online,8.6,8.1,2.0,0.0,0,2708,0,0
TXN004433,13.16,16,4,online,card_present,32.5,10.1,2.0,0.0,0,377,0,0
TXN004434,281.64,13,1,grocery,contactless,16.8,8.0,5.0,0.0,0,2882,0,0
TXN004435,19.34,21,6,online,contactless,20.9,1.1,3.0,0.0,0,2372,0,0
TXN004436,67.72,12,4,online,contactless,9.7,10.9,3.0,2.0,0,754,0,0
TXN004437,102.07,20,5,travel,card_present,53.0,6.4,3.0,1.0,0,496,0,0
TXN004438,232.13,22,2,clothing,online,4.1,6.4,2.0,0.0,1,3150,0,0
TXN004439,412.65,7,2,clothing,card_present,3.2,2.7,3.0,1.0,0,3139,0,0
TXN004440,37.14,10,2,travel,contactless,13.7,8.6,2.0,3.0,0,3111,0,0
TXN004441,293.39,8,4,gas,contactless,35.0,6.4,3.0,1.0,1,601,0,0
TXN004442,22.3,6,1,electronics,card_present,35.7,3.4,1.0,0.0,1,2014,0,0
TXN004443,423.57,10,3,grocery,card_present,2.4,6.1,3.0,1.0,0,2831,1,0
TXN004444,61.95,13,2,grocery,contactless,5.2,8.1,4.0,4.0,0,1460,0,0
TXN004445,43.68,9,4,electronics,online,13.3,9.8,2.0,1.0,0,236,0,0
TXN004446,218.4,21,0,travel,card_present,4.9,2.1,4.0,1.0,0,1284,1,0
TXN004447,70.96,18,1,grocery,card_present,4.3,13.3,4.0,1.0,0,732,0,0
TXN004448,25.65,9,4,restaurant,card_present,2.3,3.1,4.0,3.0,1,512,1,0
TXN004449,136.99,11,0,travel,contactless,35.6,9.1,1.0,1.0,0,2315,1,0
TXN004450,144.07,13,2,gas,card_present,17.9,12.9,2.0,0.0,0,141,1,0
TXN004451,266.27,20,3,electronics,card_present,2.0,0.8,1.0,0.0,0,1799,0,0
TXN004452,37.11,21,6,travel,card_present,40.4,8.3,2.0,2.0,0,3075,1,0
TXN004453,19.01,13,4,electronics,online,15.1,0.4,1.0,1.0,0,1039,0,0
TXN004454,6.22,14,2,online,card_present,9.6,2.9,4.0,3.0,1,614,0,0
TXN004455,175.28,14,3,online,online,33.3,23.0,3.0,0.0,0,3358,1,0
TXN004456,54.56,11,4,restaurant,contactless,19.6,8.7,1.0,2.0,0,2968,0,0
TXN004457,26.28,14,3,electronics,card_present,15.8,0.4,3.0,1.0,0,2400,0,0
TXN004458,93.06,18,6,clothing,card_present,5.1,8.2,0.0,1.0,1,725,0,0
TXN004459,43.66,9,0,clothing,online,5.4,10.8,4.0,0.0,0,621,0,0
TXN004460,90.65,15,2,travel,contactless,7.7,2.5,3.0,3.0,0,1568,0,0
TXN004461,92.85,12,3,travel,contactless,18.1,21.7,1.0,0.0,0,1427,0,0
TXN004462,157.58,18,4,electronics,contactless,30.0,18.5,3.0,1.0,0,3574,0,0
TXN004463,70.42,9,1,electronics,card_present,17.1,11.3,5.0,2.0,0,1720,0,0
TXN004464,20.66,17,6,travel,card_present,8.8,10.5,2.0,1.0,0,2798,0,0
TXN004465,114.67,11,1,travel,online,13.8,5.4,4.0,2.0,0,2729,0,0
TXN004466,43.99,9,2,travel,card_present,31.4,21.3,6.0,2.0,0,187,0,0
TXN004467,2394.53,1,2,online,online,18.3,103.5,3.0,5.0,1,8,1,1
TXN004468,74.24,6,1,restaurant,online,10.1,6.6,4.0,1.0,0,367,0,0
TXN004469,49.94,12,1,gas,card_present,39.8,8.7,2.0,0.0,0,2986,0,0
TXN004470,55.59,19,4,clothing,card_present,19.9,17.3,3.0,1.0,1,1633,0,0
TXN004471,181.98,19,6,gas,online,18.9,1.6,5.0,0.0,0,2351,0,0
TXN004472,63.52,18,3,grocery,online,24.9,5.3,6.0,1.0,0,1895,0,0
TXN004473,149.53,22,0,clothing,online,17.4,4.3,5.0,3.0,0,56,0,0
TXN004474,239.11,21,4,electronics,contactless,8.7,14.9,1.0,1.0,0,2641,0,0
TXN004475,136.79,10,4,gas,online,5.6,10.5,3.0,1.0,0,36,1,0
TXN004476,53.24,6,0,online,contactless,2.5,13.8,3.0,0.0,0,3155,0,0
TXN004477,1301.41,2,1,online,online,302.2,148.5,16.0,4.0,1,52,1,1
TXN004478,134.52,13,5,grocery,online,8.7,7.0,2.0,3.0,0,3461,0,0
TXN004479,65.22,9,3,travel,online,24.6,21.3,2.0,1.0,1,2549,0,0
TXN004480,83.15,7,4,grocery,online,24.7,6.8,5.0,2.0,1,2834,0,0
TXN004481,72.29,16,3,clothing,card_present,29.2,17.0,4.0,0.0,0,324,0,0
TXN004482,83.26,10,0,clothing,online,2.2,6.2,1.0,2.0,0,2969,0,0
TXN004483,102.27,10,0,restaurant,contactless,26.3,2.8,2.0,1.0,1,1123,0,0
TXN004484,60.16,6,1,electronics,card_present,9.0,5.5,3.0,2.0,0,3182,0,0
TXN004485,302.39,14,1,clothing,contactless,17.1,5.7,4.0,0.0,0,1625,1,0
TXN004486,10.85,9,4,restaurant,contactless,17.2,3.8,5.0,0.0,0,3198,0,0
TXN004487,58.23,14,3,electronics,contactless,31.9,11.4,2.0,1.0,1,2821,0,0
TXN004488,61.77,7,2,grocery,contactless,14.2,12.2,0.0,0.0,0,1640,0,0
TXN004489,115.15,17,1,restaurant,card_present,14.3,8.3,3.0,1.0,0,1324,1,0
TXN004490,20.53,11,0,clothing,card_present,10.3,1.7,6.0,1.0,1,2583,0,0
TXN004491,91.4,20,4,grocery,card_present,9.5,8.8,5.0,1.0,0,39,0,0
TXN004492,43.81,9,2,grocery,contactless,13.2,4.4,2.0,2.0,0,468,0,0
TXN004493,76.61,20,1,travel,card_present,4.8,6.6,2.0,0.0,0,2000,0,0
TXN004494,18.55,6,3,grocery,online,18.9,2.9,6.0,3.0,0,854,0,0
TXN004495,61.3,17,6,online,card_present,0.6,5.2,4.0,1.0,0,3273,0,0
TXN004496,46.4,21,0,online,card_present,12.3,2.9,4.0,0.0,0,235,0,0
TXN004497,29.16,13,5,travel,card_present,12.6,12.3,2.0,1.0,1,1003,0,0
TXN004498,31.22,20,4,travel,contactless,15.3,1.2,1.0,2.0,1,559,1,0
TXN004499,108.13,13,0,restaurant,card_present,22.1,10.9,2.0,1.0,0,2015,0,0
TXN004500,31.12,6,3,restaurant,online,4.8,5.0,3.0,1.0,0,2682,0,0
TXN004501,65.67,22,0,online,card_present,6.3,9.9,5.0,2.0,1,1960,1,0
TXN004502,166.12,14,6,grocery,card_present,12.3,6.3,6.0,0.0,0,1254,0,0
TXN004503,33.0,18,4,electronics,contactless,3.4,16.7,1.0,1.0,0,3243,0,0
TXN004504,539.66,18,0,online,card_present,28.0,13.4,2.0,0.0,0,2640,0,0
TXN004505,371.39,6,0,electronics,online,22.0,13.5,7.0,1.0,0,1396,1,0
TXN004506,12.74,12,2,online,card_present,1.1,3.2,0.0,0.0,0,427,0,0
TXN004507,46.63,11,1,gas,contactless,4.7,1.4,2.0,0.0,0,2815,0,0
TXN004508,51.69,10,6,online,card_present,30.7,20.6,4.0,1.0,0,1389,1,0
TXN004509,37.31,6,0,online,card_present,33.1,6.3,1.0,1.0,0,2895,0,0
TXN004510,31.12,22,3,restaurant,card_present,17.7,3.0,4.0,0.0,0,1815,0,0
TXN004511,56.0,9,5,online,card_present,16.9,22.8,4.0,0.0,0,2102,0,0
TXN004512,67.88,17,2,grocery,contactless,17.3,6.3,1.0,3.0,0,2086,0,0
TXN004513,224.48,18,1,restaurant,card_present,9.8,20.2,3.0,0.0,1,2871,0,0
TXN004514,136.77,8,0,travel,contactless,6.6,1.2,2.0,1.0,0,227,0,0
TXN004515,17.34,9,2,travel,card_present,19.0,16.0,2.0,0.0,0,551,0,0
TXN004516,58.24,8,1,grocery,contactless,14.9,2.7,2.0,3.0,0,294,0,0
TXN004517,116.62,16,3,travel,card_present,57.6,13.0,4.0,0.0,0,808,1,0
TXN004518,45.59,21,4,grocery,contactless,2.5,19.1,3.0,1.0,0,1703,0,0
TXN004519,16.52,18,0,grocery,online,1.9,0.5,3.0,0.0,0,1645,0,0
TXN004520,44.6,15,3,travel,card_present,12.2,13.5,4.0,1.0,0,441,0,0
TXN004521,70.83,14,5,restaurant,contactless,0.8,5.3,6.0,1.0,0,672,0,0
TXN004522,33.93,7,4,travel,online,18.4,13.1,4.0,1.0,0,1063,1,0
TXN004523,33.94,6,0,grocery,online,33.1,19.5,1.0,2.0,0,1738,0,0
TXN004524,76.13,9,6,clothing,online,8.8,21.6,2.0,0.0,0,1387,0,0
TXN004525,15.07,6,5,travel,online,9.6,9.4,2.0,0.0,0,1167,0,0
TXN004526,50.61,11,1,clothing,card_present,5.6,2.8,1.0,0.0,0,3101,0,0
TXN004527,174.31,5,5,electronics,card_present,229.6,303.2,8.0,8.0,1,36,0,1
TXN004528,126.79,8,5,clothing,card_present,27.8,23.1,3.0,2.0,1,2371,0,0
TXN004529,29.6,14,0,clothing,card_present,9.9,1.8,2.0,0.0,1,3613,0,0
TXN004530,356.44,11,2,clothing,card_present,8.4,4.5,2.0,2.0,1,1109,0,0
TXN004531,57.96,12,3,gas,card_present,4.1,7.1,4.0,1.0,0,1319,0,0
TXN004532,81.39,14,1,electronics,card_present,24.0,10.6,5.0,4.0,1,1410,0,0
TXN004533,78.27,22,1,travel,contactless,27.6,11.6,3.0,0.0,0,2011,0,0
TXN004534,30.87,10,0,online,online,2.7,0.5,2.0,1.0,0,2776,0,0
TXN004535,358.22,19,4,clothing,card_present,21.9,7.8,2.0,0.0,0,2066,0,0
TXN004536,49.99,21,2,travel,contactless,18.9,5.2,0.0,0.0,0,2579,0,0
TXN004537,174.05,8,1,restaurant,card_present,7.3,2.1,1.0,0.0,0,2461,0,0
TXN004538,109.54,16,2,grocery,online,4.5,25.3,3.0,2.0,0,2595,1,0
TXN004539,48.85,17,5,travel,online,6.3,8.5,3.0,2.0,0,1302,0,0
TXN004540,41.19,16,1,clothing,card_present,0.8,9.6,4.0,4.0,0,1737,0,0
TXN004541,45.46,9,1,clothing,card_present,3.7,7.8,4.0,0.0,1,2362,1,0
TXN004542,99.6,15,2,electronics,card_present,4.6,11.6,4.0,0.0,0,397,0,0
TXN004543,9.41,18,6,travel,card_present,13.3,11.4,5.0,1.0,0,1169,0,0
TXN004544,12.45,22,4,clothing,contactless,41.1,0.2,2.0,1.0,0,3645,0,0
TXN004545,25.21,22,6,restaurant,card_present,27.5,1.6,1.0,3.0,0,2797,0,0
TXN004546,26.08,9,5,online,card_present,12.7,0.5,1.0,2.0,0,2252,0,0
TXN004547,66.35,19,2,restaurant,online,8.2,0.0,1.0,4.0,0,441,0,0
TXN004548,39.0,17,2,restaurant,card_present,24.4,3.7,0.0,0.0,0,3546,0,0
TXN004549,42.15,7,1,travel,online,19.0,11.8,4.0,0.0,0,2512,0,0
TXN004550,198.47,9,5,clothing,card_present,14.4,13.4,3.0,0.0,0,2517,0,0
TXN004551,43.61,6,5,electronics,online,22.6,0.3,1.0,4.0,0,798,0,0
TXN004552,460.83,13,0,clothing,card_present,23.8,0.5,2.0,0.0,0,2460,0,0
TXN004553,40.42,7,4,electronics,contactless,22.4,0.0,3.0,2.0,0,3589,1,0
TXN004554,59.39,10,1,travel,card_present,5.4,7.5,2.0,1.0,0,1828,0,0
TXN004555,49.68,19,5,travel,contactless,21.7,12.3,2.0,0.0,0,3319,0,0
TXN004556,19.97,22,4,online,online,7.5,14.6,1.0,1.0,0,2358,0,0
TXN004557,45.23,16,6,online,online,12.7,11.5,3.0,2.0,0,1882,0,0
TXN004558,18.6,7,4,gas,card_present,4.4,4.2,3.0,0.0,0,1051,0,0
TXN004559,33.66,7,3,online,card_present,24.8,32.3,4.0,3.0,0,1666,0,0
TXN004560,113.51,9,4,gas,online,4.1,11.2,1.0,0.0,0,2258,0,0
TXN004561,26.87,18,6,restaurant,card_present,30.7,9.6,5.0,0.0,0,3490,0,0
TXN004562,47.61,13,3,grocery,card_present,11.6,0.7,2.0,1.0,0,3445,0,0
TXN004563,8.33,15,4,clothing,card_present,21.3,11.0,4.0,2.0,1,3386,1,0
TXN004564,63.07,10,6,electronics,online,4.7,0.0,1.0,2.0,0,351,0,0
TXN004565,13.06,21,1,online,card_present,9.4,1.1,2.0,0.0,0,3337,0,0
TXN004566,120.68,21,4,clothing,card_present,11.6,6.5,6.0,0.0,0,2384,0,0
TXN004567,11.9,14,0,clothing,online,4.5,4.6,2.0,2.0,0,278,0,0
TXN004568,189.2,18,1,restaurant,contactless,37.9,3.7,3.0,0.0,0,3458,0,0
TXN004569,144.05,9,3,online,contactless,4.1,4.1,3.0,0.0,1,2681,0,0
TXN004570,133.98,15,0,gas,card_present,8.7,26.8,1.0,3.0,1,1088,1,0
TXN004571,125.63,10,1,travel,online,8.2,7.5,4.0,0.0,0,1025,0,0
TXN004572,67.94,21,2,gas,card_present,4.1,11.4,3.0,1.0,0,2401,1,0
TXN004573,4.51,22,1,online,online,6.1,17.5,5.0,1.0,0,2281,0,0
TXN004574,60.14,18,0,online,card_present,16.7,11.5,2.0,3.0,1,1619,1,0
TXN004575,97.23,12,4,travel,contactless,39.7,16.9,4.0,1.0,0,1811,0,0
TXN004576,197.12,17,3,grocery,online,0.2,7.9,3.0,0.0,1,2185,0,0
TXN004577,25.38,6,6,grocery,online,17.9,5.0,1.0,1.0,1,2229,0,0
TXN004578,21.32,12,3,clothing,card_present,4.5,15.6,9.0,2.0,0,2937,0,0
TXN004579,16.88,17,5,electronics,online,18.7,3.2,8.0,2.0,1,1800,0,0
TXN004580,23.7,22,1,online,contactless,15.8,0.8,1.0,1.0,0,3001,0,0
TXN004581,208.61,6,4,online,online,31.7,13.2,4.0,1.0,0,2214,1,0
TXN004582,488.05,9,3,electronics,contactless,19.1,10.9,3.0,3.0,0,1923,0,0
TXN004583,66.26,20,2,travel,contactless,15.6,21.7,1.0,0.0,1,907,0,0
TXN004584,66.6,7,1,clothing,card_present,17.0,2.1,3.0,1.0,0,3406,0,0
TXN004585,176.47,8,2,clothing,online,13.7,12.3,1.0,1.0,0,510,0,0
TXN004586,37.54,12,4,clothing,card_present,3.7,1.3,4.0,1.0,1,3101,0,0
TXN004587,14.56,14,4,gas,contactless,11.4,9.4,7.0,1.0,0,2832,1,0
TXN004588,124.2,15,3,electronics,card_present,1.7,21.8,1.0,1.0,0,2008,1,0
TXN004589,163.56,21,0,clothing,card_present,33.9,16.7,3.0,2.0,0,2159,0,0
TXN004590,5.03,12,2,electronics,card_present,0.0,12.7,1.0,1.0,0,2822,1,0
TXN004591,16.72,11,6,electronics,card_present,22.1,16.7,2.0,1.0,0,3046,0,0
TXN004592,151.64,19,0,clothing,card_present,26.6,29.2,4.0,1.0,0,2370,0,0
TXN004593,64.49,21,4,restaurant,card_present,27.4,2.9,1.0,1.0,0,1660,0,0
TXN004594,55.89,14,4,online,contactless,28.6,20.9,3.0,0.0,1,3282,1,0
TXN004595,65.5,10,4,clothing,card_present,2.7,9.7,7.0,1.0,0,2870,1,0
TXN004596,19.83,14,1,clothing,online,9.6,4.0,1.0,0.0,0,323,0,0
TXN004597,23.88,22,3,travel,contactless,0.2,5.7,4.0,1.0,0,1745,1,0
TXN004598,24.72,20,4,gas,online,41.6,8.1,1.0,1.0,0,3414,0,0
TXN004599,100.54,11,1,clothing,contactless,2.3,3.3,1.0,0.0,0,3164,0,0
TXN004600,315.74,19,6,electronics,card_present,17.4,15.5,3.0,1.0,0,2620,0,0
TXN004601,4.84,13,2,online,online,7.0,17.0,4.0,1.0,0,2709,0,0
TXN004602,34.24,15,4,restaurant,card_present,2.6,13.3,2.0,2.0,0,1195,0,0
TXN004603,5.76,19,1,online,online,5.1,0.1,7.0,0.0,1,330,0,0
TXN004604,16.63,13,6,electronics,card_present,25.4,1.8,2.0,2.0,0,3139,0,0
TXN004605,61.15,11,2,grocery,contactless,12.4,6.5,4.0,0.0,0,2700,0,0
TXN004606,11.01,17,1,restaurant,online,37.2,0.5,3.0,0.0,0,2528,0,0
TXN004607,51.38,11,3,grocery,online,1.2,0.2,2.0,0.0,0,3606,0,0
TXN004608,50.61,15,0,electronics,online,15.8,3.4,0.0,0.0,0,3338,0,0
TXN004609,301.07,13,0,clothing,online,4.4,2.3,6.0,0.0,0,1864,0,0
TXN004610,53.88,8,6,grocery,card_present,0.6,13.5,8.0,1.0,0,2288,1,0
TXN004611,80.79,12,6,gas,card_present,15.5,19.0,2.0,1.0,0,3358,0,0
TXN004612,147.78,17,0,electronics,card_present,20.2,10.2,0.0,0.0,0,1019,0,0
TXN004613,216.41,8,1,gas,card_present,23.5,6.8,5.0,2.0,0,847,0,0
TXN004614,277.67,8,2,online,online,6.9,16.3,6.0,0.0,0,2421,0,0
TXN004615,66.31,17,3,electronics,card_present,10.4,2.3,4.0,2.0,0,432,0,0
TXN004616,23.15,22,5,online,online,231.6,472.5,7.0,7.0,1,47,1,1
TXN004617,119.08,20,2,electronics,card_present,2.1,8.4,1.0,1.0,0,2924,0,0
TXN004618,60.33,9,4,electronics,card_present,25.2,12.2,1.0,2.0,1,3143,0,0
TXN004619,42.42,6,6,grocery,online,11.1,6.3,4.0,1.0,0,3121,0,0
TXN004620,154.74,14,2,grocery,online,6.5,11.0,4.0,2.0,1,2390,0,0
TXN004621,646.62,23,2,travel,online,222.0,122.3,12.0,9.0,3,39,1,1
TXN004622,71.63,8,4,travel,card_present,5.3,2.8,4.0,1.0,0,602,0,0
TXN004623,7.36,20,3,travel,card_present,16.2,9.7,2.0,1.0,0,3235,0,0
TXN004624,47.12,6,3,online,card_present,14.5,3.1,3.0,0.0,0,3319,1,0
TXN004625,18.26,6,3,grocery,card_present,12.4,10.3,1.0,0.0,0,2297,0,0
TXN004626,1254.02,22,6,online,online,70.5,254.4,9.0,6.0,2,48,0,1
TXN004627,84.89,11,4,electronics,card_present,16.0,6.6,1.0,2.0,1,136,0,0
TXN004628,98.19,11,5,clothing,card_present,15.2,2.5,3.0,1.0,0,663,1,0
TXN004629,90.89,9,1,gas,online,6.8,1.0,3.0,0.0,0,3338,0,0
TXN004630,25.56,18,1,clothing,online,31.4,6.4,4.0,1.0,0,1862,0,0
TXN004631,17.26,10,1,online,online,8.1,9.5,4.0,1.0,0,2210,0,0
TXN004632,96.91,21,2,restaurant,card_present,10.5,9.4,3.0,0.0,0,2693,0,0
TXN004633,42.83,9,0,travel,online,20.0,0.4,4.0,3.0,1,1381,0,0
TXN004634,35.01,9,3,grocery,card_present,17.8,21.0,4.0,0.0,0,2902,1,0
TXN004635,41.98,17,6,clothing,card_present,8.5,4.9,4.0,0.0,0,771,0,0
TXN004636,58.32,12,0,online,online,3.9,5.2,3.0,0.0,0,830,1,0
TXN004637,134.6,10,4,clothing,online,3.5,21.9,4.0,3.0,0,792,0,0
TXN004638,17.23,7,3,gas,online,22.4,10.1,2.0,3.0,0,2134,0,0
TXN004639,2532.64,1,3,online,online,358.8,498.3,7.0,2.0,2,37,1,1
TXN004640,55.65,22,4,electronics,online,6.5,2.7,3.0,2.0,0,134,0,0
TXN004641,65.45,7,1,travel,card_present,4.4,13.3,3.0,2.0,0,391,1,0
TXN004642,76.8,10,5,clothing,contactless,36.9,9.7,3.0,3.0,0,3347,0,0
TXN004643,9.08,20,0,gas,card_present,11.3,17.8,6.0,0.0,1,1066,0,0
TXN004644,25.67,12,0,clothing,online,25.6,7.4,2.0,3.0,0,1125,0,0
TXN004645,45.42,7,4,grocery,card_present,9.5,18.0,3.0,2.0,0,2378,0,0
TXN004646,34.48,9,4,online,online,13.1,0.4,2.0,0.0,0,2577,0,0
TXN004647,11.2,14,4,restaurant,online,2.3,3.1,3.0,2.0,0,1513,1,0
TXN004648,191.67,21,5,restaurant,online,21.7,3.1,3.0,3.0,0,1189,0,0
TXN004649,201.58,4,6,jewelry,card_present,10.2,363.4,4.0,6.0,5,2,1,1
TXN004650,104.41,10,2,restaurant,card_present,5.4,16.4,4.0,2.0,1,2629,0,0
TXN004651,84.92,17,6,online,contactless,27.1,14.0,7.0,1.0,0,3373,0,0
TXN004652,56.43,16,5,grocery,card_present,42.6,11.8,3.0,0.0,0,2029,0,0
TXN004653,73.8,12,2,electronics,contactless,18.4,9.1,0.0,3.0,0,3349,0,0
TXN004654,57.36,20,3,gas,card_present,27.9,11.0,3.0,1.0,0,3576,1,0
TXN004655,200.86,11,4,travel,online,10.3,3.9,3.0,0.0,0,2270,1,0
TXN004656,138.14,9,0,online,card_present,14.4,12.7,4.0,0.0,0,2589,1,0
TXN004657,281.21,13,0,grocery,online,14.6,12.4,2.0,1.0,0,51,0,0
TXN004658,47.95,22,6,clothing,card_present,14.9,16.9,6.0,1.0,0,2253,1,0
TXN004659,59.37,22,6,restaurant,card_present,7.7,7.3,4.0,2.0,1,1399,0,0
TXN004660,34.37,20,1,online,contactless,8.6,11.1,2.0,2.0,0,2270,0,0
TXN004661,262.34,8,1,electronics,card_present,12.2,1.4,3.0,0.0,0,2645,0,0
TXN004662,142.3,21,1,restaurant,online,7.0,1.1,5.0,0.0,0,3635,0,0
TXN004663,14.4,20,2,restaurant,card_present,16.4,3.5,2.0,2.0,1,2069,0,0
TXN004664,32.32,11,3,grocery,card_present,8.9,14.5,5.0,0.0,0,2290,0,0
TXN004665,98.33,20,2,restaurant,online,13.2,1.1,5.0,1.0,0,2584,0,0
TXN004666,11.03,18,3,grocery,card_present,11.5,21.7,2.0,2.0,0,1157,0,0
TXN004667,77.67,12,1,clothing,card_present,5.1,1.7,1.0,2.0,0,1005,1,0
TXN004668,17.21,20,5,restaurant,contactless,4.7,2.3,5.0,0.0,0,1822,0,0
TXN004669,31.56,10,3,travel,card_present,4.2,0.3,2.0,2.0,1,523,0,0
TXN004670,48.02,6,0,online,card_present,8.8,5.3,6.0,0.0,1,241,0,0
TXN004671,203.89,10,5,clothing,card_present,2.0,6.7,6.0,0.0,1,379,0,0
TXN004672,37.02,17,1,online,card_present,1.6,12.3,3.0,0.0,0,818,0,0
TXN004673,20.01,10,4,electronics,contactless,9.9,15.0,6.0,0.0,0,439,0,0
TXN004674,20.37,7,5,restaurant,card_present,20.9,10.4,1.0,2.0,0,3364,0,0
TXN004675,36.06,8,5,electronics,card_present,6.0,20.0,2.0,0.0,0,2907,0,0
TXN004676,90.94,15,5,online,online,18.0,3.8,3.0,1.0,1,3113,0,0
TXN004677,36.84,14,2,online,card_present,11.3,14.2,7.0,2.0,0,296,0,0
TXN004678,42.57,6,0,online,online,21.1,7.6,1.0,1.0,1,424,0,0
TXN004679,131.4,5,2,travel,online,249.2,219.2,9.0,6.0,2,37,1,1
TXN004680,53.3,16,0,restaurant,card_present,13.2,13.3,2.0,0.0,0,3558,1,0
TXN004681,21.37,20,2,online,card_present,7.9,3.8,4.0,2.0,0,1017,0,0
TXN004682,22.14,13,3,clothing,online,21.9,4.6,1.0,1.0,0,887,1,0
TXN004683,18.22,7,5,online,online,12.0,13.2,1.0,2.0,0,2399,0,0
TXN004684,498.04,6,4,online,card_present,18.9,22.7,3.0,1.0,0,1425,0,0
TXN004685,456.94,9,2,grocery,card_present,3.0,7.2,4.0,1.0,0,905,0,0
TXN004686,137.64,22,1,electronics,contactless,7.1,29.2,4.0,1.0,0,2672,0,0
TXN004687,2.7,7,5,restaurant,online,10.4,0.8,4.0,0.0,1,844,0,0
TXN004688,80.7,11,3,electronics,online,19.4,7.4,2.0,2.0,0,214,1,0
TXN004689,31.22,22,2,restaurant,card_present,0.3,7.5,6.0,0.0,1,963,0,0
TXN004690,144.56,22,0,online,card_present,0.4,5.6,2.0,1.0,0,526,1,0
TXN004691,34.37,18,0,travel,online,13.6,1.9,2.0,0.0,0,822,0,0
TXN004692,206.26,6,0,travel,card_present,5.6,1.3,1.0,0.0,0,3094,0,0
TXN004693,66.72,22,5,grocery,card_present,18.5,12.7,2.0,0.0,0,2583,0,0
TXN004694,88.92,12,1,online,card_present,13.9,25.3,2.0,1.0,0,959,1,0
TXN004695,240.84,11,4,online,card_present,9.4,13.8,3.0,2.0,0,1153,0,0
TXN004696,15.81,8,4,grocery,contactless,18.8,10.2,3.0,1.0,1,2183,0,0
TXN004697,94.21,4,0,travel,card_present,184.8,124.2,4.0,4.0,5,54,1,1
TXN004698,211.79,11,3,grocery,online,14.6,6.6,2.0,2.0,1,1907,0,0
TXN004699,65.68,6,4,restaurant,online,33.0,12.9,1.0,2.0,0,764,0,0
TXN004700,34.32,11,0,online,card_present,4.1,26.7,1.0,0.0,0,108,1,0
TXN004701,3.64,6,2,electronics,card_present,10.5,7.9,6.0,2.0,0,1809,0,0
TXN004702,73.33,22,1,grocery,card_present,37.5,14.5,1.0,0.0,0,366,0,0
TXN004703,103.7,17,0,gas,contactless,6.7,7.9,1.0,0.0,1,462,0,0
TXN004704,33.83,20,6,online,contactless,6.6,13.5,3.0,2.0,1,2445,0,0
TXN004705,173.47,20,0,online,contactless,3.0,1.8,5.0,0.0,0,3476,0,0
TXN004706,15.87,11,4,grocery,card_present,26.9,15.7,2.0,4.0,1,1105,0,0
TXN004707,6.45,6,0,gas,online,1.5,3.0,3.0,1.0,0,2707,0,0
TXN004708,71.06,16,2,electronics,card_present,0.1,1.9,2.0,0.0,0,658,0,0
TXN004709,20.49,19,2,gas,card_present,40.1,8.3,2.0,2.0,0,2756,0,0
TXN004710,53.41,6,6,online,card_present,28.1,6.7,3.0,2.0,1,403,0,0
TXN004711,57.04,18,5,online,online,5.6,28.8,3.0,3.0,1,2028,0,0
TXN004712,31.61,9,2,electronics,online,26.5,19.7,3.0,0.0,0,2161,0,0
TXN004713,15.13,6,2,online,card_present,19.0,11.5,5.0,1.0,0,3444,0,0
TXN004714,166.02,17,1,gas,contactless,1.4,0.6,5.0,1.0,0,937,0,0
TXN004715,8.65,6,2,gas,card_present,23.1,11.1,4.0,0.0,0,2240,0,0
TXN004716,98.84,18,0,travel,online,3.2,4.5,3.0,0.0,0,2456,0,0
TXN004717,73.73,15,6,restaurant,card_present,31.0,2.3,2.0,3.0,0,2291,0,0
TXN004718,117.2,11,3,gas,card_present,2.6,9.2,3.0,2.0,0,149,0,0
TXN004719,123.13,22,2,gas,contactless,14.5,2.9,3.0,0.0,0,1096,0,0
TXN004720,221.24,20,1,travel,card_present,20.3,15.3,5.0,0.0,0,3126,0,0
TXN004721,72.06,17,2,grocery,online,18.1,7.3,1.0,1.0,0,636,1,0
TXN004722,17.56,16,4,electronics,card_present,0.6,11.3,3.0,0.0,0,1978,0,0
TXN004723,20.21,22,1,clothing,card_present,3.2,8.4,4.0,0.0,1,928,0,0
TXN004724,138.12,10,3,restaurant,card_present,2.0,29.9,3.0,0.0,1,2249,0,0
TXN004725,28.59,12,0,gas,contactless,12.1,16.9,4.0,0.0,0,547,0,0
TXN004726,33.12,17,6,online,card_present,10.4,15.2,1.0,0.0,1,576,0,0
TXN004727,45.0,10,4,travel,online,14.0,7.0,2.0,0.0,0,532,0,0
TXN004728,32.75,18,5,online,online,23.1,14.5,2.0,0.0,0,1578,1,0
TXN004729,102.17,15,5,grocery,card_present,27.8,20.3,1.0,2.0,0,1086,1,0
TXN004730,65.92,12,6,grocery,card_present,11.5,5.4,1.0,1.0,0,2098,0,0
TXN004731,138.74,7,0,grocery,online,13.9,11.4,2.0,0.0,0,1921,1,0
TXN004732,28.86,9,0,electronics,card_present,24.5,2.1,3.0,0.0,0,2280,1,0
TXN004733,95.22,17,4,grocery,card_present,7.1,18.2,7.0,2.0,0,560,0,0
TXN004734,9.31,12,3,restaurant,contactless,25.5,6.1,1.0,1.0,0,2475,1,0
TXN004735,297.81,13,4,restaurant,card_present,37.6,3.8,4.0,1.0,1,1909,0,0
TXN004736,550.83,23,0,travel,online,311.5,163.6,11.0,7.0,1,10,0,1
TXN004737,12.91,7,6,gas,online,7.1,2.6,1.0,0.0,0,3145,1,0
TXN004738,37.42,21,1,grocery,online,8.6,0.9,2.0,1.0,1,3470,0,0
TXN004739,118.53,21,1,grocery,online,9.7,11.0,5.0,0.0,0,1041,0,0
TXN004740,129.53,7,3,online,contactless,2.1,8.3,2.0,0.0,0,3595,0,0
TXN004741,25.06,13,4,clothing,contactless,3.4,9.8,5.0,1.0,0,706,0,0
TXN004742,47.74,14,2,electronics,online,24.4,4.7,4.0,2.0,0,2663,0,0
TXN004743,18.94,17,6,clothing,card_present,11.5,11.7,3.0,1.0,1,1164,0,0
TXN004744,74.37,10,2,electronics,card_present,10.6,12.2,2.0,2.0,0,1078,0,0
TXN004745,26.17,9,6,grocery,card_present,20.0,9.2,4.0,0.0,0,1905,1,0
TXN004746,88.43,11,4,gas,card_present,24.4,9.0,2.0,1.0,0,2025,0,0
TXN004747,7.63,8,3,gas,online,17.5,28.9,4.0,1.0,0,63,0,0
TXN004748,35.16,10,3,grocery,online,16.4,3.4,2.0,0.0,0,3308,0,0
TXN004749,457.04,6,0,electronics,online,39.4,2.4,6.0,1.0,0,3430,0,0
TXN004750,56.49,18,4,online,card_present,6.4,20.3,1.0,1.0,0,1865,0,0
TXN004751,2.85,18,3,gas,online,7.2,6.3,1.0,1.0,0,1009,0,0
TXN004752,1010.47,13,1,online,online,6.8,7.9,3.0,1.0,1,3328,0,0
TXN004753,57.88,13,1,electronics,contactless,8.4,4.6,1.0,1.0,0,3299,0,0
TXN004754,127.12,13,5,clothing,online,2.1,2.0,2.0,1.0,0,2279,0,0
TXN004755,38.05,14,2,online,online,10.7,15.9,2.0,1.0,0,1208,1,0
TXN004756,23.19,17,1,travel,online,11.4,10.1,2.0,2.0,0,1739,0,0
TXN004757,128.78,17,3,electronics,contactless,13.1,17.0,6.0,5.0,0,108,1,0
TXN004758,24.1,7,6,clothing,card_present,4.5,10.4,1.0,0.0,0,64,0,0
TXN004759,29.07,10,6,gas,online,3.1,13.1,3.0,0.0,0,2453,1,0
TXN004760,249.62,19,1,grocery,contactless,6.8,1.3,1.0,0.0,0,3426,0,0
TXN004761,37.43,7,6,online,card_present,16.4,6.6,1.0,0.0,0,3044,1,0
TXN004762,26.57,16,5,travel,contactless,22.7,6.6,2.0,1.0,0,2353,0,0
TXN004763,232.05,18,6,online,contactless,22.7,11.6,5.0,1.0,1,1242,1,0
TXN004764,67.33,16,5,restaurant,online,19.3,21.8,6.0,1.0,0,3119,1,0
TXN004765,54.47,19,4,grocery,card_present,1.2,5.5,4.0,1.0,0,2296,0,0
TXN004766,314.9,20,2,grocery,online,8.3,4.5,7.0,2.0,0,601,0,0
TXN004767,13.4,14,1,gas,online,3.9,7.3,2.0,0.0,0,2582,0,0
TXN004768,49.98,19,0,travel,online,33.9,8.5,4.0,1.0,0,2977,1,0
TXN004769,59.12,18,1,restaurant,online,4.7,2.8,2.0,2.0,0,3413,0,0
TXN004770,40.54,16,1,restaurant,card_present,10.0,30.3,2.0,1.0,0,2608,0,0
TXN004771,111.69,16,1,grocery,online,7.6,0.6,1.0,1.0,0,1555,0,0
TXN004772,300.24,16,3,gas,online,30.1,5.5,2.0,0.0,0,1527,0,0
TXN004773,53.33,9,4,electronics,contactless,0.1,12.7,4.0,2.0,0,1095,0,0
TXN004774,49.1,6,6,grocery,card_present,7.4,1.9,2.0,2.0,0,2943,1,0
TXN004775,38.7,19,1,grocery,card_present,4.0,6.6,1.0,1.0,0,723,0,0
TXN004776,220.93,9,6,restaurant,card_present,5.2,15.8,7.0,1.0,0,191,0,0
TXN004777,1522.43,0,0,jewelry,online,282.5,172.2,6.0,5.0,5,25,1,1
TXN004778,46.2,19,5,travel,card_present,17.8,15.8,3.0,3.0,1,1300,1,0
TXN004779,11.44,11,2,gas,card_present,2.7,0.4,5.0,0.0,0,1602,0,0
TXN004780,8.76,22,6,clothing,card_present,10.4,8.0,6.0,1.0,1,172,0,0
TXN004781,62.93,17,0,clothing,card_present,29.3,18.3,3.0,1.0,0,2820,0,0
TXN004782,29.79,10,2,grocery,card_present,0.8,3.0,1.0,0.0,0,2464,0,0
TXN004783,56.53,17,3,electronics,card_present,8.2,8.0,7.0,1.0,0,1253,0,0
TXN004784,37.02,22,6,restaurant,contactless,10.8,6.0,3.0,1.0,1,1021,1,0
TXN004785,82.75,20,3,gas,online,12.2,10.6,4.0,0.0,0,684,0,0
TXN004786,12.87,15,0,online,card_present,10.7,5.6,1.0,1.0,0,3264,0,0
TXN004787,361.56,15,1,grocery,online,1.8,1.6,3.0,2.0,0,206,0,0
TXN004788,7.57,22,5,restaurant,online,5.4,7.9,1.0,3.0,0,710,0,0
TXN004789,124.02,19,1,grocery,online,13.8,15.4,1.0,1.0,0,1104,0,0
TXN004790,23.38,20,5,travel,card_present,1.1,8.8,3.0,1.0,0,243,0,0
TXN004791,67.05,18,4,electronics,contactless,2.9,12.9,1.0,3.0,0,2861,0,0
TXN004792,43.0,7,5,restaurant,card_present,16.6,20.5,3.0,3.0,0,2107,0,0
TXN004793,38.63,12,6,restaurant,contactless,29.4,2.8,5.0,0.0,0,1647,1,0
TXN004794,69.93,18,1,grocery,online,14.0,7.8,4.0,0.0,0,937,0,0
TXN004795,49.72,23,1,jewelry,online,274.1,88.4,8.0,7.0,1,20,1,1
TXN004796,73.78,6,0,clothing,card_present,4.1,3.3,3.0,2.0,0,1677,1,0
TXN004797,65.49,15,5,restaurant,card_present,14.9,20.8,3.0,0.0,0,2756,0,0
TXN004798,68.82,7,2,electronics,card_present,23.6,11.2,4.0,0.0,0,1353,0,0
TXN004799,132.62,13,4,travel,card_present,14.2,9.0,4.0,3.0,0,213,0,0
TXN004800,95.42,15,0,grocery,card_present,4.1,3.7,6.0,0.0,0,280,0,0
TXN004801,265.63,19,0,clothing,online,3.1,6.4,2.0,1.0,0,3499,1,0
TXN004802,43.92,11,6,restaurant,online,19.7,14.0,2.0,0.0,0,482,0,0
TXN004803,168.64,20,3,gas,card_present,10.4,6.8,4.0,0.0,0,393,0,0
TXN004804,27.16,21,2,clothing,online,3.2,8.3,1.0,4.0,0,1222,0,0
TXN004805,36.62,9,0,travel,card_present,27.5,9.8,5.0,2.0,0,1902,0,0
TXN004806,106.94,16,4,online,card_present,16.9,6.7,5.0,1.0,0,2313,0,0
TXN004807,23.19,16,0,travel,card_present,22.7,8.0,7.0,1.0,0,1499,0,0
TXN004808,20.4,16,2,travel,card_present,8.8,2.2,3.0,2.0,0,1000,0,0
TXN004809,16.91,10,3,grocery,card_present,32.7,4.8,2.0,0.0,1,2745,0,0
TXN004810,155.95,6,5,restaurant,online,1.7,2.4,2.0,1.0,0,3353,0,0
TXN004811,489.53,11,6,online,contactless,28.3,19.6,4.0,0.0,0,3519,0,0
TXN004812,253.01,20,6,grocery,card_present,33.4,6.0,0.0,2.0,0,1308,1,0
TXN004813,57.22,9,5,restaurant,contactless,6.8,3.5,4.0,4.0,0,3120,0,0
TXN004814,24.96,20,6,electronics,online,4.5,2.4,0.0,1.0,0,3131,0,0
TXN004815,98.24,21,3,clothing,online,35.9,9.1,2.0,1.0,0,2778,0,0
TXN004816,54.41,4,3,travel,card_present,297.9,83.9,9.0,3.0,2,10,1,1
TXN004817,13.26,14,3,online,card_present,5.5,16.7,3.0,0.0,0,1791,0,0
TXN004818,25.08,10,1,travel,card_present,16.1,9.3,0.0,1.0,0,927,0,0
TXN004819,12.22,15,5,gas,card_present,7.6,1.1,0.0,0.0,0,2732,1,0
TXN004820,66.74,20,1,clothing,online,22.6,12.3,6.0,2.0,0,2933,0,0
TXN004821,60.16,17,6,gas,card_present,8.2,2.0,4.0,1.0,1,1819,0,0
TXN004822,85.37,18,4,gas,contactless,10.4,16.7,3.0,1.0,1,2177,0,0
TXN004823,89.25,7,3,online,card_present,7.6,1.9,2.0,0.0,0,986,1,0
TXN004824,275.08,20,1,restaurant,contactless,24.2,9.4,2.0,2.0,0,1003,0,0
TXN004825,90.97,9,0,online,card_present,28.8,0.5,4.0,1.0,0,2468,0,0
TXN004826,20.2,13,1,electronics,online,0.0,7.0,2.0,1.0,0,2916,0,0
TXN004827,43.4,6,1,clothing,card_present,11.8,2.6,3.0,0.0,0,182,1,0
TXN004828,354.63,13,3,electronics,card_present,46.7,13.0,3.0,2.0,0,1847,1,0
TXN004829,52.05,17,2,electronics,contactless,13.4,8.4,7.0,2.0,0,701,0,0
TXN004830,396.88,21,0,travel,card_present,1.1,22.3,0.0,1.0,0,2364,0,0
TXN004831,288.07,2,0,jewelry,online,372.3,177.8,9.0,3.0,5,27,1,1
TXN004832,70.26,16,3,electronics,card_present,16.2,13.6,1.0,2.0,1,1049,0,0
TXN004833,112.44,21,0,grocery,online,15.2,4.4,2.0,0.0,0,1691,0,0
TXN004834,113.93,7,4,restaurant,contactless,0.1,15.2,5.0,0.0,0,39,1,0
TXN004835,34.42,13,3,grocery,online,9.9,18.9,2.0,2.0,1,1463,0,0
TXN004836,46.33,14,0,restaurant,contactless,11.7,3.5,3.0,2.0,0,2987,0,0
TXN004837,5.55,22,6,clothing,card_present,30.8,1.5,2.0,1.0,1,902,1,0
TXN004838,12.45,19,1,online,online,17.1,6.6,2.0,0.0,0,3527,0,0
TXN004839,48.14,7,4,grocery,online,14.6,14.9,1.0,0.0,0,2846,1,0
TXN004840,39.93,13,4,restaurant,card_present,16.6,12.1,2.0,1.0,0,1856,0,0
TXN004841,27.56,7,2,clothing,card_present,13.4,0.4,4.0,2.0,0,1562,0,0
TXN004842,70.07,18,2,restaurant,contactless,0.2,2.8,3.0,1.0,0,2261,0,0
TXN004843,34.29,13,6,grocery,card_present,10.2,2.6,4.0,0.0,1,1553,1,0
TXN004844,7781.24,3,5,jewelry,card_present,362.6,401.2,6.0,8.0,3,17,1,1
TXN004845,187.93,18,0,grocery,card_present,12.2,8.2,3.0,0.0,0,2341,0,0
TXN004846,60.32,14,1,travel,contactless,0.7,18.3,5.0,0.0,0,2153,0,0
TXN004847,88.29,6,0,online,contactless,49.8,13.5,2.0,1.0,0,3622,1,0
TXN004848,48.41,12,6,restaurant,card_present,4.4,7.4,3.0,0.0,0,769,0,0
TXN004849,13.25,20,1,online,contactless,31.7,2.0,5.0,1.0,0,842,1,0
TXN004850,16.79,14,4,electronics,contactless,7.7,6.3,1.0,0.0,0,758,0,0
TXN004851,95.2,12,5,online,card_present,7.8,10.2,1.0,1.0,0,395,0,0
TXN004852,67.17,14,5,electronics,card_present,16.1,9.5,2.0,1.0,0,2071,0,0
TXN004853,108.63,21,2,online,online,17.2,5.2,4.0,2.0,0,2488,0,0
TXN004854,152.27,12,2,travel,contactless,24.9,3.7,0.0,3.0,0,577,0,0
TXN004855,34.33,19,1,online,online,20.3,15.8,4.0,4.0,0,2177,0,0
TXN004856,20.44,11,2,grocery,online,6.4,23.1,4.0,2.0,0,701,0,0
TXN004857,163.07,19,4,online,contactless,14.3,17.4,2.0,1.0,0,3149,0,0
TXN004858,473.06,1,6,electronics,online,303.5,583.0,10.0,4.0,4,57,1,1
TXN004859,88.15,18,4,restaurant,card_present,22.7,11.6,2.0,0.0,0,2045,1,0
TXN004860,140.83,19,5,online,online,10.8,12.7,4.0,0.0,0,2383,0,0
TXN004861,204.84,0,2,online,card_present,97.5,523.4,10.0,5.0,1,21,1,1
TXN004862,490.89,8,1,gas,card_present,13.2,1.4,2.0,0.0,0,1621,1,0
TXN004863,76.27,19,1,electronics,online,19.4,0.3,2.0,0.0,1,1173,0,0
TXN004864,72.17,11,3,online,card_present,3.1,4.6,2.0,2.0,1,481,0,0
TXN004865,22.23,14,2,grocery,online,24.0,4.6,1.0,3.0,1,1952,0,0
TXN004866,221.29,10,3,electronics,contactless,2.4,13.4,1.0,0.0,0,3199,0,0
TXN004867,180.77,12,4,online,contactless,13.9,0.8,2.0,1.0,0,1389,0,0
TXN004868,404.34,22,0,jewelry,online,243.0,158.9,13.0,11.0,4,9,0,1
TXN004869,39.79,19,5,clothing,card_present,20.4,14.5,4.0,2.0,0,3512,0,0
TXN004870,87.05,17,6,travel,contactless,4.6,0.6,2.0,2.0,0,1374,0,0
TXN004871,96.85,12,1,online,contactless,34.6,5.8,5.0,1.0,0,3397,0,0
TXN004872,181.35,14,4,travel,online,7.0,7.2,1.0,0.0,1,3166,0,0
TXN004873,86.33,12,4,electronics,online,32.5,12.9,4.0,0.0,0,255,0,0
TXN004874,88.45,17,5,grocery,online,11.9,0.6,3.0,0.0,0,649,1,0
TXN004875,24.39,11,1,clothing,card_present,9.6,10.1,3.0,2.0,0,2817,0,0
TXN004876,92.2,12,0,travel,online,16.8,13.6,0.0,2.0,0,3225,0,0
TXN004877,53.56,14,3,clothing,card_present,3.6,12.6,2.0,0.0,0,492,0,0
TXN004878,69.53,23,6,online,card_present,120.1,258.1,8.0,2.0,5,21,1,1
TXN004879,22.56,12,2,electronics,contactless,13.7,5.9,4.0,2.0,0,2930,0,0
TXN004880,441.9,16,5,travel,card_present,14.6,20.9,3.0,5.0,0,1569,0,0
TXN004881,15.97,14,2,restaurant,card_present,13.3,2.1,6.0,2.0,1,2302,0,0
TXN004882,156.14,18,4,electronics,card_present,2.2,10.7,4.0,0.0,0,1288,0,0
TXN004883,18.32,8,4,restaurant,online,4.6,9.6,4.0,1.0,0,1348,0,0
TXN004884,41.89,7,1,online,contactless,19.5,22.9,3.0,0.0,1,326,1,0
TXN004885,40.74,17,4,travel,online,35.2,11.6,1.0,1.0,0,370,0,0
TXN004886,72.64,10,4,online,online,16.2,7.3,6.0,1.0,0,2898,0,0
TXN004887,48.11,17,0,grocery,card_present,7.3,8.1,2.0,0.0,0,3336,0,0
TXN004888,7.38,20,1,online,card_present,36.3,12.2,3.0,1.0,0,1309,1,0
TXN004889,1840.91,1,3,electronics,online,537.5,975.2,8.0,9.0,4,19,1,1
TXN004890,125.65,13,4,grocery,card_present,10.3,8.3,1.0,0.0,1,806,0,0
TXN004891,12.59,14,1,electronics,contactless,13.8,2.5,3.0,2.0,0,1039,1,0
TXN004892,203.21,18,5,clothing,card_present,3.5,12.4,1.0,0.0,1,153,0,0
TXN004893,43.05,9,1,grocery,contactless,9.9,3.0,2.0,0.0,1,3490,0,0
TXN004894,1108.87,0,5,jewelry,online,322.2,229.6,8.0,7.0,3,17,1,1
TXN004895,19.62,9,5,online,card_present,25.2,3.6,4.0,2.0,1,948,0,0
TXN004896,40.93,12,0,travel,card_present,13.6,4.9,4.0,2.0,0,2285,0,0
TXN004897,5.74,15,6,travel,card_present,32.4,8.1,2.0,0.0,1,1985,0,0
TXN004898,1284.05,16,3,clothing,online,8.9,6.1,3.0,0.0,0,429,0,0
TXN004899,1.37,15,0,clothing,contactless,37.5,19.1,3.0,1.0,1,67,0,0
TXN004900,59.41,10,4,restaurant,online,13.5,12.7,3.0,2.0,0,3189,1,0
TXN004901,332.15,18,3,clothing,online,16.9,13.5,8.0,2.0,0,2538,0,0
TXN004902,81.11,21,1,grocery,card_present,3.4,10.6,2.0,1.0,0,2804,0,0
TXN004903,156.65,8,3,travel,card_present,25.7,4.3,0.0,0.0,0,3010,0,0
TXN004904,659.96,21,5,travel,card_present,20.2,18.7,3.0,2.0,0,3591,0,0
TXN004905,45.94,15,2,grocery,card_present,47.4,7.5,2.0,0.0,0,1209,0,0
TXN004906,174.72,19,0,gas,card_present,5.4,2.5,4.0,0.0,1,3381,0,0
TXN004907,32.33,11,4,online,card_present,31.5,4.7,2.0,1.0,0,246,0,0
TXN004908,80.17,11,6,electronics,card_present,12.2,14.1,3.0,0.0,0,3608,1,0
TXN004909,267.32,21,0,online,card_present,0.1,18.5,3.0,2.0,0,1784,0,0
TXN004910,590.94,20,6,restaurant,online,20.4,9.8,3.0,1.0,1,1257,0,0
TXN004911,613.44,23,5,online,online,110.6,120.5,11.0,4.0,2,57,1,1
TXN004912,152.98,15,0,gas,card_present,28.8,6.0,5.0,1.0,0,2577,0,0
TXN004913,4.76,19,2,electronics,contactless,13.5,1.7,1.0,0.0,0,939,0,0
TXN004914,36.45,22,2,clothing,contactless,7.4,19.3,3.0,0.0,0,2182,1,0
TXN004915,87.23,17,3,gas,online,18.7,10.3,2.0,1.0,0,2827,0,0
TXN004916,28.42,16,3,clothing,card_present,40.0,8.8,2.0,0.0,0,3639,0,0
TXN004917,184.99,21,6,grocery,card_present,4.1,23.2,3.0,1.0,0,1056,0,0
TXN004918,8.68,9,6,grocery,contactless,38.2,15.9,2.0,2.0,0,502,1,0
TXN004919,73.21,19,2,online,online,23.2,16.1,7.0,0.0,0,3048,0,0
TXN004920,5.94,18,4,gas,contactless,20.1,23.6,2.0,1.0,0,443,0,0
TXN004921,15.81,21,2,grocery,contactless,4.8,0.8,0.0,3.0,0,2835,0,0
TXN004922,30.28,22,3,electronics,card_present,15.3,1.7,2.0,0.0,0,2023,1,0
TXN004923,131.2,21,4,travel,online,18.6,14.6,3.0,1.0,0,2822,0,0
TXN004924,52.52,7,2,grocery,card_present,34.4,14.1,3.0,0.0,0,909,1,0
TXN004925,16.77,21,3,online,card_present,1.2,1.1,3.0,1.0,1,2316,1,0
TXN004926,30.2,22,1,clothing,card_present,1.9,18.4,0.0,2.0,1,1416,0,0
TXN004927,108.25,16,3,restaurant,online,3.2,10.5,3.0,2.0,1,1472,0,0
TXN004928,173.05,7,0,online,online,9.1,5.3,3.0,1.0,0,320,0,0
TXN004929,30.62,15,3,restaurant,card_present,9.3,0.4,0.0,0.0,0,130,1,0
TXN004930,41.99,14,3,online,card_present,3.4,5.8,2.0,3.0,0,1886,0,0
TXN004931,66.0,6,2,gas,card_present,19.2,6.9,10.0,0.0,0,1990,0,0
TXN004932,82.13,6,5,gas,online,6.7,17.4,2.0,0.0,0,816,1,0
TXN004933,80.61,13,2,online,card_present,34.3,25.7,3.0,1.0,0,640,1,0
TXN004934,19.37,20,0,restaurant,contactless,22.9,2.4,1.0,1.0,1,1755,0,0
TXN004935,21.96,19,0,grocery,card_present,43.7,12.1,2.0,1.0,0,2597,0,0
TXN004936,99.21,17,1,online,card_present,6.6,5.7,6.0,0.0,1,204,0,0
TXN004937,32.04,13,4,gas,contactless,5.5,4.3,2.0,0.0,0,3119,0,0
TXN004938,20.0,17,6,electronics,contactless,9.4,24.0,6.0,2.0,1,1588,1,0
TXN004939,16.29,18,2,restaurant,card_present,11.0,12.8,1.0,1.0,0,1549,1,0
TXN004940,19.57,19,2,gas,online,15.6,6.5,2.0,3.0,0,107,0,0
TXN004941,141.11,13,0,travel,card_present,8.0,12.5,5.0,1.0,0,3053,0,0
TXN004942,98.17,17,5,restaurant,online,30.2,15.9,2.0,2.0,0,2489,0,0
TXN004943,74.77,22,1,restaurant,online,7.3,4.9,3.0,1.0,1,2746,0,0
TXN004944,38.17,18,1,electronics,online,18.1,13.2,4.0,2.0,0,2188,0,0
TXN004945,317.73,20,4,clothing,card_present,0.1,3.1,4.0,0.0,0,2666,0,0
TXN004946,46.05,17,4,gas,online,10.6,6.2,2.0,0.0,1,2557,0,0
TXN004947,71.32,17,3,grocery,contactless,8.8,13.0,1.0,3.0,0,329,0,0
TXN004948,31.0,13,1,grocery,card_present,6.6,18.7,2.0,0.0,0,1466,0,0
TXN004949,267.45,14,3,gas,card_present,17.6,7.9,0.0,0.0,0,2681,0,0
TXN004950,36.15,14,4,grocery,contactless,7.1,18.2,1.0,1.0,0,2556,0,0
TXN004951,2672.63,5,5,online,online,70.2,423.8,8.0,4.0,3,5,1,1
TXN004952,34.0,7,4,online,contactless,3.9,8.6,2.0,2.0,0,2691,0,0
TXN004953,22.17,21,3,online,contactless,10.4,30.2,2.0,2.0,1,3188,0,0
TXN004954,30.04,8,0,gas,card_present,15.8,22.9,2.0,2.0,0,2118,0,0
TXN004955,212.58,6,2,electronics,online,10.1,3.9,3.0,2.0,0,2723,0,0
TXN004956,143.95,14,0,grocery,card_present,12.9,4.3,4.0,2.0,0,1031,0,0
TXN004957,30.29,10,5,electronics,online,3.5,15.7,4.0,1.0,0,623,0,0
TXN004958,19.69,20,0,clothing,card_present,7.2,18.2,1.0,2.0,0,1984,0,0
TXN004959,240.32,16,1,gas,card_present,17.7,12.5,3.0,1.0,0,2451,1,0
TXN004960,83.84,13,1,clothing,card_present,3.3,0.7,2.0,1.0,1,2173,0,0
TXN004961,175.48,7,4,restaurant,card_present,0.1,12.9,5.0,0.0,0,1956,0,0
TXN004962,10.94,11,1,grocery,card_present,30.5,7.2,3.0,0.0,0,3094,1,0
TXN004963,144.23,6,4,restaurant,online,0.6,7.4,4.0,2.0,0,2648,1,0
TXN004964,21.67,21,0,gas,online,9.9,5.4,6.0,0.0,0,743,0,0
TXN004965,179.66,20,2,clothing,card_present,6.9,2.8,3.0,2.0,0,3125,0,0
TXN004966,422.78,20,6,gas,online,21.7,22.4,1.0,3.0,0,356,1,0
TXN004967,51.54,12,1,online,online,4.3,5.9,2.0,0.0,0,326,0,0
TXN004968,47.59,19,0,travel,card_present,21.7,5.4,1.0,1.0,0,442,0,0
TXN004969,45.14,20,2,grocery,online,34.4,4.6,3.0,2.0,0,2275,0,0
TXN004970,245.17,12,6,online,online,12.7,5.1,2.0,1.0,0,1331,0,0
TXN004971,45.74,17,0,clothing,card_present,37.3,4.6,1.0,0.0,0,202,0,0
TXN004972,6.5,12,6,grocery,card_present,36.4,18.4,2.0,1.0,0,1522,1,0
TXN004973,70.06,13,6,grocery,contactless,0.6,12.1,2.0,2.0,0,2268,0,0
TXN004974,9.87,9,1,restaurant,card_present,20.9,15.0,3.0,1.0,0,347,0,0
TXN004975,9.24,16,0,electronics,online,5.2,5.0,7.0,0.0,0,1107,0,0
TXN004976,238.26,5,3,online,online,238.9,375.8,6.0,8.0,4,32,1,1
TXN004977,97.9,20,0,gas,card_present,27.8,0.8,3.0,3.0,0,2625,0,0
TXN004978,3693.6,4,5,electronics,online,98.4,347.4,8.0,4.0,1,25,1,1
TXN004979,42.1,17,0,grocery,online,13.1,8.6,3.0,0.0,0,1218,0,0
TXN004980,4.97,10,1,travel,contactless,6.8,2.5,1.0,2.0,0,2188,0,0
TXN004981,185.13,7,3,clothing,online,1.7,15.1,3.0,5.0,0,3376,1,0
TXN004982,63.25,6,6,electronics,card_present,9.7,14.6,3.0,1.0,0,620,0,0
TXN004983,69.5,16,0,travel,card_present,29.5,14.9,2.0,3.0,0,2337,0,0
TXN004984,179.66,20,0,travel,card_present,10.8,11.3,4.0,0.0,1,1694,0,0
TXN004985,14.84,19,2,gas,card_present,13.2,12.0,5.0,2.0,0,2378,1,0
TXN004986,201.44,16,1,clothing,online,42.3,3.9,2.0,1.0,0,2526,0,0
TXN004987,55.77,22,4,travel,card_present,14.9,5.5,3.0,0.0,0,2344,0,0
TXN004988,120.5,9,3,travel,online,7.9,5.1,3.0,0.0,1,2351,1,0
TXN004989,3.21,8,2,electronics,contactless,3.8,17.0,4.0,6.0,0,1252,0,0
TXN004990,60.98,7,5,clothing,online,3.4,1.6,3.0,1.0,0,491,0,0
TXN004991,36.18,13,6,grocery,online,13.3,9.6,3.0,2.0,1,2530,0,0
TXN004992,23.91,16,2,clothing,online,3.7,9.6,4.0,3.0,0,134,0,0
TXN004993,335.33,5,1,jewelry,online,277.9,373.0,9.0,5.0,5,44,1,1
TXN004994,409.64,15,4,restaurant,card_present,0.5,3.7,0.0,2.0,0,1751,0,0
TXN004995,12.61,7,0,grocery,card_present,9.0,8.8,1.0,0.0,0,852,0,0
TXN004996,13.12,18,1,online,online,21.3,8.2,4.0,0.0,0,389,0,0
TXN004997,66.34,21,0,grocery,online,17.6,8.4,1.0,0.0,0,3386,0,0
TXN004998,23.91,12,3,clothing,contactless,3.1,13.4,4.0,0.0,1,3367,1,0
TXN004999,70.33,10,1,restaurant,card_present,2.2,25.4,3.0,0.0,0,557,0,0
TXN005000,215.35,12,3,clothing,card_present,53.3,11.3,3.0,0.0,0,2870,1,0
TXN005001,86.67,20,0,grocery,card_present,15.7,4.9,3.0,1.0,0,1605,0,0
TXN005002,20.9,8,3,gas,card_present,2.7,9.3,6.0,0.0,0,1033,0,0
TXN005003,29.74,6,4,restaurant,card_present,1.5,0.9,3.0,1.0,0,2495,0,0
TXN005004,31.02,16,2,gas,card_present,11.9,17.7,1.0,1.0,1,2901,0,0
TXN005005,6.65,21,1,clothing,card_present,16.7,9.4,6.0,1.0,0,881,0,0
TXN005006,22.92,18,4,gas,contactless,20.6,3.0,5.0,2.0,0,2621,1,0
TXN005007,48.76,21,2,restaurant,card_present,33.2,16.1,4.0,0.0,0,344,0,0
TXN005008,31.51,19,0,gas,card_present,15.9,2.7,1.0,1.0,0,1509,0,0
TXN005009,39.51,12,3,electronics,card_present,1.1,9.2,0.0,1.0,0,1926,0,0
TXN005010,23.9,19,3,restaurant,contactless,6.2,25.3,1.0,1.0,1,1209,0,0
TXN005011,228.41,6,6,grocery,contactless,38.7,14.7,1.0,2.0,0,1154,0,0
TXN005012,126.56,20,6,restaurant,card_present,9.8,31.6,0.0,1.0,1,2919,0,0
TXN005013,30.22,7,2,travel,online,30.6,0.4,2.0,2.0,1,2846,0,0
TXN005014,98.09,12,1,restaurant,online,22.5,18.4,2.0,1.0,0,2806,0,0
TXN005015,26.62,6,3,online,card_present,4.1,20.1,2.0,0.0,0,2016,0,0
TXN005016,264.96,22,2,electronics,card_present,36.2,2.1,6.0,4.0,0,1650,0,0
TXN005017,759.63,1,4,jewelry,online,104.6,103.3,6.0,8.0,5,16,1,1
TXN005018,23.45,22,0,travel,card_present,7.5,5.7,1.0,0.0,0,2891,0,0
TXN005019,29.71,9,4,electronics,contactless,8.0,19.3,2.0,1.0,1,1163,0,0
TXN005020,65.28,17,6,online,online,17.0,4.5,2.0,1.0,0,732,0,0
TXN005021,10.83,7,3,online,online,14.4,1.8,3.0,2.0,0,824,0,0
TXN005022,79.07,19,4,restaurant,contactless,15.6,1.1,3.0,0.0,0,2103,1,0
TXN005023,40.3,6,1,grocery,online,25.7,11.9,3.0,1.0,1,1018,1,0
TXN005024,254.18,16,0,electronics,online,7.2,5.2,0.0,1.0,0,2117,0,0
TXN005025,4.34,11,4,online,card_present,10.2,20.3,4.0,2.0,0,2319,1,0
TXN005026,35.43,11,4,travel,card_present,0.6,1.2,3.0,0.0,0,2532,0,0
TXN005027,312.58,10,0,restaurant,card_present,7.3,2.1,0.0,0.0,0,3475,0,0
TXN005028,31.68,8,6,travel,online,9.6,1.0,1.0,0.0,0,1954,0,0
TXN005029,20.1,7,3,grocery,card_present,28.3,13.3,4.0,3.0,0,2123,0,0
TXN005030,63.3,12,6,restaurant,card_present,13.8,13.8,3.0,0.0,0,734,0,0
TXN005031,179.68,19,2,clothing,card_present,26.4,15.2,0.0,2.0,1,2766,0,0
TXN005032,15.36,17,3,clothing,online,33.0,2.6,4.0,2.0,0,2647,0,0
TXN005033,28.46,13,3,grocery,online,18.8,18.3,2.0,1.0,0,2351,0,0
TXN005034,82.75,12,6,gas,card_present,7.3,3.1,2.0,1.0,1,504,1,0
TXN005035,41.39,8,0,electronics,card_present,8.1,15.0,5.0,2.0,0,2411,0,0
TXN005036,379.53,19,3,clothing,contactless,26.4,0.7,3.0,1.0,0,1457,0,0
TXN005037,117.71,10,1,online,card_present,15.7,0.0,4.0,1.0,0,2912,0,0
TXN005038,87.05,18,4,travel,online,2.9,10.4,3.0,1.0,1,2829,0,0
TXN005039,196.15,11,4,clothing,card_present,1.0,7.4,5.0,1.0,0,523,0,0
TXN005040,127.34,18,2,online,contactless,22.9,12.1,3.0,0.0,0,1576,0,0
TXN005041,88.65,18,4,grocery,card_present,1.8,8.5,7.0,0.0,0,2774,0,0
TXN005042,60.45,6,4,restaurant,contactless,11.5,0.2,1.0,0.0,1,3038,1,0
TXN005043,274.67,21,4,restaurant,online,15.1,10.6,1.0,2.0,0,1001,1,0
TXN005044,209.08,18,6,gas,online,33.0,0.0,1.0,0.0,0,2045,1,0
TXN005045,99.4,8,2,clothing,contactless,20.6,4.3,4.0,1.0,0,151,0,0
TXN005046,28.85,14,1,restaurant,card_present,5.8,6.3,3.0,3.0,0,1910,1,0
TXN005047,172.31,2,3,jewelry,online,17.6,422.3,6.0,4.0,5,6,1,1
TXN005048,53.35,22,5,grocery,card_present,21.2,4.5,3.0,0.0,1,1937,0,0
TXN005049,37.09,16,3,clothing,card_present,3.7,1.7,2.0,0.0,0,2756,0,0
TXN005050,28.0,20,3,electronics,contactless,7.0,0.6,2.0,0.0,0,1162,0,0
TXN005051,87.64,9,2,gas,contactless,49.4,8.5,1.0,3.0,1,1328,0,0
TXN005052,50.1,19,0,electronics,card_present,13.7,3.8,1.0,1.0,0,1974,0,0
TXN005053,110.85,22,1,restaurant,online,12.9,8.6,1.0,1.0,0,1924,1,0
TXN005054,287.99,22,1,grocery,card_present,4.6,7.4,4.0,1.0,0,1050,0,0
TXN005055,51.14,22,2,restaurant,card_present,14.1,11.5,4.0,2.0,1,1960,0,0
TXN005056,135.17,13,6,online,online,10.9,6.0,1.0,0.0,0,2566,0,0
TXN005057,24.44,7,1,grocery,card_present,22.4,5.3,5.0,4.0,0,1658,0,0
TXN005058,66.36,19,2,travel,online,12.7,6.8,4.0,2.0,0,3133,0,0
TXN005059,49.81,22,0,gas,card_present,5.1,11.4,4.0,0.0,0,1422,0,0
TXN005060,78.78,9,0,travel,card_present,6.6,1.5,4.0,1.0,1,2089,0,0
TXN005061,64.49,13,3,restaurant,card_present,10.0,16.0,5.0,4.0,0,1068,0,0
TXN005062,12.15,22,6,grocery,online,33.6,5.9,2.0,0.0,0,2567,0,0
TXN005063,93.16,8,5,restaurant,card_present,20.7,1.8,3.0,2.0,0,1908,0,0
TXN005064,314.06,8,3,electronics,contactless,4.7,0.3,2.0,0.0,0,941,0,0
TXN005065,159.27,16,3,online,online,23.5,3.7,1.0,1.0,0,1378,0,0
TXN005066,95.29,12,4,clothing,contactless,1.3,1.8,2.0,2.0,0,372,0,0
TXN005067,34.68,20,2,grocery,online,10.4,17.2,1.0,2.0,0,789,1,0
TXN005068,45.78,17,1,travel,online,14.9,1.7,2.0,1.0,0,2760,0,0
TXN005069,59.25,20,1,electronics,card_present,20.4,4.3,7.0,1.0,0,3601,0,0
TXN005070,239.38,8,2,travel,contactless,11.6,20.9,3.0,3.0,0,79,0,0
TXN005071,9.97,15,5,grocery,card_present,26.6,3.6,3.0,0.0,0,219,1,0
TXN005072,272.48,9,0,grocery,online,21.2,8.6,0.0,2.0,1,236,0,0
TXN005073,62.86,7,1,online,online,5.8,13.0,3.0,2.0,0,1797,0,0
TXN005074,85.96,9,1,electronics,card_present,10.2,0.5,3.0,1.0,0,1858,0,0
TXN005075,43.56,14,5,restaurant,contactless,5.1,7.0,2.0,4.0,1,2678,0,0
TXN005076,158.04,8,2,grocery,card_present,0.1,9.5,3.0,2.0,0,3197,0,0
TXN005077,26.39,10,1,gas,card_present,7.9,7.9,2.0,0.0,0,2499,0,0
TXN005078,110.51,2,1,online,card_present,352.0,579.2,3.0,7.0,4,37,0,1
TXN005079,68.77,14,2,online,online,32.2,13.4,2.0,1.0,0,3468,0,0
TXN005080,288.22,17,5,online,card_present,5.9,1.1,2.0,0.0,0,1505,0,0
TXN005081,52.13,12,6,online,card_present,20.6,12.7,4.0,1.0,0,866,0,0
TXN005082,11385.98,23,0,electronics,online,90.9,163.1,6.0,6.0,5,31,0,1
TXN005083,99.74,14,0,electronics,online,16.1,3.3,4.0,0.0,0,906,0,0
TXN005084,149.37,16,3,clothing,online,43.6,1.1,1.0,2.0,0,2984,0,0
TXN005085,28.88,20,0,restaurant,contactless,0.7,6.0,6.0,0.0,0,1958,0,0
TXN005086,39.22,6,4,clothing,card_present,10.3,3.4,5.0,3.0,0,3042,0,0
TXN005087,132.96,17,2,grocery,online,30.2,5.4,6.0,2.0,0,3571,0,0
TXN005088,84.55,7,4,restaurant,online,21.3,11.3,3.0,1.0,0,257,0,0
TXN005089,78.99,9,6,electronics,card_present,26.5,16.4,2.0,1.0,0,521,0,0
TXN005090,6.34,15,3,electronics,contactless,16.4,6.0,2.0,1.0,0,516,0,0
TXN005091,20.4,13,6,gas,online,45.9,16.7,2.0,1.0,0,87,1,0
TXN005092,27.83,15,4,grocery,contactless,2.5,7.7,7.0,0.0,1,717,0,0
TXN005093,52.0,16,5,travel,card_present,17.5,6.1,6.0,2.0,0,2797,0,0
TXN005094,26.11,8,2,online,online,21.9,6.1,1.0,1.0,0,2502,0,0
TXN005095,121.51,4,4,travel,online,177.9,249.6,7.0,4.0,3,42,1,1
TXN005096,40.68,17,5,online,card_present,21.5,4.1,2.0,0.0,0,1953,0,0
TXN005097,22.63,19,4,restaurant,card_present,21.7,12.7,4.0,2.0,0,2101,1,0
TXN005098,233.65,19,6,gas,online,28.2,3.4,3.0,2.0,0,3134,0,0
TXN005099,74.52,18,4,gas,contactless,9.6,14.4,4.0,2.0,0,578,0,0
TXN005100,24.39,6,6,electronics,card_present,48.9,0.5,4.0,2.0,0,1819,0,0
TXN005101,93.27,12,1,clothing,card_present,29.2,8.3,2.0,4.0,1,1696,0,0
TXN005102,18.86,7,1,gas,card_present,14.8,2.0,7.0,0.0,0,1461,0,0
TXN005103,16.95,9,3,gas,card_present,35.3,2.0,4.0,0.0,0,3428,0,0
TXN005104,21.8,14,4,travel,card_present,6.9,8.8,3.0,0.0,1,1486,0,0
TXN005105,36.84,13,1,travel,online,32.1,8.8,4.0,0.0,0,2571,0,0
TXN005106,26.35,11,3,online,online,4.5,14.3,2.0,3.0,0,749,0,0
TXN005107,20.4,8,6,online,card_present,21.6,29.5,4.0,2.0,0,1700,0,0
TXN005108,54.72,6,0,restaurant,card_present,19.9,9.7,2.0,0.0,0,1880,0,0
TXN005109,16.03,16,0,travel,card_present,41.3,12.5,3.0,0.0,0,1726,0,0
TXN005110,124.36,20,2,travel,card_present,17.3,11.1,5.0,1.0,0,1269,0,0
TXN005111,22.86,20,1,online,contactless,15.8,2.4,3.0,0.0,0,3501,0,0
TXN005112,48.87,19,6,electronics,card_present,1.4,3.2,2.0,2.0,0,2819,0,0
TXN005113,38.58,9,6,online,card_present,1.1,5.9,7.0,2.0,0,928,0,0
TXN005114,435.61,19,3,online,card_present,21.2,14.7,2.0,1.0,1,1193,1,0
TXN005115,11.99,8,4,grocery,online,22.4,3.8,2.0,1.0,0,3568,1,0
TXN005116,196.07,17,3,restaurant,card_present,2.2,0.2,3.0,0.0,0,2292,0,0
TXN005117,128.56,7,2,grocery,online,7.2,0.9,6.0,1.0,1,808,0,0
TXN005118,50.68,12,1,grocery,card_present,12.6,21.5,2.0,0.0,0,304,0,0
TXN005119,72.87,16,1,travel,card_present,9.8,14.0,1.0,0.0,0,1582,1,0
TXN005120,71.46,21,0,grocery,card_present,9.2,9.4,1.0,0.0,1,3075,0,0
TXN005121,5.91,19,0,clothing,card_present,9.1,4.5,2.0,0.0,0,2539,0,0
TXN005122,17.22,14,3,clothing,card_present,1.2,1.3,1.0,1.0,0,1739,0,0
TXN005123,13.98,9,4,travel,card_present,8.4,1.3,0.0,1.0,0,1038,1,0
TXN005124,27.26,18,3,restaurant,online,21.2,13.0,3.0,0.0,0,877,0,0
TXN005125,112.67,11,5,electronics,online,6.5,12.5,4.0,0.0,0,304,0,0
TXN005126,189.32,13,6,electronics,card_present,20.1,16.1,4.0,1.0,0,1676,0,0
TXN005127,21.33,22,6,gas,card_present,6.5,27.4,7.0,0.0,0,69,0,0
TXN005128,24.48,13,3,clothing,card_present,5.6,15.9,3.0,0.0,0,2938,0,0
TXN005129,7.79,13,2,gas,card_present,9.0,9.8,4.0,0.0,0,2075,0,0
TXN005130,41.06,18,3,online,contactless,3.4,10.8,4.0,0.0,0,272,0,0
TXN005131,3.93,21,6,clothing,online,9.7,12.9,1.0,1.0,0,289,0,0
TXN005132,291.34,13,0,restaurant,card_present,8.4,7.0,5.0,2.0,0,2642,0,0
TXN005133,706.33,12,4,gas,online,3.6,8.9,4.0,0.0,0,2714,0,0
TXN005134,59.26,8,2,gas,card_present,9.2,5.8,2.0,3.0,0,2048,0,0
TXN005135,254.15,18,1,online,card_present,39.1,11.9,0.0,1.0,0,2264,0,0
TXN005136,113.6,8,2,electronics,card_present,28.7,7.6,2.0,2.0,0,1074,0,0
TXN005137,14.58,13,2,gas,online,6.0,13.3,7.0,0.0,0,3525,0,0
TXN005138,15.31,16,6,restaurant,contactless,3.9,5.4,4.0,1.0,1,104,1,0
TXN005139,20.07,16,2,electronics,card_present,0.0,28.5,4.0,2.0,1,903,0,0
TXN005140,85.03,11,5,electronics,online,2.2,3.9,1.0,2.0,0,2388,0,0
TXN005141,28.85,13,1,travel,contactless,11.6,6.7,1.0,2.0,1,1146,0,0
TXN005142,89.94,18,0,restaurant,contactless,22.3,1.7,7.0,2.0,0,2198,1,0
TXN005143,91.25,15,4,clothing,card_present,13.3,17.5,1.0,1.0,0,654,0,0
TXN005144,107.97,11,6,grocery,contactless,30.8,8.6,2.0,2.0,0,1333,0,0
TXN005145,28.28,11,3,travel,card_present,10.9,2.7,4.0,1.0,1,3264,0,0
TXN005146,64.15,19,4,gas,contactless,2.9,0.6,5.0,0.0,0,2800,0,0
TXN005147,175.41,15,0,travel,contactless,5.3,12.4,0.0,0.0,0,3452,0,0
TXN005148,69.07,13,2,grocery,card_present,0.9,9.3,4.0,0.0,0,1769,0,0
TXN005149,11.38,17,4,online,online,41.1,11.9,2.0,1.0,0,439,1,0
TXN005150,164.31,6,2,travel,contactless,12.8,10.6,2.0,3.0,1,89,1,0
TXN005151,21.09,19,4,restaurant,online,6.3,14.5,1.0,0.0,0,2102,1,0
TXN005152,211.34,8,6,travel,card_present,12.2,3.4,4.0,0.0,0,2399,0,0
TXN005153,852.01,5,5,online,online,320.5,6.3,12.0,3.0,5,8,1,1
TXN005154,112.14,7,1,online,card_present,3.1,6.4,4.0,1.0,1,1067,1,0
TXN005155,23.09,14,5,gas,online,33.0,16.4,4.0,1.0,0,1514,1,0
TXN005156,238.86,17,4,restaurant,online,22.5,5.3,0.0,0.0,0,2057,0,0
TXN005157,93.57,19,1,clothing,card_present,0.5,5.8,1.0,1.0,0,2989,0,0
TXN005158,68.77,18,2,clothing,contactless,21.0,9.3,3.0,2.0,0,3536,1,0
TXN005159,8.25,15,3,electronics,card_present,25.5,11.1,5.0,1.0,0,3088,0,0
TXN005160,48.44,7,6,grocery,card_present,13.8,11.5,0.0,2.0,1,216,1,0
TXN005161,33.07,22,3,travel,card_present,43.2,7.2,5.0,3.0,0,3397,0,0
TXN005162,130.64,21,5,gas,card_present,34.0,11.1,2.0,0.0,0,3586,0,0
TXN005163,40.3,10,6,grocery,contactless,5.8,4.2,2.0,2.0,0,2335,0,0
TXN005164,21.67,18,5,restaurant,card_present,26.8,10.7,4.0,0.0,1,399,0,0
TXN005165,468.02,23,5,electronics,online,504.6,327.0,5.0,3.0,3,42,1,1
TXN005166,26.18,22,5,clothing,online,30.8,1.4,3.0,1.0,0,3132,0,0
TXN005167,123.96,20,2,grocery,card_present,11.2,3.5,3.0,0.0,0,1698,0,0
TXN005168,115.19,21,2,gas,contactless,33.5,8.6,3.0,3.0,0,1791,1,0
TXN005169,116.45,6,6,electronics,contactless,6.2,0.7,0.0,1.0,0,1989,0,0
TXN005170,8.64,6,6,restaurant,card_present,13.0,8.6,3.0,1.0,0,1134,0,0
TXN005171,124.82,8,6,gas,contactless,3.2,1.7,2.0,0.0,0,3196,1,0
TXN005172,28.37,11,6,online,card_present,36.0,13.1,3.0,0.0,0,814,0,0
TXN005173,104.16,21,0,grocery,online,18.5,11.5,3.0,2.0,1,3409,0,0
TXN005174,65.46,15,0,electronics,online,4.8,7.3,2.0,3.0,0,634,1,0
TXN005175,346.07,6,3,online,card_present,3.7,4.1,5.0,0.0,1,662,0,0
TXN005176,96.04,16,0,clothing,card_present,4.7,6.1,3.0,1.0,1,2610,0,0
TXN005177,42.52,7,1,restaurant,card_present,2.7,1.0,5.0,1.0,0,1979,1,0
TXN005178,49.04,15,2,clothing,contactless,11.3,8.4,6.0,0.0,1,1222,0,0
TXN005179,44.69,10,1,travel,online,21.3,27.8,1.0,2.0,0,3519,0,0
TXN005180,88.2,11,5,grocery,card_present,3.9,8.4,3.0,1.0,0,2772,1,0
TXN005181,63.31,12,3,travel,online,11.2,8.2,1.0,0.0,0,3249,0,0
TXN005182,19.75,16,0,restaurant,contactless,22.6,0.7,2.0,0.0,0,2957,0,0
TXN005183,279.36,2,0,online,card_present,389.5,437.9,6.0,5.0,5,17,0,1
TXN005184,68.86,17,1,travel,online,6.2,10.4,3.0,0.0,0,1008,0,0
TXN005185,45.29,13,6,restaurant,card_present,11.9,5.3,4.0,1.0,0,2846,0,0
TXN005186,145.64,14,2,gas,card_present,19.8,9.1,4.0,2.0,0,305,0,0
TXN005187,187.58,3,2,jewelry,card_present,137.6,624.9,11.0,7.0,4,12,0,1
TXN005188,49.8,22,1,grocery,card_present,12.2,26.8,8.0,1.0,1,2949,0,0
TXN005189,213.18,6,3,travel,card_present,10.9,20.4,8.0,2.0,0,234,1,0
TXN005190,13.6,15,0,grocery,card_present,14.5,9.2,2.0,4.0,0,545,0,0
TXN005191,34.97,10,1,travel,card_present,15.7,7.4,0.0,0.0,0,2605,0,0
TXN005192,196.06,6,6,restaurant,card_present,20.5,3.3,2.0,0.0,0,205,0,0
TXN005193,15.11,21,0,online,online,48.0,1.0,5.0,1.0,0,1251,0,0
TXN005194,13.84,7,3,electronics,contactless,13.8,4.5,5.0,0.0,0,3354,0,0
TXN005195,60.21,19,2,online,card_present,30.0,22.9,0.0,2.0,0,3275,0,0
TXN005196,233.52,13,0,grocery,card_present,2.6,15.8,2.0,1.0,0,3180,0,0
TXN005197,67.31,12,6,travel,card_present,1.3,21.9,5.0,0.0,0,804,1,0
TXN005198,54.5,17,1,grocery,card_present,9.2,0.4,3.0,2.0,0,304,0,0
TXN005199,81.45,20,2,online,contactless,6.2,7.3,1.0,0.0,0,1184,1,0
TXN005200,19.31,7,3,clothing,online,8.9,12.2,4.0,0.0,1,588,0,0
TXN005201,39.27,11,3,gas,contactless,27.0,1.4,2.0,0.0,0,2005,1,0
TXN005202,8437.36,2,6,electronics,online,311.4,258.2,9.0,5.0,3,10,1,1
TXN005203,64.29,19,0,online,contactless,19.4,2.8,3.0,0.0,1,2595,0,0
TXN005204,202.41,6,2,restaurant,card_present,10.0,3.2,2.0,3.0,0,407,0,0
TXN005205,21.6,8,0,clothing,online,8.1,1.5,4.0,0.0,0,1118,0,0
TXN005206,198.49,13,4,online,card_present,35.0,5.0,3.0,3.0,0,3214,0,0
TXN005207,132.84,14,4,restaurant,contactless,4.0,11.4,2.0,3.0,0,2903,0,0
TXN005208,11.98,14,2,restaurant,online,27.8,2.3,2.0,1.0,0,1208,1,0
TXN005209,55.61,14,2,gas,online,9.1,7.9,4.0,0.0,0,3000,0,0
TXN005210,188.35,18,1,clothing,contactless,14.6,13.5,3.0,0.0,0,2470,0,0
TXN005211,214.45,10,4,grocery,card_present,28.4,16.0,2.0,1.0,0,1360,0,0
TXN005212,206.97,9,5,grocery,online,13.1,2.2,8.0,2.0,0,3080,0,0
TXN005213,194.94,6,1,gas,card_present,0.3,7.6,3.0,1.0,0,1900,0,0
TXN005214,919.86,14,3,clothing,card_present,8.2,2.3,7.0,1.0,0,1027,0,0
TXN005215,760.56,3,1,online,online,304.3,246.5,10.0,5.0,2,43,0,1
TXN005216,23.41,6,6,electronics,card_present,17.8,11.8,2.0,4.0,0,3257,0,0
TXN005217,555.73,23,2,travel,card_present,231.5,677.9,11.0,6.0,2,25,1,1
TXN005218,96.36,21,0,electronics,online,3.9,2.8,1.0,1.0,0,401,0,0
TXN005219,66.55,15,2,online,card_present,6.7,14.1,0.0,0.0,0,2547,1,0
TXN005220,16.35,22,5,travel,online,0.3,6.5,3.0,1.0,1,1459,0,0
TXN005221,46.51,17,1,clothing,contactless,17.4,4.8,3.0,1.0,1,2296,0,0
TXN005222,19.95,11,0,online,card_present,7.3,2.9,1.0,1.0,1,3313,0,0
TXN005223,51.32,10,6,travel,online,44.9,8.6,3.0,4.0,0,1263,0,0
TXN005224,116.72,15,2,electronics,card_present,29.7,3.8,5.0,1.0,1,1386,0,0
TXN005225,111.21,21,1,gas,card_present,26.9,12.1,0.0,0.0,1,3527,0,0
TXN005226,37.03,11,0,online,card_present,2.1,1.0,3.0,2.0,0,2524,0,0
TXN005227,22.1,7,4,grocery,card_present,23.6,13.5,5.0,2.0,1,2528,0,0
TXN005228,53.28,20,4,online,card_present,11.4,3.7,1.0,0.0,0,303,0,0
TXN005229,145.17,22,1,restaurant,card_present,4.7,6.5,4.0,1.0,0,910,0,0
TXN005230,346.87,7,3,electronics,contactless,21.4,2.4,0.0,2.0,0,1566,0,0
TXN005231,30.88,10,5,online,contactless,25.6,3.1,1.0,2.0,0,2656,0,0
TXN005232,4.04,18,2,grocery,card_present,16.9,5.2,0.0,1.0,0,2399,0,0
TXN005233,48.92,22,4,travel,card_present,8.9,8.4,3.0,0.0,0,1293,0,0
TXN005234,4.51,15,6,electronics,online,36.2,7.7,5.0,1.0,0,3360,0,0
TXN005235,186.96,18,4,gas,card_present,1.2,6.8,5.0,1.0,1,2580,0,0
TXN005236,48.01,6,1,clothing,contactless,14.6,9.7,2.0,0.0,1,2442,0,0
TXN005237,13.54,11,5,restaurant,card_present,22.8,9.7,2.0,0.0,0,639,1,0
TXN005238,101.41,7,6,grocery,online,38.7,9.0,2.0,1.0,1,2995,1,0
TXN005239,37.17,20,4,travel,card_present,17.8,11.7,4.0,0.0,1,271,1,0
TXN005240,163.44,13,2,electronics,contactless,24.2,6.2,1.0,0.0,0,2022,0,0
TXN005241,28.98,14,2,electronics,card_present,14.5,20.7,2.0,0.0,0,1861,0,0
TXN005242,111.35,8,1,online,card_present,11.7,22.5,3.0,0.0,1,2116,0,0
TXN005243,19.77,8,1,online,contactless,10.0,4.1,2.0,0.0,0,2042,0,0
TXN005244,44.03,19,6,electronics,online,0.2,2.4,2.0,0.0,1,2179,0,0
TXN005245,714.79,6,0,electronics,online,8.5,14.3,3.0,1.0,0,2066,0,0
TXN005246,26.98,8,0,restaurant,online,3.1,7.8,2.0,1.0,0,86,1,0
TXN005247,15.44,8,0,electronics,contactless,19.4,9.1,1.0,1.0,1,3265,0,0
TXN005248,7.09,12,0,travel,card_present,47.3,18.5,8.0,3.0,0,2384,0,0
TXN005249,33.06,14,0,restaurant,card_present,37.6,1.3,2.0,2.0,0,1741,0,0
TXN005250,641.14,12,4,online,card_present,6.0,6.2,3.0,0.0,0,1135,0,0
TXN005251,66.29,22,6,travel,card_present,32.7,11.6,1.0,2.0,0,542,0,0
TXN005252,14.55,15,5,online,card_present,10.4,14.9,5.0,0.0,0,2089,0,0
TXN005253,101.85,21,3,grocery,card_present,21.0,5.6,2.0,3.0,0,2923,0,0
TXN005254,82.5,8,3,gas,card_present,42.1,5.6,3.0,2.0,1,186,0,0
TXN005255,82.89,21,6,clothing,online,16.7,8.6,1.0,0.0,0,118,0,0
TXN005256,202.69,22,6,gas,card_present,13.4,7.4,6.0,2.0,0,683,1,0
TXN005257,69.64,13,0,electronics,card_present,6.5,29.1,3.0,0.0,0,1667,0,0
TXN005258,54.16,9,6,restaurant,online,11.6,10.7,4.0,1.0,0,431,1,0
TXN005259,43.35,6,0,electronics,online,31.4,1.9,4.0,0.0,1,468,0,0
TXN005260,148.68,10,3,online,online,16.3,2.7,3.0,0.0,0,3525,0,0
TXN005261,1042.21,14,4,travel,card_present,32.2,6.4,0.0,2.0,1,1361,0,0
TXN005262,57.17,6,4,restaurant,contactless,10.7,11.7,4.0,2.0,0,978,0,0
TXN005263,31.55,21,1,clothing,card_present,5.4,5.0,6.0,2.0,0,2853,0,0
TXN005264,664.1,21,2,travel,card_present,6.7,11.7,3.0,2.0,1,642,0,0
TXN005265,58.08,16,5,clothing,card_present,8.4,4.3,1.0,0.0,0,1327,0,0
TXN005266,59.81,17,6,restaurant,card_present,8.8,2.1,4.0,3.0,0,756,0,0
TXN005267,22.69,14,2,grocery,online,2.5,9.7,2.0,0.0,0,3340,0,0
TXN005268,179.22,20,6,electronics,contactless,1.0,1.7,2.0,0.0,0,822,0,0
TXN005269,116.98,0,3,electronics,online,399.5,95.8,11.0,5.0,4,15,1,1
TXN005270,23.92,21,1,grocery,card_present,19.5,20.4,4.0,1.0,0,1258,0,0
TXN005271,63.46,16,5,restaurant,contactless,20.4,16.5,3.0,1.0,1,2481,0,0
TXN005272,64.63,20,6,electronics,card_present,32.3,11.0,1.0,1.0,0,1943,1,0
TXN005273,123.08,6,1,grocery,card_present,1.4,4.0,1.0,1.0,0,1447,0,0
TXN005274,39.55,22,3,grocery,card_present,5.4,5.0,3.0,1.0,0,2510,0,0
TXN005275,267.89,10,0,travel,card_present,21.7,1.5,3.0,3.0,0,2637,0,0
TXN005276,32.11,14,1,clothing,card_present,2.9,13.3,3.0,1.0,0,1286,0,0
TXN005277,69.01,13,4,grocery,online,3.3,4.5,5.0,0.0,0,1167,0,0
TXN005278,66.19,8,6,clothing,card_present,22.7,3.6,1.0,1.0,1,3562,0,0
TXN005279,3154.39,23,1,online,online,171.7,122.2,12.0,5.0,1,49,1,1
TXN005280,65.11,15,3,clothing,online,28.2,0.5,3.0,2.0,1,1390,0,0
TXN005281,153.9,17,5,travel,online,3.4,8.5,1.0,2.0,0,3378,1,0
TXN005282,129.0,10,3,electronics,contactless,8.7,4.0,4.0,2.0,0,496,1,0
TXN005283,102.45,17,2,grocery,card_present,8.2,8.8,5.0,1.0,0,2810,0,0
TXN005284,219.9,11,0,clothing,card_present,9.5,4.3,1.0,0.0,1,2565,0,0
TXN005285,82.3,20,3,online,contactless,4.7,7.6,4.0,0.0,0,1650,0,0
TXN005286,58.54,12,0,electronics,online,11.6,12.5,0.0,0.0,0,1790,1,0
TXN005287,168.25,10,4,clothing,card_present,21.1,24.3,1.0,1.0,0,3490,0,0
TXN005288,23.53,20,2,restaurant,online,4.9,16.6,1.0,4.0,0,1966,0,0
TXN005289,20.27,13,4,gas,online,15.8,3.2,2.0,0.0,0,3279,0,0
TXN005290,151.66,22,6,clothing,card_present,35.8,24.8,5.0,1.0,0,1625,1,0
TXN005291,60.86,21,6,clothing,card_present,19.3,0.4,1.0,0.0,0,2018,0,0
TXN005292,80.55,6,0,travel,card_present,17.8,3.2,2.0,0.0,0,3501,1,0
TXN005293,23.92,15,1,restaurant,contactless,35.0,6.7,2.0,1.0,0,3298,0,0
TXN005294,75.2,7,6,electronics,online,5.4,0.0,3.0,2.0,0,107,0,0
TXN005295,15.73,8,2,online,card_present,6.7,2.2,2.0,1.0,1,373,0,0
TXN005296,45.41,13,4,restaurant,contactless,32.8,24.6,3.0,2.0,0,82,0,0
TXN005297,57.51,13,0,grocery,card_present,19.7,1.8,3.0,0.0,0,1458,0,0
TXN005298,13.17,21,6,grocery,online,27.4,20.7,5.0,1.0,0,2580,0,0
TXN005299,42.18,21,2,gas,card_present,26.6,1.7,4.0,1.0,1,3476,0,0
TXN005300,106.39,9,0,restaurant,card_present,31.6,10.2,2.0,0.0,0,3504,0,0
TXN005301,30.63,7,5,gas,contactless,10.1,15.4,1.0,1.0,0,392,0,0
TXN005302,20.6,18,4,online,card_present,23.9,6.9,2.0,1.0,0,804,0,0
TXN005303,156.62,6,6,travel,online,39.0,17.1,3.0,2.0,1,1755,0,0
TXN005304,117.49,21,1,restaurant,online,0.5,3.2,2.0,0.0,0,1718,0,0
TXN005305,11.94,20,5,electronics,online,8.5,9.0,2.0,2.0,0,1848,1,0
TXN005306,167.73,15,3,clothing,card_present,33.8,1.3,0.0,0.0,0,1179,0,0
TXN005307,131.11,21,6,electronics,card_present,18.1,11.5,5.0,0.0,1,907,0,0
TXN005308,34.62,6,6,online,online,6.0,12.6,3.0,2.0,0,1858,0,0
TXN005309,37.73,12,5,travel,online,24.3,3.0,3.0,0.0,1,1702,0,0
TXN005310,31.27,14,6,clothing,online,6.0,9.5,4.0,1.0,0,2263,1,0
TXN005311,134.57,15,0,travel,card_present,16.5,6.4,3.0,3.0,0,974,0,0
TXN005312,174.0,19,4,clothing,online,7.2,2.8,5.0,3.0,0,2658,0,0
TXN005313,5230.0,23,1,online,online,485.4,195.9,6.0,12.0,2,32,0,1
TXN005314,32.78,11,0,online,online,24.0,2.6,5.0,0.0,0,3502,0,0
TXN005315,19.5,18,6,clothing,card_present,4.8,4.6,1.0,0.0,1,3220,0,0
TXN005316,74.18,19,4,grocery,online,14.6,1.7,0.0,2.0,0,2179,0,0
TXN005317,67.4,10,6,grocery,contactless,22.1,0.0,2.0,1.0,0,1623,0,0
TXN005318,66.25,12,6,travel,online,0.2,4.0,1.0,0.0,0,3000,1,0
TXN005319,76.56,13,3,gas,card_present,10.2,9.3,3.0,1.0,0,788,1,0
TXN005320,24.3,7,3,grocery,card_present,12.7,3.1,6.0,0.0,0,3007,0,0
TXN005321,9.42,15,0,grocery,card_present,22.5,15.9,3.0,1.0,0,1796,0,0
TXN005322,90.8,7,4,gas,online,17.9,6.1,3.0,1.0,0,1549,0,0
TXN005323,87.62,19,5,grocery,contactless,7.4,11.7,3.0,0.0,0,3179,1,0
TXN005324,24.63,6,4,gas,card_present,19.0,15.7,2.0,0.0,1,2955,0,0
TXN005325,69.62,10,3,restaurant,online,21.5,2.6,1.0,2.0,0,1581,0,0
TXN005326,25.25,22,3,online,card_present,7.2,6.0,1.0,1.0,0,3290,1,0
TXN005327,36.35,12,3,online,card_present,8.7,20.7,5.0,3.0,0,291,0,0
TXN005328,25.23,11,2,electronics,contactless,8.3,1.9,4.0,0.0,0,1054,1,0
TXN005329,87.48,15,2,online,card_present,0.7,8.3,5.0,2.0,1,2577,0,0
TXN005330,30.6,21,5,electronics,contactless,16.5,12.4,5.0,3.0,0,1822,0,0
TXN005331,44.44,12,2,online,card_present,2.4,6.3,3.0,0.0,0,1839,0,0
TXN005332,59.48,16,1,restaurant,card_present,3.3,14.9,3.0,2.0,0,796,0,0
TXN005333,11.02,6,5,gas,card_present,19.3,6.4,3.0,1.0,1,3544,0,0
TXN005334,333.39,10,1,online,online,5.6,3.2,3.0,3.0,1,3253,0,0
TXN005335,1878.86,2,2,travel,online,78.5,262.6,9.0,3.0,2,30,0,1
TXN005336,81.08,22,2,electronics,online,8.9,10.1,5.0,0.0,0,246,0,0
TXN005337,23.04,12,4,electronics,online,12.4,6.8,4.0,1.0,0,160,0,0
TXN005338,109.53,14,0,online,online,12.1,6.0,0.0,2.0,0,1170,0,0
TXN005339,28.51,21,3,gas,card_present,41.5,7.3,4.0,0.0,0,274,0,0
TXN005340,47.9,12,1,grocery,online,2.5,0.2,1.0,0.0,0,245,1,0
TXN005341,54.1,11,4,electronics,card_present,11.0,11.7,5.0,0.0,0,1837,1,0
TXN005342,85.26,20,4,travel,online,10.9,23.6,1.0,1.0,0,83,0,0
TXN005343,14.3,6,2,grocery,contactless,40.3,4.5,3.0,2.0,0,3102,0,0
TXN005344,62.13,12,2,electronics,online,7.9,0.9,3.0,1.0,0,2085,0,0
TXN005345,24.86,16,2,gas,online,16.5,5.1,4.0,0.0,0,1217,0,0
TXN005346,17.96,20,4,gas,contactless,24.2,11.6,3.0,1.0,0,2356,0,0
TXN005347,100.65,6,5,restaurant,card_present,11.3,14.2,2.0,1.0,0,3605,1,0
TXN005348,110.62,11,6,restaurant,contactless,2.4,0.9,2.0,1.0,0,173,0,0
TXN005349,21.49,9,5,grocery,online,3.2,5.6,1.0,2.0,1,703,1,0
TXN005350,42.89,19,4,gas,card_present,15.5,21.6,3.0,1.0,1,953,0,0
TXN005351,49.3,17,5,grocery,card_present,3.9,0.8,4.0,0.0,0,3311,0,0
TXN005352,19.94,20,2,travel,card_present,10.6,13.5,3.0,0.0,1,2307,1,0
TXN005353,65.66,11,0,gas,online,1.7,0.9,3.0,0.0,0,1296,1,0
TXN005354,531.44,22,6,travel,online,204.7,193.0,8.0,5.0,5,7,0,1
TXN005355,63.52,22,1,electronics,contactless,13.8,9.4,5.0,0.0,0,3012,0,0
TXN005356,34.39,22,5,restaurant,card_present,46.3,4.6,2.0,1.0,0,2363,0,0
TXN005357,143.96,20,4,restaurant,card_present,13.3,7.9,3.0,0.0,0,528,0,0
TXN005358,54.07,22,5,clothing,contactless,11.5,3.3,2.0,0.0,0,2884,0,0
TXN005359,102.85,6,6,electronics,card_present,8.6,0.7,3.0,0.0,0,1397,0,0
TXN005360,67.25,16,0,travel,online,15.1,15.3,5.0,2.0,0,1114,0,0
TXN005361,33.41,17,2,gas,card_present,19.1,7.1,2.0,0.0,1,3175,0,0
TXN005362,140.91,8,3,restaurant,card_present,7.2,1.6,2.0,2.0,0,2900,0,0
TXN005363,43.42,10,1,clothing,online,22.4,8.2,2.0,2.0,0,3382,1,0
TXN005364,9.51,8,3,online,online,3.9,3.9,3.0,2.0,0,1385,0,0
TXN005365,33.71,13,1,electronics,contactless,2.0,4.9,3.0,0.0,0,2429,0,0
TXN005366,68.98,15,4,online,card_present,32.7,23.0,4.0,3.0,0,1837,0,0
TXN005367,59.26,20,0,online,online,18.4,13.9,5.0,2.0,0,3559,0,0
TXN005368,124.76,7,1,travel,online,1.3,5.4,3.0,3.0,0,996,0,0
TXN005369,18.11,21,0,clothing,online,13.2,10.9,7.0,1.0,0,2468,0,0
TXN005370,27.26,19,3,electronics,card_present,33.4,12.6,8.0,3.0,0,2832,0,0
TXN005371,129.21,11,1,grocery,contactless,16.0,1.9,1.0,1.0,0,3269,0,0
TXN005372,86.25,13,2,online,card_present,31.3,24.2,1.0,0.0,0,1530,1,0
TXN005373,45.65,15,3,clothing,card_present,37.4,15.0,5.0,0.0,0,1924,0,0
TXN005374,40.4,15,6,electronics,card_present,6.6,3.2,4.0,1.0,0,3366,0,0
TXN005375,56.93,7,4,electronics,card_present,24.1,5.7,4.0,0.0,0,3615,1,0
TXN005376,70.08,10,5,travel,card_present,23.1,16.2,0.0,1.0,0,3409,0,0
TXN005377,70.61,19,3,restaurant,card_present,16.0,1.2,7.0,0.0,0,3615,0,0
TXN005378,202.75,21,2,clothing,card_present,29.6,2.8,1.0,1.0,0,1938,0,0
TXN005379,43.68,4,5,online,online,350.6,88.6,11.0,3.0,5,22,1,1
TXN005380,54.41,6,4,travel,online,5.4,15.7,2.0,0.0,0,1102,1,0
TXN005381,58.88,7,1,online,online,2.0,11.1,3.0,0.0,0,3083,0,0
TXN005382,26.2,0,2,online,online,18.8,561.8,6.0,5.0,2,10,1,1
TXN005383,73.16,8,5,electronics,card_present,25.0,2.3,2.0,2.0,1,2699,0,0
TXN005384,35.29,21,2,restaurant,online,13.3,22.8,4.0,3.0,0,2380,0,0
TXN005385,10.86,22,2,travel,card_present,7.4,8.4,3.0,0.0,1,979,0,0
TXN005386,17.57,10,5,gas,online,24.4,7.0,2.0,2.0,0,2152,0,0
TXN005387,215.82,7,0,electronics,contactless,15.9,7.8,0.0,1.0,0,2784,0,0
TXN005388,46.96,12,4,grocery,card_present,21.9,17.4,6.0,0.0,0,192,0,0
TXN005389,74.24,12,2,gas,online,6.8,14.5,4.0,4.0,0,3579,0,0
TXN005390,29.95,14,6,travel,online,5.5,10.1,2.0,2.0,1,776,1,0
TXN005391,34.7,19,0,electronics,card_present,10.6,7.5,3.0,1.0,1,213,0,0
TXN005392,189.82,12,4,gas,contactless,6.1,2.5,2.0,0.0,0,2794,0,0
TXN005393,11.73,16,3,electronics,card_present,11.9,9.1,5.0,2.0,0,1630,0,0
TXN005394,9.72,7,4,electronics,online,6.5,6.8,3.0,4.0,0,638,1,0
TXN005395,63.23,10,4,online,card_present,0.7,1.9,2.0,0.0,1,589,0,0
TXN005396,268.11,16,0,travel,card_present,15.5,5.3,2.0,2.0,0,163,0,0
TXN005397,127.51,21,6,electronics,contactless,25.5,6.1,4.0,1.0,1,3334,0,0
TXN005398,29.44,8,3,clothing,online,1.9,0.3,1.0,1.0,0,451,0,0
TXN005399,62.88,20,1,electronics,card_present,7.9,0.3,0.0,0.0,1,2290,0,0
TXN005400,85.13,16,6,gas,card_present,35.4,3.1,5.0,1.0,0,3072,0,0
TXN005401,120.19,16,6,clothing,card_present,11.4,7.0,3.0,0.0,0,630,0,0
TXN005402,170.73,17,4,travel,card_present,11.7,5.4,5.0,0.0,0,740,1,0
TXN005403,48.27,18,3,electronics,card_present,11.3,17.1,1.0,1.0,0,1687,0,0
TXN005404,104.34,9,5,gas,card_present,17.2,1.0,3.0,0.0,1,1593,0,0
TXN005405,46.72,12,5,electronics,card_present,3.3,15.4,1.0,1.0,0,2123,0,0
TXN005406,38.94,13,1,grocery,card_present,27.0,22.7,1.0,0.0,0,1230,1,0
TXN005407,94.77,16,2,online,online,4.4,10.1,3.0,1.0,0,2483,0,0
TXN005408,155.74,6,2,travel,online,0.0,9.9,4.0,1.0,0,2969,1,0
TXN005409,61.35,6,5,grocery,card_present,9.0,5.7,2.0,0.0,1,1955,0,0
TXN005410,10.37,18,5,clothing,card_present,18.5,0.6,2.0,0.0,0,2398,0,0
TXN005411,47.54,18,0,gas,online,5.2,17.4,2.0,0.0,1,1378,0,0
TXN005412,17.72,15,0,restaurant,online,0.3,3.8,3.0,1.0,1,1134,0,0
TXN005413,22.15,19,0,electronics,card_present,0.7,8.6,2.0,5.0,0,3648,0,0
TXN005414,40.36,11,4,grocery,online,26.7,14.5,1.0,0.0,0,3169,0,0
TXN005415,33.66,17,1,gas,card_present,32.7,3.2,2.0,1.0,0,1649,0,0
TXN005416,19.38,10,6,travel,contactless,13.5,15.8,3.0,3.0,1,1296,0,0
TXN005417,20.52,17,1,electronics,online,28.4,10.9,3.0,0.0,0,2994,0,0
TXN005418,107.99,11,5,online,online,3.6,10.3,3.0,0.0,0,972,0,0
TXN005419,28.21,12,3,restaurant,contactless,12.0,4.3,3.0,3.0,0,1046,0,0
TXN005420,185.65,8,0,travel,card_present,5.5,11.7,1.0,0.0,1,699,1,0
TXN005421,40.94,9,3,electronics,card_present,2.3,7.2,0.0,0.0,0,1024,0,0
TXN005422,36.3,11,6,electronics,online,31.7,5.1,3.0,0.0,0,2840,0,0
TXN005423,15.1,9,3,gas,card_present,37.8,10.3,1.0,0.0,0,516,0,0
TXN005424,99.38,19,2,clothing,card_present,6.5,6.4,3.0,1.0,0,703,0,0
TXN005425,72.58,11,4,gas,contactless,12.1,25.5,3.0,1.0,1,1858,0,0
TXN005426,40.53,18,0,clothing,online,17.6,0.1,2.0,3.0,0,1741,0,0
TXN005427,200.33,14,2,restaurant,online,9.4,8.1,2.0,1.0,0,3125,0,0
TXN005428,58.78,21,6,travel,online,10.5,1.5,2.0,0.0,0,867,0,0
TXN005429,21.9,17,1,grocery,card_present,6.7,9.0,0.0,0.0,0,362,1,0
TXN005430,16.29,9,5,gas,online,40.0,10.2,0.0,3.0,0,3427,0,0
TXN005431,16.62,20,3,restaurant,online,7.6,12.2,1.0,0.0,0,672,0,0
TXN005432,100.98,18,0,clothing,contactless,2.8,26.4,4.0,0.0,0,1456,0,0
TXN005433,438.87,4,5,electronics,online,123.4,395.7,14.0,3.0,1,50,1,1
TXN005434,91.91,13,1,grocery,card_present,5.9,14.7,2.0,0.0,0,3530,0,0
TXN005435,105.49,12,5,restaurant,card_present,24.7,9.1,4.0,0.0,0,1322,1,0
TXN005436,28.29,15,3,electronics,contactless,16.5,6.6,1.0,1.0,0,2163,0,0
TXN005437,242.97,13,4,restaurant,contactless,18.6,23.5,5.0,1.0,1,3550,0,0
TXN005438,42.18,11,4,grocery,card_present,18.2,9.4,3.0,1.0,0,2831,0,0
TXN005439,55.67,19,5,electronics,online,1.0,2.3,4.0,0.0,1,1116,0,0
TXN005440,1019.71,20,2,gas,contactless,14.7,1.2,3.0,0.0,1,1994,0,0
TXN005441,31.4,10,2,gas,contactless,19.6,4.5,4.0,1.0,0,3307,1,0
TXN005442,19.87,16,5,electronics,contactless,20.4,8.1,4.0,2.0,0,3511,0,0
TXN005443,80.84,19,4,electronics,contactless,14.5,7.5,1.0,1.0,0,1618,0,0
TXN005444,44.98,17,0,gas,online,26.9,10.9,2.0,1.0,0,2967,0,0
TXN005445,37.23,17,1,electronics,card_present,16.4,19.1,4.0,3.0,0,1812,0,0
TXN005446,51.81,21,1,travel,online,19.8,3.6,4.0,3.0,0,1251,0,0
TXN005447,64.09,13,2,clothing,online,24.2,8.7,2.0,0.0,0,631,0,0
TXN005448,51.27,18,4,travel,online,20.6,4.2,1.0,0.0,0,730,0,0
TXN005449,226.14,22,3,online,online,211.8,203.1,9.0,5.0,3,16,1,1
TXN005450,12.96,22,0,travel,contactless,52.9,13.7,4.0,1.0,0,3280,0,0
TXN005451,61.24,7,0,grocery,online,0.2,5.3,6.0,2.0,0,3382,0,0
TXN005452,128.63,14,3,restaurant,card_present,6.8,1.2,1.0,1.0,0,296,0,0
TXN005453,147.7,15,1,restaurant,contactless,13.6,6.0,6.0,2.0,0,480,0,0
TXN005454,20.56,9,3,electronics,contactless,2.2,9.2,3.0,2.0,0,3143,1,0
TXN005455,59.06,15,1,restaurant,card_present,0.2,22.6,3.0,1.0,0,1850,0,0
TXN005456,40.93,13,0,electronics,online,17.6,8.1,4.0,0.0,0,718,0,0
TXN005457,35.33,17,0,gas,card_present,43.0,1.9,1.0,1.0,1,3477,0,0
TXN005458,15.84,22,4,grocery,contactless,8.5,5.1,1.0,3.0,0,1147,0,0
TXN005459,8.12,10,3,travel,card_present,12.3,7.4,2.0,0.0,0,1415,0,0
TXN005460,75.13,11,6,clothing,card_present,6.8,14.8,3.0,1.0,0,752,0,0
TXN005461,15.47,22,1,grocery,card_present,17.6,5.3,2.0,0.0,0,2285,0,0
TXN005462,3903.81,5,6,travel,online,117.6,310.5,7.0,6.0,2,47,1,1
TXN005463,18.61,19,1,travel,card_present,7.6,4.3,2.0,0.0,0,2255,1,0
TXN005464,77.52,22,6,electronics,online,260.0,382.3,13.0,3.0,3,9,0,1
TXN005465,67.63,13,5,restaurant,card_present,23.8,1.8,1.0,3.0,0,3521,1,0
TXN005466,32.55,16,4,electronics,card_present,7.5,6.3,1.0,1.0,0,1689,0,0
TXN005467,5229.1,2,1,jewelry,card_present,70.1,307.8,9.0,11.0,4,48,0,1
TXN005468,81.01,7,4,grocery,card_present,2.1,7.6,2.0,0.0,0,378,0,0
TXN005469,73.54,20,3,grocery,card_present,17.8,21.7,0.0,1.0,0,2691,0,0
TXN005470,35.67,22,2,restaurant,contactless,8.2,2.0,2.0,0.0,0,371,0,0
TXN005471,88.88,9,6,grocery,online,29.6,16.9,4.0,2.0,0,2714,0,0
TXN005472,27.87,12,0,grocery,online,3.0,6.6,1.0,0.0,0,236,0,0
TXN005473,14.43,13,4,grocery,contactless,40.1,18.7,2.0,1.0,0,1357,0,0
TXN005474,40.55,15,2,grocery,card_present,9.3,4.8,1.0,1.0,0,1224,0,0
TXN005475,191.16,19,2,clothing,card_present,3.1,8.2,4.0,2.0,0,3467,0,0
TXN005476,11.76,18,4,travel,online,23.8,18.9,2.0,3.0,0,904,1,0
TXN005477,91.37,8,6,electronics,contactless,3.8,22.6,2.0,1.0,0,74,1,0
TXN005478,189.31,13,3,travel,online,32.4,0.3,3.0,1.0,0,1847,0,0
TXN005479,276.79,22,1,gas,card_present,20.0,8.8,6.0,0.0,0,890,0,0
TXN005480,69.31,18,2,electronics,online,5.0,17.3,1.0,0.0,0,3307,0,0
TXN005481,90.89,18,6,restaurant,card_present,15.1,0.6,4.0,0.0,0,1102,0,0
TXN005482,6.02,20,0,clothing,card_present,4.1,14.6,3.0,2.0,0,1483,0,0
TXN005483,39.53,19,6,travel,card_present,4.9,8.6,3.0,1.0,0,860,0,0
TXN005484,28.17,21,6,clothing,card_present,4.1,1.6,1.0,2.0,0,2994,0,0
TXN005485,30.6,12,5,travel,online,13.7,7.7,3.0,2.0,0,996,0,0
TXN005486,100.59,16,4,grocery,card_present,20.3,6.1,0.0,0.0,0,500,0,0
TXN005487,23.42,12,6,travel,online,24.7,15.5,4.0,1.0,0,166,0,0
TXN005488,128.6,22,4,clothing,card_present,0.4,1.2,4.0,2.0,0,2608,0,0
TXN005489,337.74,22,4,travel,online,65.0,512.0,12.0,6.0,4,22,1,1
TXN005490,33.11,11,0,grocery,online,5.9,6.8,1.0,2.0,0,3125,0,0
TXN005491,18.73,9,4,electronics,online,1.3,15.0,0.0,0.0,1,2608,0,0
TXN005492,18.99,21,5,travel,card_present,14.0,2.7,1.0,1.0,0,500,0,0
TXN005493,24.4,10,2,restaurant,contactless,12.5,7.9,1.0,0.0,0,3220,0,0
TXN005494,17.78,22,0,travel,card_present,4.5,18.3,1.0,0.0,0,2749,1,0
TXN005495,48.11,8,4,clothing,card_present,27.5,6.1,3.0,3.0,1,3474,0,0
TXN005496,336.6,19,5,electronics,card_present,14.5,15.9,2.0,0.0,0,2193,1,0
TXN005497,77.22,10,0,restaurant,online,7.6,11.9,7.0,0.0,0,2172,1,0
TXN005498,28.44,1,5,online,card_present,283.2,210.4,7.0,2.0,3,40,0,1
TXN005499,17.23,8,5,travel,card_present,15.4,5.0,7.0,2.0,1,1070,0,0
TXN005500,107.39,9,3,gas,card_present,21.4,12.6,6.0,0.0,0,2474,0,0
TXN005501,123.81,21,3,online,card_present,3.0,15.6,4.0,1.0,0,144,0,0
TXN005502,71.21,22,3,gas,card_present,20.8,4.6,4.0,0.0,1,1945,0,0
TXN005503,86.35,16,0,restaurant,card_present,11.4,26.0,5.0,3.0,0,1816,1,0
TXN005504,1276.73,8,4,travel,card_present,5.0,12.6,0.0,0.0,0,3507,0,0
TXN005505,15.85,17,4,gas,card_present,2.3,8.3,2.0,1.0,0,873,1,0
TXN005506,165.05,12,0,electronics,contactless,3.6,12.1,3.0,1.0,0,93,1,0
TXN005507,23.8,22,3,grocery,online,18.7,5.1,1.0,0.0,0,3143,0,0
TXN005508,53.94,12,0,online,online,2.3,15.6,1.0,1.0,0,639,0,0
TXN005509,61.03,11,6,restaurant,card_present,17.0,3.0,2.0,1.0,0,2141,0,0
TXN005510,174.56,13,5,electronics,contactless,1.8,5.6,2.0,1.0,0,299,0,0
TXN005511,19.04,11,1,restaurant,contactless,20.1,20.0,3.0,1.0,0,3175,0,0
TXN005512,54.72,22,0,travel,contactless,4.9,1.0,7.0,1.0,0,588,1,0
TXN005513,23.58,19,1,online,card_present,38.1,1.9,3.0,1.0,0,3481,0,0
TXN005514,45.04,8,0,electronics,contactless,3.9,6.1,2.0,0.0,0,1450,0,0
TXN005515,73.4,11,5,travel,card_present,3.3,5.3,0.0,0.0,0,679,0,0
TXN005516,139.58,12,4,online,card_present,10.2,11.6,1.0,1.0,1,2565,0,0
TXN005517,1395.98,3,4,travel,online,320.6,128.3,16.0,6.0,4,20,0,1
TXN005518,22.75,18,0,electronics,online,23.1,13.5,3.0,0.0,1,1045,1,0
TXN005519,33.31,19,2,restaurant,contactless,9.1,3.2,2.0,0.0,1,2974,0,0
TXN005520,74.28,10,3,clothing,card_present,8.6,1.9,6.0,1.0,0,777,0,0
TXN005521,30.44,14,5,restaurant,card_present,18.1,2.7,2.0,1.0,0,1547,0,0
TXN005522,40.97,16,3,grocery,card_present,19.1,1.2,1.0,4.0,0,471,0,0
TXN005523,47.23,11,5,clothing,card_present,15.8,10.4,4.0,3.0,0,2397,0,0
TXN005524,63.03,20,0,grocery,card_present,16.0,9.4,1.0,2.0,0,2460,0,0
TXN005525,51.55,17,1,grocery,contactless,11.0,2.3,5.0,1.0,1,1849,0,0
TXN005526,151.66,7,6,grocery,online,1.2,18.1,6.0,1.0,0,2687,0,0
TXN005527,16.07,12,3,clothing,card_present,11.5,2.9,2.0,2.0,0,1443,0,0
TXN005528,41.68,15,4,electronics,online,2.6,14.6,4.0,0.0,0,3389,0,0
TXN005529,17.17,19,6,restaurant,online,7.9,2.1,4.0,0.0,1,3279,0,0
TXN005530,114.23,10,1,grocery,contactless,43.0,3.1,3.0,2.0,1,3628,0,0
TXN005531,128.3,18,2,travel,card_present,12.8,15.3,5.0,1.0,0,3523,0,0
TXN005532,120.86,22,1,travel,contactless,22.2,5.6,3.0,0.0,0,3295,0,0
TXN005533,146.31,20,2,online,card_present,7.3,3.8,3.0,0.0,0,2192,0,0
TXN005534,112.47,20,1,gas,card_present,3.1,5.8,5.0,0.0,0,2104,0,0
TXN005535,70.62,12,1,grocery,card_present,13.1,19.7,4.0,1.0,0,2750,0,0
TXN005536,80.38,13,2,grocery,online,23.7,5.0,3.0,1.0,0,2434,0,0
TXN005537,24.5,21,6,electronics,card_present,12.3,16.2,2.0,1.0,0,1651,0,0
TXN005538,77.53,19,4,restaurant,card_present,0.2,2.9,1.0,0.0,0,2345,0,0
TXN005539,77.28,17,4,grocery,card_present,41.5,9.6,4.0,0.0,0,1490,0,0
TXN005540,23.3,10,3,online,card_present,7.0,5.3,8.0,1.0,0,338,0,0
TXN005541,9.59,14,6,travel,online,7.9,2.7,3.0,1.0,0,2481,0,0
TXN005542,115.98,21,5,travel,card_present,28.5,18.1,2.0,0.0,0,3492,0,0
TXN005543,103.59,12,6,gas,online,3.9,11.2,3.0,2.0,0,2206,0,0
TXN005544,12.92,12,4,travel,card_present,30.2,4.3,2.0,0.0,0,2720,0,0
TXN005545,136.37,14,5,gas,online,1.5,9.9,5.0,0.0,0,2647,0,0
TXN005546,93.18,14,1,grocery,card_present,15.5,12.7,5.0,1.0,0,2270,0,0
TXN005547,11.42,11,0,gas,contactless,0.1,5.6,4.0,4.0,0,2746,0,0
TXN005548,241.16,10,1,grocery,card_present,30.7,6.1,1.0,1.0,0,1442,1,0
TXN005549,64.49,17,6,clothing,card_present,9.9,6.3,3.0,0.0,0,1207,0,0
TXN005550,127.54,21,5,electronics,card_present,40.0,8.5,1.0,1.0,1,1276,0,0
TXN005551,12.44,9,1,clothing,card_present,27.6,5.8,2.0,1.0,0,1094,0,0
TXN005552,19.63,21,0,clothing,online,10.5,8.8,1.0,2.0,0,1496,1,0
TXN005553,24.95,8,1,gas,online,51.0,16.2,1.0,1.0,0,2942,0,0
TXN005554,25.77,9,6,restaurant,card_present,3.7,1.8,6.0,2.0,0,2691,0,0
TXN005555,61.41,12,4,restaurant,card_present,38.4,4.7,2.0,0.0,0,2215,0,0
TXN005556,184.56,15,3,clothing,online,15.2,1.8,0.0,0.0,1,731,0,0
TXN005557,131.13,17,4,electronics,card_present,4.3,3.6,0.0,0.0,0,1169,0,0
TXN005558,61.88,7,1,gas,contactless,19.8,5.9,3.0,0.0,1,1182,0,0
TXN005559,178.44,7,5,electronics,contactless,23.2,2.5,1.0,0.0,1,2610,0,0
TXN005560,43.23,4,3,jewelry,online,65.7,203.6,11.0,4.0,1,52,1,1
TXN005561,8.67,8,1,clothing,card_present,13.5,11.7,1.0,1.0,1,1106,1,0
TXN005562,7.11,22,6,restaurant,card_present,6.9,19.8,1.0,1.0,0,3574,0,0
TXN005563,13.8,8,0,online,card_present,4.0,11.6,3.0,0.0,1,1032,1,0
TXN005564,27.49,16,4,clothing,card_present,0.4,1.6,2.0,1.0,1,1551,0,0
TXN005565,86.7,21,5,gas,card_present,15.4,6.1,2.0,2.0,1,2643,0,0
TXN005566,244.76,20,4,clothing,online,27.5,2.4,3.0,0.0,0,2086,0,0
TXN005567,64.7,11,5,restaurant,card_present,28.6,9.7,1.0,0.0,0,2397,0,0
TXN005568,33.86,18,0,restaurant,card_present,2.1,16.9,4.0,0.0,0,3410,0,0
TXN005569,465.45,13,5,grocery,card_present,1.6,3.4,4.0,0.0,0,438,1,0
TXN005570,124.0,7,4,clothing,card_present,8.1,19.1,2.0,2.0,0,2506,0,0
TXN005571,72.39,11,6,travel,card_present,11.5,12.6,3.0,2.0,0,3111,0,0
TXN005572,79.68,18,2,grocery,card_present,2.0,23.5,2.0,1.0,0,1508,1,0
TXN005573,40.69,8,1,restaurant,online,49.1,17.0,4.0,1.0,0,179,0,0
TXN005574,87.83,20,6,grocery,online,21.4,15.7,3.0,1.0,0,2688,1,0
TXN005575,41.82,9,2,electronics,online,7.0,22.8,2.0,1.0,0,1506,1,0
TXN005576,80.26,12,2,clothing,online,5.1,8.3,5.0,2.0,0,626,0,0
TXN005577,104.47,9,5,grocery,card_present,7.0,6.1,4.0,1.0,0,1519,0,0
TXN005578,109.28,6,1,online,contactless,22.8,12.5,3.0,3.0,1,537,1,0
TXN005579,35.73,22,3,gas,card_present,25.3,13.5,3.0,2.0,0,3602,0,0
TXN005580,60.11,15,6,grocery,card_present,1.2,19.7,1.0,2.0,0,2065,0,0
TXN005581,33.13,20,4,grocery,card_present,11.1,21.5,2.0,0.0,0,3411,0,0
TXN005582,29.27,5,3,electronics,online,236.8,683.4,12.0,4.0,2,37,1,1
TXN005583,226.5,16,6,gas,online,14.0,0.2,0.0,1.0,0,2170,0,0
TXN005584,47.39,19,2,online,card_present,0.8,25.0,3.0,1.0,0,2609,0,0
TXN005585,424.64,12,5,grocery,card_present,18.2,8.9,1.0,1.0,0,2282,1,0
TXN005586,42.7,19,4,travel,card_present,5.7,0.2,5.0,1.0,0,2732,0,0
TXN005587,24.3,9,4,gas,contactless,23.0,4.9,2.0,1.0,0,2626,1,0
TXN005588,59.03,19,6,electronics,card_present,6.0,14.9,3.0,2.0,0,1840,0,0
TXN005589,52.64,6,1,electronics,online,19.3,5.5,4.0,1.0,1,953,0,0
TXN005590,83.4,14,5,grocery,online,13.6,5.4,4.0,0.0,0,245,0,0
TXN005591,120.43,21,0,restaurant,contactless,14.7,11.0,1.0,1.0,0,3509,0,0
TXN005592,194.87,6,4,travel,card_present,16.2,11.8,3.0,0.0,0,591,0,0
TXN005593,72.91,8,3,grocery,card_present,17.2,1.9,2.0,3.0,0,2334,0,0
TXN005594,26.23,20,3,restaurant,contactless,23.7,10.7,0.0,0.0,1,3167,0,0
TXN005595,40.44,15,3,travel,card_present,19.5,5.0,1.0,1.0,0,925,0,0
TXN005596,59.12,18,6,electronics,card_present,0.5,4.1,1.0,2.0,0,3101,0,0
TXN005597,30.77,11,6,grocery,card_present,33.0,8.6,1.0,1.0,0,1840,0,0
TXN005598,344.4,21,5,gas,card_present,12.0,7.2,3.0,0.0,0,2056,0,0
TXN005599,251.83,16,3,electronics,card_present,3.9,2.6,5.0,1.0,0,3569,0,0
TXN005600,47.02,15,1,restaurant,card_present,13.7,2.6,1.0,1.0,0,1556,0,0
TXN005601,21.77,10,0,gas,card_present,14.7,3.4,5.0,0.0,0,942,0,0
TXN005602,69.65,7,5,electronics,card_present,1.4,14.5,2.0,0.0,0,1268,1,0
TXN005603,66.58,11,4,gas,card_present,18.5,5.0,5.0,2.0,0,2690,0,0
TXN005604,856.71,5,4,jewelry,online,324.3,46.3,6.0,6.0,4,24,0,1
TXN005605,63.02,22,0,grocery,online,6.0,11.4,1.0,1.0,0,887,0,0
TXN005606,137.59,20,0,clothing,online,14.0,8.1,4.0,0.0,0,1566,0,0
TXN005607,18.06,13,3,online,contactless,12.5,3.2,2.0,2.0,0,1442,0,0
TXN005608,12.44,16,6,restaurant,contactless,1.2,2.8,3.0,1.0,0,3565,0,0
TXN005609,180.76,13,1,online,card_present,12.9,5.6,0.0,0.0,0,3114,0,0
TXN005610,56.71,20,2,grocery,card_present,21.7,14.2,2.0,3.0,0,2956,0,0
TXN005611,194.72,14,4,travel,card_present,32.8,21.5,3.0,1.0,0,2600,0,0
TXN005612,263.06,20,5,gas,card_present,31.3,5.2,2.0,1.0,0,1119,0,0
TXN005613,15.19,16,3,grocery,card_present,27.6,10.0,2.0,0.0,0,2700,0,0
TXN005614,23.3,12,6,online,online,0.4,1.2,2.0,0.0,1,3614,0,0
TXN005615,89.3,12,1,clothing,online,36.8,27.4,1.0,1.0,0,2112,1,0
TXN005616,45.49,19,5,clothing,card_present,20.1,4.2,3.0,0.0,0,1298,0,0
TXN005617,14.81,21,1,online,contactless,12.6,8.0,3.0,1.0,0,142,0,0
TXN005618,29.08,16,5,electronics,online,8.6,1.7,3.0,2.0,1,3207,0,0
TXN005619,178.88,18,2,grocery,card_present,16.7,3.7,3.0,1.0,0,1803,0,0
TXN005620,34.08,18,2,travel,card_present,1.5,22.8,3.0,0.0,0,2544,0,0
TXN005621,119.06,9,0,gas,contactless,13.3,5.9,3.0,4.0,1,137,1,0
TXN005622,42.68,15,5,restaurant,card_present,4.9,3.8,2.0,1.0,0,2237,1,0
TXN005623,29.76,21,0,gas,card_present,8.8,2.7,4.0,0.0,0,3255,0,0
TXN005624,66.06,20,4,travel,contactless,8.6,2.9,1.0,1.0,0,3410,0,0
TXN005625,26.29,18,3,gas,online,1.5,0.3,5.0,2.0,1,3220,0,0
TXN005626,16.98,22,5,electronics,card_present,2.8,12.5,3.0,1.0,0,727,0,0
TXN005627,42.11,22,5,clothing,contactless,19.5,5.6,1.0,1.0,0,865,1,0
TXN005628,26.8,15,1,electronics,online,12.2,2.7,4.0,3.0,0,425,0,0
TXN005629,17.95,19,3,online,card_present,21.3,0.3,3.0,2.0,1,603,0,0
TXN005630,13.42,6,5,grocery,card_present,18.1,0.8,3.0,1.0,0,1680,0,0
TXN005631,58.49,19,5,clothing,card_present,24.2,16.4,5.0,0.0,0,2456,0,0
TXN005632,131.85,18,3,travel,card_present,14.1,7.9,2.0,0.0,0,556,0,0
TXN005633,23.07,9,2,restaurant,card_present,16.6,1.3,5.0,0.0,0,3075,0,0
TXN005634,38.06,16,2,online,card_present,5.2,3.4,4.0,1.0,0,3532,0,0
TXN005635,71.47,15,6,online,contactless,4.8,3.0,1.0,0.0,0,1511,0,0
TXN005636,130.27,18,4,clothing,card_present,0.5,3.3,1.0,3.0,1,1888,0,0
TXN005637,508.42,17,1,electronics,card_present,30.3,8.6,7.0,0.0,0,3190,0,0
TXN005638,309.81,10,4,electronics,online,15.0,17.4,4.0,0.0,0,2787,0,0
TXN005639,46.59,8,5,restaurant,card_present,14.0,8.9,1.0,2.0,0,1179,1,0
TXN005640,110.86,6,3,clothing,card_present,23.3,1.3,0.0,2.0,0,2252,0,0
TXN005641,10.77,15,5,online,card_present,1.9,6.0,4.0,0.0,0,3041,1,0
TXN005642,420.77,18,1,grocery,online,13.7,0.3,2.0,2.0,0,92,0,0
TXN005643,31.95,7,3,electronics,online,29.2,10.2,5.0,0.0,0,959,0,0
TXN005644,99.44,20,0,restaurant,card_present,11.6,2.2,3.0,0.0,0,617,0,0
TXN005645,9.56,9,3,electronics,contactless,22.6,5.9,1.0,0.0,0,2248,0,0
TXN005646,45.19,7,5,travel,card_present,10.6,12.0,4.0,1.0,0,1467,0,0
TXN005647,56.38,10,1,electronics,card_present,3.1,12.5,4.0,0.0,1,2658,1,0
TXN005648,97.45,7,3,electronics,card_present,0.5,1.6,0.0,2.0,1,889,0,0
TXN005649,6.28,9,3,gas,online,19.7,20.0,1.0,2.0,1,832,0,0
TXN005650,359.45,7,6,electronics,contactless,5.0,12.3,0.0,0.0,0,3380,0,0
TXN005651,47.27,6,3,restaurant,card_present,9.3,9.8,2.0,0.0,0,1442,0,0
TXN005652,23.61,22,6,gas,contactless,26.0,16.6,2.0,2.0,1,3074,0,0
TXN005653,42.97,9,0,clothing,card_present,23.4,1.5,0.0,2.0,0,856,0,0
TXN005654,44.54,12,6,restaurant,contactless,6.7,12.6,3.0,2.0,0,1750,0,0
TXN005655,175.31,9,4,clothing,contactless,44.9,13.7,4.0,0.0,0,3642,0,0
TXN005656,47.21,1,3,electronics,card_present,24.4,125.5,8.0,6.0,5,14,1,1
TXN005657,40.35,14,5,clothing,card_present,9.1,19.6,1.0,0.0,0,2643,0,0
TXN005658,47.94,7,4,electronics,card_present,20.4,6.1,2.0,1.0,0,215,0,0
TXN005659,49.72,12,6,restaurant,card_present,12.0,5.8,4.0,0.0,0,1063,0,0
TXN005660,10.05,11,2,clothing,card_present,23.4,12.3,3.0,4.0,0,1152,0,0
TXN005661,13.93,21,3,restaurant,online,15.1,22.1,2.0,0.0,0,40,0,0
TXN005662,48.06,11,2,clothing,contactless,1.6,16.6,2.0,1.0,1,3285,0,0
TXN005663,191.59,11,2,restaurant,contactless,3.0,1.4,2.0,0.0,0,1635,1,0
TXN005664,80.09,14,0,electronics,online,2.4,7.7,2.0,1.0,0,2492,0,0
TXN005665,33.82,16,2,online,online,43.1,12.4,3.0,0.0,0,3370,0,0
TXN005666,23.49,8,2,travel,online,49.5,4.6,1.0,0.0,1,959,0,0
TXN005667,115.03,22,3,restaurant,contactless,1.1,1.1,2.0,0.0,0,731,1,0
TXN005668,33.54,7,6,travel,contactless,19.4,2.0,4.0,1.0,0,448,0,0
TXN005669,123.57,17,4,clothing,card_present,4.5,20.8,4.0,2.0,0,335,0,0
TXN005670,76.87,21,3,clothing,contactless,14.5,2.9,5.0,1.0,0,2774,0,0
TXN005671,12.8,20,6,restaurant,contactless,4.7,14.5,4.0,1.0,0,1655,0,0
TXN005672,86.4,12,4,grocery,contactless,20.0,4.7,1.0,1.0,0,2494,0,0
TXN005673,159.64,15,0,grocery,card_present,14.9,1.6,1.0,1.0,0,3507,0,0
TXN005674,70.14,10,5,online,card_present,14.4,1.3,2.0,0.0,1,48,0,0
TXN005675,49.63,12,2,clothing,contactless,13.1,9.7,2.0,0.0,0,1017,0,0
TXN005676,194.62,17,1,electronics,online,5.6,18.0,3.0,2.0,1,537,0,0
TXN005677,32.85,6,3,gas,card_present,45.7,19.3,1.0,1.0,0,2674,1,0
TXN005678,75.88,14,3,electronics,contactless,41.0,25.4,2.0,1.0,1,2931,0,0
TXN005679,154.25,20,2,gas,card_present,13.1,26.2,5.0,1.0,0,3108,0,0
TXN005680,66.62,22,4,restaurant,contactless,4.8,9.7,6.0,1.0,0,2753,1,0
TXN005681,109.53,14,6,restaurant,card_present,13.0,9.4,3.0,3.0,1,2320,0,0
TXN005682,22.81,11,0,restaurant,online,0.1,4.3,2.0,2.0,1,87,0,0
TXN005683,766.64,22,5,electronics,card_present,17.7,12.0,5.0,0.0,0,3581,0,0
TXN005684,11.81,21,1,restaurant,online,7.9,0.6,6.0,2.0,0,3180,0,0
TXN005685,39.39,17,0,gas,online,14.1,7.1,2.0,1.0,0,2089,0,0
TXN005686,13.52,11,1,online,card_present,4.0,14.2,2.0,3.0,0,3634,1,0
TXN005687,102.82,21,3,grocery,online,3.9,3.8,3.0,3.0,0,2520,1,0
TXN005688,31.71,21,4,electronics,card_present,5.3,0.5,2.0,1.0,0,350,0,0
TXN005689,100.28,12,3,online,card_present,32.8,7.6,3.0,0.0,0,3595,1,0
TXN005690,174.61,7,3,restaurant,contactless,3.6,5.1,4.0,2.0,0,1982,0,0
TXN005691,103.06,7,0,restaurant,card_present,5.1,3.4,2.0,0.0,1,522,1,0
TXN005692,67.26,13,0,restaurant,contactless,23.6,11.9,3.0,0.0,1,1012,0,0
TXN005693,110.11,9,0,clothing,online,26.3,10.3,3.0,0.0,0,875,0,0
TXN005694,49.6,6,5,clothing,card_present,0.6,7.1,4.0,0.0,0,1295,0,0
TXN005695,126.86,15,3,gas,card_present,9.8,0.2,1.0,0.0,0,312,0,0
TXN005696,45.64,6,3,restaurant,card_present,10.0,5.6,5.0,1.0,0,2862,1,0
TXN005697,180.65,21,0,electronics,online,17.1,5.8,4.0,0.0,0,692,1,0
TXN005698,27.32,12,2,restaurant,card_present,9.0,21.3,1.0,2.0,0,2144,0,0
TXN005699,45.21,14,2,travel,contactless,5.1,11.5,4.0,1.0,0,3230,0,0
TXN005700,40.22,18,6,restaurant,card_present,4.3,1.1,3.0,0.0,0,864,0,0
TXN005701,48.69,16,2,travel,contactless,8.1,24.9,2.0,0.0,0,3388,0,0
TXN005702,44.21,22,0,travel,card_present,6.8,16.3,1.0,1.0,1,2675,1,0
TXN005703,8.73,18,0,gas,contactless,9.2,4.1,2.0,0.0,0,594,0,0
TXN005704,186.79,9,3,online,online,12.0,24.8,3.0,1.0,0,515,0,0
TXN005705,70.06,20,6,online,card_present,7.7,28.6,2.0,0.0,0,826,0,0
TXN005706,82.75,8,0,travel,contactless,6.6,1.7,2.0,1.0,1,2526,0,0
TXN005707,124.86,8,0,clothing,card_present,9.6,1.0,3.0,2.0,0,3103,1,0
TXN005708,73.37,10,0,clothing,card_present,10.3,5.0,2.0,2.0,1,1290,1,0
TXN005709,17.48,10,6,online,online,1.8,0.4,1.0,1.0,1,2355,0,0
TXN005710,131.77,18,3,electronics,contactless,1.9,13.3,2.0,0.0,0,1695,0,0
TXN005711,44.1,19,5,restaurant,card_present,14.2,24.5,3.0,0.0,0,818,0,0
TXN005712,7.54,6,4,travel,contactless,19.5,8.9,1.0,1.0,0,2057,0,0
TXN005713,239.34,18,6,grocery,contactless,0.4,14.2,3.0,0.0,0,51,0,0
TXN005714,71.31,20,4,restaurant,contactless,14.0,6.3,6.0,1.0,0,2421,0,0
TXN005715,25.48,13,5,grocery,contactless,2.0,7.6,3.0,5.0,0,2346,0,0
TXN005716,202.59,17,6,gas,contactless,1.3,3.2,6.0,0.0,0,1798,0,0
TXN005717,22.18,7,2,clothing,card_present,25.5,1.3,6.0,0.0,0,2228,1,0
TXN005718,37.02,15,6,online,online,4.5,5.3,6.0,0.0,0,3490,0,0
TXN005719,71.75,16,0,clothing,contactless,25.8,2.1,7.0,2.0,1,2752,0,0
TXN005720,15.83,13,2,travel,card_present,18.3,7.7,3.0,0.0,0,1373,0,0
TXN005721,29.74,14,3,restaurant,card_present,5.5,2.0,3.0,0.0,0,2369,0,0
TXN005722,43.58,21,0,clothing,online,14.5,30.3,1.0,1.0,0,1752,0,0
TXN005723,243.73,18,0,electronics,card_present,23.4,4.7,3.0,2.0,0,795,0,0
TXN005724,346.75,6,3,clothing,card_present,18.6,2.7,2.0,1.0,1,2481,1,0
TXN005725,133.87,8,0,online,contactless,17.2,15.5,1.0,1.0,0,2754,1,0
TXN005726,100.4,18,4,gas,online,2.9,1.3,5.0,1.0,0,1699,0,0
TXN005727,9.47,20,1,gas,contactless,3.4,4.8,3.0,1.0,0,335,0,0
TXN005728,515.71,2,3,electronics,card_present,357.1,706.9,12.0,2.0,5,30,0,1
TXN005729,21.07,19,2,grocery,card_present,9.0,11.0,3.0,0.0,0,636,1,0
TXN005730,77.77,22,0,electronics,contactless,26.3,13.8,4.0,1.0,0,239,1,0
TXN005731,46.21,14,3,clothing,online,23.1,17.8,6.0,1.0,0,1498,0,0
TXN005732,74.15,6,4,online,online,14.8,4.9,0.0,2.0,0,2772,0,0
TXN005733,23.39,18,5,online,contactless,18.4,6.7,6.0,0.0,0,3621,1,0
TXN005734,25.86,22,4,restaurant,contactless,19.7,4.1,4.0,1.0,0,1206,1,0
TXN005735,105.4,10,6,clothing,contactless,35.5,0.5,2.0,1.0,0,1051,0,0
TXN005736,1224.05,10,5,grocery,card_present,11.1,6.0,0.0,3.0,0,350,1,0
TXN005737,84.65,6,5,restaurant,card_present,1.7,0.5,1.0,0.0,1,2692,0,0
TXN005738,225.07,15,0,travel,online,21.3,5.8,6.0,1.0,0,983,0,0
TXN005739,33.25,6,0,electronics,card_present,26.7,4.4,4.0,1.0,1,3258,1,0
TXN005740,29.24,22,4,travel,card_present,41.4,1.7,3.0,4.0,0,1617,1,0
TXN005741,24.38,6,5,online,card_present,20.5,11.6,5.0,0.0,1,231,0,0
TXN005742,471.03,11,4,electronics,card_present,27.4,7.8,4.0,0.0,1,1677,0,0
TXN005743,288.48,16,3,travel,card_present,22.5,6.1,1.0,2.0,1,902,0,0
TXN005744,146.4,18,3,clothing,card_present,17.3,7.3,2.0,1.0,0,1910,1,0
TXN005745,13.02,18,3,travel,card_present,6.6,1.6,4.0,1.0,1,1194,0,0
TXN005746,235.18,22,2,jewelry,online,454.4,82.2,13.0,6.0,5,45,1,1
TXN005747,175.04,16,3,restaurant,contactless,4.9,3.8,4.0,0.0,1,2542,0,0
TXN005748,12.39,7,3,travel,online,3.5,1.2,2.0,0.0,0,1500,1,0
TXN005749,62.9,18,5,travel,card_present,15.2,25.7,6.0,0.0,0,602,1,0
TXN005750,67.39,18,6,travel,contactless,31.4,2.3,2.0,1.0,0,983,0,0
TXN005751,151.06,20,1,online,card_present,32.0,10.4,5.0,1.0,0,2526,1,0
TXN005752,8.67,14,1,travel,online,6.4,11.9,0.0,5.0,0,1007,0,0
TXN005753,69.62,14,1,grocery,online,17.2,1.2,1.0,0.0,0,2316,1,0
TXN005754,6.24,20,2,travel,contactless,3.4,9.3,0.0,1.0,0,1135,1,0
TXN005755,28.16,9,3,travel,online,11.6,5.8,2.0,1.0,0,894,0,0
TXN005756,159.35,15,4,restaurant,card_present,4.5,2.7,3.0,0.0,1,284,1,0
TXN005757,8.36,13,3,online,online,21.7,12.1,4.0,0.0,0,1768,0,0
TXN005758,19.61,20,0,clothing,online,8.5,18.4,2.0,2.0,1,1864,0,0
TXN005759,20.2,19,0,electronics,card_present,0.2,9.7,1.0,2.0,0,711,0,0
TXN005760,36.26,14,1,restaurant,card_present,13.9,21.0,4.0,1.0,0,3013,0,0
TXN005761,32.27,13,4,grocery,online,5.7,1.0,0.0,0.0,0,1774,0,0
TXN005762,41.56,12,4,grocery,card_present,14.6,7.7,2.0,0.0,1,1081,1,0
TXN005763,41.68,21,1,electronics,contactless,29.6,17.6,0.0,0.0,0,955,0,0
TXN005764,74.54,6,0,online,card_present,9.2,14.6,4.0,0.0,0,1605,0,0
TXN005765,9.6,13,1,gas,contactless,29.9,18.6,5.0,0.0,0,1474,0,0
TXN005766,73.59,18,0,electronics,card_present,8.9,5.9,2.0,0.0,0,1245,0,0
TXN005767,71.71,21,5,electronics,card_present,0.1,8.3,3.0,2.0,0,1554,0,0
TXN005768,26.84,17,0,online,online,20.8,28.4,2.0,1.0,0,1537,0,0
TXN005769,68.4,20,2,restaurant,online,27.1,16.7,2.0,1.0,0,1563,1,0
TXN005770,119.28,8,4,online,card_present,1.0,8.2,5.0,2.0,0,348,0,0
TXN005771,430.19,19,2,gas,contactless,35.6,3.5,2.0,0.0,1,2114,0,0
TXN005772,142.95,16,0,electronics,contactless,2.7,11.0,1.0,0.0,1,974,0,0
TXN005773,33.53,12,3,grocery,contactless,16.0,2.0,1.0,1.0,0,247,0,0
TXN005774,3.53,14,2,grocery,card_present,12.8,4.2,4.0,2.0,1,403,0,0
TXN005775,74.67,13,6,grocery,card_present,17.9,2.6,5.0,1.0,0,866,0,0
TXN005776,61.92,9,3,travel,card_present,34.6,0.3,4.0,0.0,1,2005,0,0
TXN005777,20.12,10,1,gas,contactless,14.6,7.0,5.0,1.0,1,2619,0,0
TXN005778,7.29,14,2,restaurant,online,7.4,0.1,5.0,1.0,1,765,0,0
TXN005779,25.81,9,4,online,contactless,8.7,4.3,5.0,1.0,1,2098,1,0
TXN005780,116.24,8,1,online,online,10.4,5.4,1.0,0.0,0,1703,1,0
TXN005781,20.54,8,3,online,contactless,17.9,5.7,4.0,0.0,0,1910,0,0
TXN005782,154.62,9,2,grocery,online,25.9,6.8,7.0,1.0,1,1530,0,0
TXN005783,53.97,18,4,clothing,card_present,12.1,1.6,2.0,0.0,0,3117,0,0
TXN005784,29.07,20,0,grocery,card_present,1.2,14.6,3.0,2.0,0,1275,0,0
TXN005785,138.08,12,3,gas,contactless,9.8,10.0,5.0,1.0,0,1339,0,0
TXN005786,111.99,22,2,restaurant,card_present,0.4,16.2,3.0,0.0,0,2265,0,0
TXN005787,17.17,12,4,online,card_present,2.1,5.2,2.0,2.0,1,3485,0,0
TXN005788,24.43,17,4,online,online,23.2,17.0,4.0,1.0,0,1557,0,0
TXN005789,568.87,12,4,restaurant,card_present,21.0,17.8,4.0,1.0,0,340,0,0
TXN005790,30.99,21,5,gas,card_present,1.0,8.5,6.0,1.0,0,1163,1,0
TXN005791,26.66,9,2,restaurant,online,10.9,17.6,2.0,0.0,0,3623,0,0
TXN005792,169.49,13,4,gas,card_present,0.3,14.0,2.0,1.0,0,974,0,0
TXN005793,57.07,6,1,electronics,contactless,2.9,5.2,6.0,1.0,1,428,0,0
TXN005794,35.28,13,5,electronics,card_present,7.2,20.4,3.0,1.0,0,3644,0,0
TXN005795,55.57,22,5,gas,card_present,6.8,16.4,5.0,0.0,1,2401,0,0
TXN005796,94.73,15,6,travel,contactless,2.3,10.4,2.0,0.0,0,1229,0,0
TXN005797,11.35,21,6,gas,card_present,1.7,0.1,3.0,2.0,1,2312,0,0
TXN005798,78.13,13,6,online,card_present,12.9,4.7,3.0,1.0,0,2982,0,0
TXN005799,50.9,19,6,travel,card_present,1.1,7.2,6.0,0.0,1,2119,0,0
TXN005800,638.19,0,1,jewelry,online,103.8,421.0,6.0,4.0,1,33,1,1
TXN005801,55.41,13,6,gas,card_present,16.7,8.0,1.0,0.0,1,2993,0,0
TXN005802,45.43,13,4,grocery,card_present,23.4,15.6,5.0,2.0,0,3609,0,0
TXN005803,15.09,13,5,restaurant,online,27.0,4.5,3.0,0.0,0,2244,0,0
TXN005804,68.91,20,1,grocery,card_present,43.5,9.2,1.0,1.0,0,61,1,0
TXN005805,23.71,22,4,electronics,card_present,8.0,6.2,4.0,0.0,1,3362,0,0
TXN005806,9.36,7,5,restaurant,online,1.6,14.7,4.0,1.0,0,803,0,0
TXN005807,178.39,19,0,online,card_present,1.1,19.8,5.0,2.0,0,2512,0,0
TXN005808,788.92,23,5,online,online,237.0,140.0,14.0,7.0,3,30,1,1
TXN005809,38.12,20,4,travel,online,4.3,7.9,2.0,0.0,0,2234,0,0
TXN005810,26.2,16,0,electronics,online,18.2,7.4,5.0,3.0,0,503,0,0
TXN005811,90.1,8,4,grocery,online,21.7,8.7,6.0,2.0,0,993,0,0
TXN005812,49.57,13,6,grocery,card_present,16.5,12.5,3.0,1.0,0,3622,0,0
TXN005813,10.69,13,5,gas,card_present,13.8,11.1,5.0,0.0,0,1844,1,0
TXN005814,19.21,11,5,electronics,card_present,17.7,4.5,5.0,2.0,0,72,0,0
TXN005815,15.94,14,4,gas,contactless,21.3,27.2,2.0,0.0,0,1205,1,0
TXN005816,434.45,8,6,clothing,card_present,5.6,16.0,5.0,2.0,0,3085,0,0
TXN005817,36.11,21,6,clothing,contactless,3.3,1.0,6.0,0.0,0,3503,0,0
TXN005818,8.3,8,4,online,card_present,10.4,11.1,1.0,1.0,0,209,0,0
TXN005819,126.96,15,6,online,online,15.7,3.1,1.0,2.0,1,1777,1,0
TXN005820,57.99,6,4,grocery,card_present,14.4,12.4,3.0,3.0,0,1577,0,0
TXN005821,105.15,6,6,electronics,card_present,6.1,4.7,3.0,1.0,0,443,0,0
TXN005822,63.95,21,3,electronics,card_present,41.8,5.5,2.0,0.0,0,2270,0,0
TXN005823,23.69,18,0,gas,online,35.1,27.7,3.0,0.0,0,2239,0,0
TXN005824,99.81,8,6,restaurant,card_present,13.0,14.8,3.0,0.0,1,536,1,0
TXN005825,50.26,20,3,travel,online,22.0,21.3,2.0,0.0,0,3304,0,0
TXN005826,46.54,15,5,clothing,card_present,5.1,14.7,1.0,2.0,0,295,0,0
TXN005827,9.74,9,6,restaurant,contactless,6.2,13.7,6.0,0.0,0,1083,1,0
TXN005828,49.38,16,5,restaurant,contactless,8.5,3.0,1.0,0.0,0,2338,0,0
TXN005829,40.09,9,0,gas,online,20.1,4.8,2.0,0.0,1,849,0,0
TXN005830,62.45,14,3,grocery,online,3.7,9.4,2.0,0.0,0,3094,1,0
TXN005831,120.9,9,6,grocery,online,31.9,12.7,2.0,1.0,0,1118,0,0
TXN005832,29.3,6,4,restaurant,card_present,0.6,13.7,3.0,0.0,0,2988,0,0
TXN005833,16.62,10,3,travel,online,22.8,19.0,4.0,3.0,1,2094,0,0
TXN005834,93.78,9,4,online,online,24.6,13.1,1.0,0.0,1,59,0,0
TXN005835,70.26,21,0,electronics,online,22.1,9.2,2.0,2.0,0,1397,0,0
TXN005836,27.12,14,3,electronics,online,12.4,10.9,1.0,0.0,0,1644,0,0
TXN005837,42.56,12,2,electronics,online,25.3,8.9,1.0,0.0,0,1875,0,0
TXN005838,214.98,15,2,grocery,card_present,17.9,5.9,4.0,0.0,0,2691,1,0
TXN005839,101.79,22,0,travel,card_present,9.3,0.9,0.0,0.0,0,2998,1,0
TXN005840,141.9,10,4,restaurant,contactless,4.2,13.0,2.0,2.0,0,3180,0,0
TXN005841,23.85,20,5,restaurant,card_present,1.1,20.6,6.0,0.0,0,2238,0,0
TXN005842,31.61,13,1,online,card_present,11.6,25.3,3.0,0.0,0,707,0,0
TXN005843,43.77,9,4,gas,contactless,7.0,3.2,4.0,0.0,0,2689,0,0
TXN005844,74.62,6,4,restaurant,online,41.7,2.6,5.0,1.0,0,3509,0,0
TXN005845,29.03,18,6,travel,contactless,3.5,14.1,4.0,0.0,0,3072,0,0
TXN005846,66.56,15,4,online,contactless,29.2,2.5,3.0,0.0,0,598,0,0
TXN005847,27.08,11,0,travel,card_present,10.6,21.4,2.0,0.0,0,2309,0,0
TXN005848,44.06,20,2,restaurant,card_present,4.0,19.2,6.0,0.0,0,2888,1,0
TXN005849,34.69,17,6,clothing,contactless,3.3,6.5,5.0,1.0,0,410,0,0
TXN005850,96.79,11,4,grocery,contactless,29.3,7.0,2.0,0.0,0,3405,0,0
TXN005851,30.66,15,1,clothing,contactless,17.0,9.7,0.0,2.0,1,1726,0,0
TXN005852,61.94,6,4,grocery,contactless,8.1,21.8,1.0,2.0,0,196,1,0
TXN005853,48.38,8,1,gas,online,3.7,7.8,2.0,0.0,0,2466,0,0
TXN005854,60.7,11,3,electronics,online,27.6,4.3,6.0,0.0,0,2093,0,0
TXN005855,43.36,20,3,restaurant,card_present,30.7,3.5,6.0,1.0,0,3559,0,0
TXN005856,121.07,8,3,travel,online,11.8,14.2,6.0,1.0,0,3507,0,0
TXN005857,42.64,19,3,electronics,contactless,8.2,13.6,2.0,0.0,0,922,0,0
TXN005858,1227.72,13,6,clothing,card_present,17.6,9.4,5.0,0.0,0,2755,0,0
TXN005859,38.61,21,4,grocery,card_present,5.1,2.1,2.0,1.0,0,747,0,0
TXN005860,13.9,21,0,restaurant,card_present,10.1,8.4,5.0,1.0,0,2140,0,0
TXN005861,24.14,20,5,electronics,contactless,1.1,1.0,0.0,0.0,0,1347,0,0
TXN005862,87.82,19,5,clothing,online,13.7,0.6,3.0,1.0,1,1039,0,0
TXN005863,59.43,14,2,online,card_present,14.2,2.8,2.0,0.0,0,383,0,0
TXN005864,121.11,17,6,travel,card_present,3.3,9.2,7.0,2.0,0,2338,0,0
TXN005865,126.28,21,5,electronics,online,1.7,24.8,6.0,1.0,0,2926,0,0
TXN005866,64.63,11,5,travel,online,1.1,7.8,2.0,2.0,0,1775,0,0
TXN005867,30.43,9,4,electronics,card_present,9.6,12.0,4.0,1.0,0,3230,0,0
TXN005868,20.78,22,5,electronics,contactless,4.3,1.8,3.0,0.0,0,1066,0,0
TXN005869,40.65,9,5,gas,contactless,35.5,1.6,2.0,2.0,0,270,0,0
TXN005870,69.69,17,3,restaurant,online,9.5,7.2,4.0,0.0,0,3599,0,0
TXN005871,17.69,15,4,restaurant,online,44.2,6.6,3.0,1.0,0,2289,0,0
TXN005872,48.64,16,6,clothing,card_present,13.6,0.8,6.0,0.0,0,3563,1,0
TXN005873,52.19,17,4,clothing,card_present,16.8,14.2,1.0,0.0,0,209,0,0
TXN005874,60.2,15,3,electronics,card_present,8.4,4.2,1.0,1.0,0,2240,0,0
TXN005875,6.34,10,2,electronics,online,8.4,5.6,5.0,0.0,1,1667,1,0
TXN005876,122.73,14,5,travel,online,11.5,12.7,4.0,0.0,1,1023,0,0
TXN005877,7.52,12,4,travel,card_present,9.8,10.8,4.0,0.0,0,1891,1,0
TXN005878,192.02,18,5,gas,card_present,23.1,1.1,1.0,0.0,0,3123,0,0
TXN005879,89.25,11,1,gas,contactless,4.4,12.2,1.0,2.0,1,1492,0,0
TXN005880,24.76,19,5,grocery,card_present,9.5,3.1,3.0,1.0,0,289,0,0
TXN005881,55.3,18,6,clothing,card_present,5.4,2.0,1.0,1.0,0,1799,0,0
TXN005882,65.74,12,0,gas,card_present,9.7,5.8,3.0,1.0,0,1250,0,0
TXN005883,99.73,19,5,grocery,contactless,30.9,3.3,4.0,1.0,0,342,0,0
TXN005884,7.67,15,4,clothing,online,9.6,9.2,5.0,0.0,0,3530,0,0
TXN005885,72.0,6,2,grocery,card_present,28.1,3.9,4.0,0.0,0,3072,0,0
TXN005886,79.02,7,5,gas,card_present,27.4,5.2,7.0,0.0,1,1071,0,0
TXN005887,77.21,20,0,online,contactless,33.3,0.1,3.0,0.0,1,226,0,0
TXN005888,22.45,17,6,online,card_present,13.3,13.4,5.0,1.0,0,1185,1,0
TXN005889,43.71,20,2,online,online,25.8,8.4,2.0,1.0,0,658,0,0
TXN005890,16.95,15,2,electronics,card_present,15.9,1.8,3.0,0.0,0,3023,0,0
TXN005891,59.46,8,4,restaurant,card_present,11.6,1.0,2.0,1.0,1,607,0,0
TXN005892,83.2,16,6,travel,online,3.3,4.0,5.0,0.0,1,417,0,0
TXN005893,20.63,18,1,electronics,card_present,6.6,13.5,5.0,1.0,0,781,1,0
TXN005894,41.13,17,1,restaurant,contactless,8.2,1.8,1.0,0.0,0,1720,0,0
TXN005895,234.03,16,0,grocery,card_present,5.9,4.0,3.0,0.0,1,179,1,0
TXN005896,191.05,17,0,clothing,card_present,18.6,13.8,2.0,0.0,0,267,1,0
TXN005897,65.27,6,5,electronics,card_present,14.7,21.5,7.0,0.0,0,1681,0,0
TXN005898,52.43,9,1,electronics,card_present,21.6,9.0,3.0,2.0,0,1474,0,0
TXN005899,112.36,10,3,travel,card_present,22.9,0.8,2.0,1.0,0,2201,0,0
TXN005900,11.75,20,2,clothing,contactless,9.2,0.8,3.0,1.0,1,2204,0,0
TXN005901,62.18,8,2,grocery,online,10.4,4.8,4.0,0.0,0,1048,0,0
TXN005902,179.96,13,2,restaurant,card_present,4.4,2.0,1.0,4.0,0,3391,0,0
TXN005903,48.52,11,5,online,online,16.4,1.1,2.0,2.0,1,1608,1,0
TXN005904,57.31,15,0,restaurant,online,45.8,1.9,1.0,3.0,0,2326,0,0
TXN005905,124.22,14,2,online,card_present,5.6,0.8,1.0,0.0,0,1018,0,0
TXN005906,28.46,16,2,restaurant,online,4.6,5.6,2.0,2.0,0,1981,0,0
TXN005907,153.34,10,3,clothing,card_present,3.7,6.5,3.0,0.0,0,762,1,0
TXN005908,133.65,21,3,online,online,37.7,12.6,4.0,1.0,0,186,0,0
TXN005909,339.29,0,6,travel,online,231.8,5.3,10.0,9.0,5,43,1,1
TXN005910,9.02,20,3,grocery,contactless,1.4,16.6,8.0,0.0,0,2392,0,0
TXN005911,91.06,22,4,gas,online,14.5,8.5,3.0,2.0,0,2488,0,0
TXN005912,190.36,4,5,electronics,online,83.5,104.4,8.0,5.0,2,13,1,1
TXN005913,62.12,5,1,electronics,online,183.1,36.0,12.0,5.0,1,20,1,1
TXN005914,119.6,13,6,grocery,online,11.9,14.7,3.0,1.0,1,1940,0,0
TXN005915,6.69,6,3,clothing,card_present,16.7,12.8,4.0,1.0,1,1923,0,0
TXN005916,144.87,15,1,travel,card_present,29.4,2.5,2.0,1.0,1,306,0,0
TXN005917,165.37,20,2,electronics,online,5.8,6.7,4.0,0.0,0,97,0,0
TXN005918,179.81,19,4,clothing,card_present,5.4,8.9,3.0,0.0,0,1264,0,0
TXN005919,85.73,10,6,grocery,contactless,24.5,12.4,4.0,0.0,0,3532,0,0
TXN005920,28.39,21,2,clothing,online,4.7,4.4,3.0,2.0,0,2606,0,0
TXN005921,41.58,20,5,clothing,contactless,2.8,1.5,3.0,3.0,0,3269,0,0
TXN005922,23.94,16,0,electronics,card_present,18.6,14.4,0.0,0.0,0,1404,0,0
TXN005923,45.81,14,2,restaurant,card_present,13.0,10.1,2.0,2.0,0,3100,0,0
TXN005924,123.65,20,4,restaurant,online,15.8,18.1,4.0,0.0,0,3069,0,0
TXN005925,44.89,8,1,grocery,card_present,4.9,3.3,6.0,1.0,0,1789,1,0
TXN005926,27.66,16,6,electronics,card_present,15.9,13.2,3.0,1.0,1,356,0,0
TXN005927,82.24,18,0,online,contactless,32.6,8.8,2.0,1.0,0,855,0,0
TXN005928,33.16,15,6,grocery,online,59.4,10.2,2.0,2.0,1,450,0,0
TXN005929,13.37,11,4,gas,card_present,8.5,1.3,4.0,1.0,0,1604,0,0
TXN005930,32.09,7,6,grocery,card_present,1.7,2.2,0.0,0.0,1,1354,1,0
TXN005931,354.59,19,6,online,online,32.6,11.7,3.0,3.0,1,3480,0,0
TXN005932,11.6,8,6,electronics,card_present,8.3,4.7,3.0,1.0,0,3489,0,0
TXN005933,68.93,6,5,restaurant,online,11.5,4.2,2.0,0.0,0,1969,0,0
TXN005934,11.38,11,1,grocery,contactless,6.8,3.6,2.0,0.0,0,1457,0,0
TXN005935,10.61,14,4,grocery,contactless,29.0,4.3,3.0,1.0,0,1277,1,0
TXN005936,155.86,4,3,online,online,107.8,439.7,4.0,8.0,2,20,1,1
TXN005937,10.28,22,5,online,card_present,4.7,10.4,4.0,2.0,0,3135,0,0
TXN005938,119.74,16,3,online,card_present,23.3,6.7,7.0,2.0,0,2046,0,0
TXN005939,43.87,8,5,online,card_present,17.0,8.7,5.0,0.0,0,1125,1,0
TXN005940,124.47,22,5,grocery,card_present,3.7,2.6,2.0,0.0,0,1159,1,0
TXN005941,43.6,8,1,electronics,online,25.6,0.9,2.0,0.0,0,2165,1,0
TXN005942,128.97,7,4,electronics,card_present,13.4,0.8,3.0,1.0,0,2076,0,0
TXN005943,12.46,18,6,online,card_present,10.6,10.3,4.0,2.0,0,952,0,0
TXN005944,62.25,7,4,online,contactless,4.2,13.1,3.0,4.0,0,428,0,0
TXN005945,8.51,19,5,restaurant,online,28.3,18.5,8.0,1.0,0,971,1,0
TXN005946,47.44,21,6,clothing,card_present,6.1,8.8,1.0,3.0,0,853,0,0
TXN005947,44.6,7,2,online,card_present,5.7,6.3,3.0,1.0,0,1417,0,0
TXN005948,45.97,21,6,clothing,card_present,0.8,19.3,3.0,0.0,0,631,0,0
TXN005949,94.13,11,4,grocery,contactless,6.7,4.3,1.0,0.0,0,461,0,0
TXN005950,38.25,6,1,gas,card_present,24.1,9.7,3.0,2.0,0,2018,0,0
TXN005951,43.49,20,6,electronics,contactless,17.6,0.2,8.0,3.0,0,3284,0,0
TXN005952,7.55,9,1,travel,card_present,11.8,2.9,3.0,1.0,0,3320,1,0
TXN005953,83.11,18,3,restaurant,card_present,27.9,19.1,3.0,0.0,0,572,0,0
TXN005954,33.86,16,5,travel,card_present,32.3,6.7,1.0,1.0,0,1447,0,0
TXN005955,66.44,17,3,electronics,online,10.8,3.0,3.0,1.0,0,3514,0,0
TXN005956,21.37,6,3,gas,contactless,13.0,6.7,4.0,0.0,0,2206,0,0
TXN005957,51.25,4,6,online,card_present,223.1,277.4,8.0,7.0,2,47,1,1
TXN005958,143.18,15,0,online,card_present,18.7,4.0,5.0,1.0,0,2622,0,0
TXN005959,26.49,18,2,electronics,card_present,5.6,0.3,6.0,2.0,0,963,0,0
TXN005960,44.5,7,3,online,contactless,2.2,1.0,3.0,1.0,1,1879,0,0
TXN005961,81.11,21,1,gas,card_present,6.7,21.3,4.0,0.0,1,1542,0,0
TXN005962,61.39,6,2,grocery,card_present,10.9,11.8,3.0,1.0,1,1635,0,0
TXN005963,83.7,19,0,clothing,card_present,7.4,1.3,2.0,1.0,0,2513,0,0
TXN005964,52.39,16,3,restaurant,online,12.1,0.9,2.0,3.0,0,1389,1,0
TXN005965,28.75,21,1,gas,online,1.4,4.1,3.0,1.0,0,906,0,0
TXN005966,55.28,14,3,gas,card_present,10.6,17.8,3.0,2.0,0,409,0,0
TXN005967,38.11,15,6,gas,card_present,24.7,0.4,5.0,0.0,0,2247,0,0
TXN005968,21.92,16,0,grocery,online,22.3,1.4,3.0,1.0,0,1168,0,0
TXN005969,26.04,10,2,online,online,17.6,6.7,3.0,1.0,0,2434,0,0
TXN005970,30.27,20,3,gas,online,22.1,20.1,3.0,3.0,1,2419,0,0
TXN005971,8.42,7,0,clothing,online,20.8,8.6,3.0,0.0,0,932,0,0
TXN005972,13.46,16,6,restaurant,card_present,11.9,5.3,3.0,1.0,0,3392,0,0
TXN005973,43.08,11,3,online,online,19.0,9.8,5.0,2.0,0,1577,0,0
TXN005974,91.49,9,2,grocery,card_present,2.4,3.8,5.0,0.0,0,79,0,0
TXN005975,25.15,12,3,electronics,card_present,24.2,6.2,6.0,1.0,1,3625,0,0
TXN005976,86.77,18,2,travel,contactless,12.7,9.1,3.0,2.0,0,2276,0,0
TXN005977,491.1,8,1,gas,online,12.8,4.8,1.0,1.0,0,991,0,0
TXN005978,32.27,6,2,travel,contactless,19.6,4.3,5.0,0.0,0,237,0,0
TXN005979,24.96,22,4,clothing,card_present,3.3,18.7,7.0,1.0,0,2541,0,0
TXN005980,113.52,15,1,travel,online,27.9,14.4,5.0,1.0,0,1773,1,0
TXN005981,129.24,12,4,clothing,online,5.7,5.7,2.0,3.0,0,1555,0,0
TXN005982,15.84,9,5,travel,card_present,13.4,9.7,2.0,1.0,1,587,0,0
TXN005983,558.86,2,5,travel,card_present,6.4,460.4,6.0,4.0,5,27,1,1
TXN005984,208.82,13,5,grocery,contactless,25.9,8.1,5.0,0.0,0,598,0,0
TXN005985,40.91,10,0,clothing,online,5.3,7.4,2.0,0.0,0,1790,0,0
TXN005986,2964.45,1,5,electronics,card_present,256.8,78.1,7.0,3.0,5,38,1,1
TXN005987,93.75,18,6,restaurant,card_present,24.9,3.3,3.0,2.0,0,2046,1,0
TXN005988,26.53,17,5,clothing,card_present,18.2,1.4,1.0,0.0,0,2104,0,0
TXN005989,10.02,22,4,online,online,8.9,6.5,4.0,1.0,0,1828,0,0
TXN005990,153.87,22,3,online,card_present,15.8,15.7,4.0,0.0,1,3148,1,0
TXN005991,32.86,6,4,grocery,contactless,18.6,2.9,3.0,3.0,0,3319,0,0
TXN005992,53.29,12,0,gas,card_present,37.6,15.0,6.0,0.0,0,1145,1,0
TXN005993,30.01,7,4,grocery,online,31.0,13.2,4.0,1.0,1,938,0,0
TXN005994,153.31,15,3,online,contactless,13.4,12.1,2.0,0.0,0,1479,0,0
TXN005995,31.53,22,5,travel,contactless,5.1,4.1,1.0,2.0,0,3639,0,0
TXN005996,53.97,0,0,electronics,card_present,98.0,454.5,8.0,7.0,4,16,1,1
TXN005997,129.47,19,5,travel,online,7.3,8.3,2.0,0.0,0,2606,0,0
TXN005998,58.55,15,5,restaurant,card_present,16.6,8.1,3.0,0.0,0,1790,1,0
TXN005999,103.41,20,2,gas,contactless,6.8,12.2,2.0,0.0,0,3521,0,0
TXN006000,29.79,12,4,online,card_present,35.5,12.3,3.0,0.0,0,1724,0,0
TXN006001,29.29,6,4,grocery,contactless,5.3,16.9,4.0,2.0,0,1051,0,0
TXN006002,40.03,9,1,gas,contactless,12.2,19.8,3.0,1.0,0,1864,0,0
TXN006003,336.32,6,2,restaurant,online,13.9,7.1,4.0,0.0,0,323,1,0
TXN006004,53.84,20,2,restaurant,contactless,7.1,3.6,3.0,0.0,0,2293,0,0
TXN006005,147.57,15,6,online,contactless,27.0,4.1,3.0,0.0,0,2523,0,0
TXN006006,90.4,18,4,clothing,card_present,30.3,7.6,3.0,2.0,0,3326,0,0
TXN006007,26.75,17,3,online,card_present,7.5,3.0,6.0,1.0,0,146,0,0
TXN006008,52.5,12,3,restaurant,online,9.0,0.3,3.0,2.0,0,810,0,0
TXN006009,85.51,22,2,jewelry,online,492.5,70.9,9.0,7.0,1,35,1,1
TXN006010,102.04,15,2,clothing,card_present,38.7,10.3,1.0,1.0,0,552,1,0
TXN006011,63.29,13,2,travel,card_present,6.2,14.5,7.0,1.0,1,757,0,0
TXN006012,57.63,6,2,clothing,card_present,0.7,5.7,3.0,1.0,0,2296,0,0
TXN006013,230.74,15,1,travel,online,6.7,14.9,1.0,0.0,0,3533,1,0
TXN006014,23.64,19,4,online,online,13.7,16.1,2.0,1.0,0,854,0,0
TXN006015,30.07,21,0,grocery,card_present,13.2,9.1,8.0,1.0,0,2325,0,0
TXN006016,273.96,12,4,travel,card_present,0.1,3.0,5.0,0.0,0,3366,0,0
TXN006017,784.14,23,3,online,online,332.7,419.8,4.0,8.0,5,48,0,1
TXN006018,50.98,7,4,online,card_present,5.1,8.3,4.0,1.0,0,3541,0,0
TXN006019,142.24,18,1,restaurant,card_present,0.4,6.7,3.0,0.0,0,193,0,0
TXN006020,57.54,22,6,travel,card_present,13.1,4.3,5.0,0.0,0,507,0,0
TXN006021,3.14,17,5,online,card_present,38.4,3.2,2.0,0.0,0,3223,0,0
TXN006022,26.17,12,3,gas,card_present,12.9,1.9,6.0,2.0,0,2698,0,0
TXN006023,27.72,7,4,electronics,card_present,47.9,12.8,2.0,0.0,1,552,0,0
TXN006024,66.13,8,0,clothing,card_present,50.0,0.2,4.0,1.0,0,2722,0,0
TXN006025,17.68,8,5,grocery,card_present,17.9,0.3,4.0,1.0,0,2125,0,0
TXN006026,37.32,6,2,gas,online,28.1,10.5,2.0,1.0,0,1921,0,0
TXN006027,34.77,14,6,electronics,card_present,13.4,0.0,5.0,1.0,0,1342,0,0
TXN006028,188.14,18,3,restaurant,card_present,3.0,20.4,3.0,1.0,0,210,1,0
TXN006029,32.52,6,6,electronics,online,25.8,8.6,3.0,1.0,0,2711,0,0
TXN006030,26.29,15,0,gas,card_present,3.2,7.6,3.0,1.0,0,763,0,0
TXN006031,87.75,1,6,electronics,online,15.9,98.3,16.0,4.0,4,44,1,1
TXN006032,35.95,21,5,restaurant,card_present,18.3,2.7,6.0,1.0,0,1931,1,0
TXN006033,78.27,9,4,online,online,23.6,9.5,3.0,2.0,0,1765,0,0
TXN006034,20.93,10,4,electronics,contactless,6.2,9.9,3.0,3.0,0,1460,0,0
TXN006035,52.74,16,6,restaurant,card_present,16.4,6.2,5.0,1.0,0,614,0,0
TXN006036,53.22,19,1,online,online,19.8,10.7,4.0,1.0,0,405,1,0
TXN006037,40.67,0,6,online,online,267.7,322.4,8.0,7.0,2,1,1,1
TXN006038,22.41,17,1,gas,card_present,0.6,8.0,6.0,1.0,0,2962,0,0
TXN006039,21.84,20,4,electronics,card_present,4.9,6.5,2.0,2.0,0,818,1,0
TXN006040,30.55,19,6,travel,card_present,9.6,2.1,4.0,0.0,0,725,0,0
TXN006041,127.63,17,6,electronics,card_present,11.3,18.4,4.0,0.0,0,849,0,0
TXN006042,100.03,17,4,gas,card_present,20.6,3.5,4.0,0.0,1,2794,0,0
TXN006043,121.26,20,4,restaurant,online,7.9,1.6,2.0,2.0,0,2936,0,0
TXN006044,46.04,11,2,electronics,online,3.9,2.8,1.0,1.0,1,1898,0,0
TXN006045,165.82,8,4,online,contactless,17.3,20.4,6.0,4.0,1,677,0,0
TXN006046,62.72,16,5,online,card_present,18.8,3.0,2.0,3.0,1,982,0,0
TXN006047,207.59,10,6,electronics,online,17.6,9.0,3.0,1.0,0,1296,0,0
TXN006048,11.17,15,4,electronics,card_present,6.5,1.1,3.0,0.0,0,2040,1,0
TXN006049,22.05,6,4,electronics,online,38.7,4.2,2.0,2.0,0,3562,0,0
TXN006050,14.7,8,2,restaurant,card_present,7.5,7.3,2.0,2.0,1,1864,0,0
TXN006051,17.8,6,5,restaurant,online,28.1,30.5,2.0,2.0,1,2571,1,0
TXN006052,65.16,16,5,gas,online,10.4,16.9,2.0,1.0,0,3414,0,0
TXN006053,25.9,19,4,grocery,card_present,0.3,4.2,1.0,1.0,0,1195,0,0
TXN006054,27.84,17,4,clothing,online,9.2,26.7,1.0,1.0,0,588,0,0
TXN006055,135.06,22,1,grocery,card_present,17.8,6.8,0.0,0.0,0,1452,0,0
TXN006056,70.07,12,6,clothing,contactless,15.1,4.0,3.0,0.0,0,2810,0,0
TXN006057,153.03,7,3,gas,online,34.9,5.5,4.0,1.0,1,2737,0,0
TXN006058,38.0,13,1,clothing,online,25.2,0.3,2.0,1.0,0,3487,0,0
TXN006059,74.92,18,6,grocery,card_present,16.6,28.9,3.0,2.0,1,1467,0,0
TXN006060,27.98,20,5,travel,online,9.5,9.8,3.0,0.0,0,2791,0,0
TXN006061,134.09,14,4,electronics,contactless,21.1,13.0,3.0,0.0,1,1238,0,0
TXN006062,123.93,16,1,restaurant,card_present,11.0,14.0,3.0,1.0,0,1008,0,0
TXN006063,29.53,22,2,online,online,12.9,17.5,3.0,1.0,0,126,0,0
TXN006064,172.89,21,4,gas,card_present,33.7,19.5,6.0,1.0,1,1383,0,0
TXN006065,140.27,22,6,travel,contactless,7.8,6.2,3.0,2.0,1,2704,0,0
TXN006066,5.66,22,0,travel,online,11.9,12.3,4.0,0.0,0,1746,0,0
TXN006067,69.86,21,6,electronics,contactless,17.5,14.9,4.0,0.0,0,1023,0,0
TXN006068,161.21,13,5,online,card_present,10.4,8.9,2.0,1.0,0,3045,0,0
TXN006069,19.3,17,5,restaurant,contactless,16.2,0.3,4.0,2.0,0,2647,0,0
TXN006070,31.66,12,0,online,online,19.2,19.2,2.0,1.0,0,2003,0,0
TXN006071,18.52,7,1,grocery,card_present,6.3,4.8,5.0,3.0,0,1744,0,0
TXN006072,306.52,0,4,jewelry,online,218.2,260.4,8.0,4.0,4,54,0,1
TXN006073,44.89,11,4,clothing,online,3.4,4.4,4.0,0.0,0,1823,0,0
TXN006074,29.73,10,5,gas,online,6.8,15.9,1.0,0.0,0,3276,0,0
TXN006075,39.58,17,5,travel,online,15.8,8.2,3.0,0.0,1,2616,0,0
TXN006076,68.26,8,0,online,card_present,15.7,9.9,3.0,1.0,0,1074,0,0
TXN006077,124.01,19,2,online,card_present,24.9,20.6,2.0,1.0,0,1217,0,0
TXN006078,64.86,6,3,online,online,4.3,22.0,0.0,1.0,0,1987,0,0
TXN006079,36.95,12,0,restaurant,card_present,8.5,18.4,2.0,1.0,0,2687,0,0
TXN006080,28.88,20,5,online,card_present,21.1,1.1,3.0,0.0,0,2837,0,0
TXN006081,192.65,15,4,restaurant,card_present,9.1,3.0,2.0,1.0,0,2873,0,0
TXN006082,12.36,22,5,travel,contactless,13.1,13.7,4.0,0.0,1,1476,0,0
TXN006083,57.73,17,3,electronics,card_present,32.2,4.6,4.0,3.0,0,2489,0,0
TXN006084,23.76,8,0,restaurant,online,16.5,2.2,6.0,0.0,0,48,1,0
TXN006085,78.29,13,3,clothing,online,20.9,1.9,2.0,4.0,0,2954,0,0
TXN006086,130.69,16,1,travel,contactless,4.0,1.7,7.0,1.0,0,1275,1,0
TXN006087,27.94,18,0,gas,card_present,33.7,5.1,6.0,1.0,0,1380,0,0
TXN006088,51.87,17,3,restaurant,online,16.5,6.2,3.0,1.0,0,492,0,0
TXN006089,90.99,9,2,gas,online,4.4,2.2,3.0,0.0,0,1695,1,0
TXN006090,85.46,16,6,grocery,card_present,1.7,0.7,0.0,0.0,0,521,0,0
TXN006091,64.59,11,1,electronics,card_present,25.9,2.4,4.0,0.0,0,3355,0,0
TXN006092,10.94,15,0,grocery,card_present,0.2,2.4,4.0,2.0,1,1571,0,0
TXN006093,763.18,22,5,jewelry,online,56.4,301.8,7.0,4.0,5,24,1,1
TXN006094,25.37,14,0,restaurant,online,11.7,22.5,1.0,2.0,0,1455,0,0
TXN006095,167.65,11,4,travel,online,2.5,20.0,1.0,1.0,0,526,0,0
TXN006096,46.29,6,5,travel,online,21.4,7.6,1.0,1.0,0,2464,0,0
TXN006097,14.94,6,4,clothing,contactless,6.9,10.6,0.0,0.0,0,1094,0,0
TXN006098,69.62,11,1,travel,card_present,21.7,10.8,4.0,1.0,0,838,0,0
TXN006099,43.15,7,1,grocery,card_present,8.4,5.3,3.0,0.0,0,540,0,0
TXN006100,184.41,18,4,travel,contactless,8.6,3.8,5.0,0.0,0,3585,0,0
TXN006101,83.78,16,6,online,online,24.1,11.8,3.0,1.0,0,1835,0,0
TXN006102,7.87,19,0,clothing,card_present,19.2,3.8,4.0,1.0,0,3172,0,0
TXN006103,29.85,11,4,clothing,card_present,3.8,7.8,2.0,1.0,0,2163,0,0
TXN006104,17.19,21,5,electronics,online,11.6,16.8,4.0,0.0,0,325,0,0
TXN006105,734.23,12,6,gas,online,12.2,3.7,8.0,1.0,1,1244,0,0
TXN006106,25.35,9,0,grocery,card_present,5.8,2.7,4.0,2.0,0,668,1,0
TXN006107,890.88,16,1,gas,card_present,19.4,25.5,3.0,1.0,0,2465,1,0
TXN006108,29.6,14,2,restaurant,card_present,40.2,12.4,4.0,0.0,0,1987,0,0
TXN006109,369.7,19,1,travel,contactless,19.3,5.9,7.0,0.0,0,488,0,0
TXN006110,187.88,18,2,grocery,online,2.8,4.1,4.0,1.0,0,2376,0,0
TXN006111,167.21,9,5,online,online,15.8,4.8,3.0,0.0,0,1640,1,0
TXN006112,12.18,7,4,clothing,card_present,14.2,7.3,2.0,1.0,0,2039,0,0
TXN006113,51.1,16,3,travel,card_present,20.1,10.6,4.0,1.0,1,550,0,0
TXN006114,20.2,11,3,clothing,online,0.8,7.5,5.0,1.0,0,3612,1,0
TXN006115,445.73,20,1,clothing,card_present,34.0,6.6,0.0,0.0,0,265,0,0
TXN006116,54.47,19,2,electronics,card_present,16.8,5.1,4.0,1.0,1,1593,0,0
TXN006117,27.65,17,2,gas,online,9.8,5.7,5.0,0.0,0,2712,0,0
TXN006118,16.07,15,4,online,card_present,31.5,6.8,3.0,2.0,1,2663,0,0
TXN006119,6528.67,23,5,jewelry,online,346.9,303.1,4.0,7.0,2,30,1,1
TXN006120,133.57,7,1,travel,card_present,8.1,9.5,2.0,3.0,0,412,0,0
TXN006121,52.05,13,2,clothing,card_present,15.7,10.3,3.0,2.0,0,1801,0,0
TXN006122,12.41,19,0,grocery,online,28.2,8.0,2.0,1.0,0,688,0,0
TXN006123,70.21,20,5,electronics,card_present,16.3,3.0,3.0,1.0,0,2169,0,0
TXN006124,33.06,8,5,gas,card_present,1.9,7.0,1.0,1.0,0,795,0,0
TXN006125,6.34,16,4,clothing,card_present,6.6,14.4,5.0,2.0,0,2315,1,0
TXN006126,806.77,15,5,restaurant,card_present,28.9,9.0,5.0,1.0,0,649,0,0
TXN006127,130.62,21,6,electronics,card_present,2.9,20.6,2.0,3.0,0,953,0,0
TXN006128,98.54,18,1,gas,online,4.9,4.0,1.0,1.0,0,294,0,0
TXN006129,778.36,3,2,online,online,170.4,84.1,9.0,5.0,1,29,1,1
TXN006130,45.42,22,5,restaurant,card_present,4.3,12.5,4.0,0.0,0,2832,0,0
TXN006131,16.2,19,0,travel,online,7.2,18.1,3.0,2.0,0,171,1,0
TXN006132,29.56,9,0,electronics,card_present,0.5,26.2,3.0,1.0,0,821,1,0
TXN006133,15.81,10,1,travel,card_present,13.4,17.2,4.0,2.0,0,717,0,0
TXN006134,114.96,8,1,clothing,online,14.8,8.3,4.0,1.0,0,2224,1,0
TXN006135,88.47,17,4,electronics,card_present,8.6,3.4,1.0,3.0,1,3525,0,0
TXN006136,63.54,13,1,travel,online,5.3,8.3,2.0,0.0,0,191,0,0
TXN006137,156.42,15,6,clothing,online,28.4,0.1,1.0,1.0,0,2531,1,0
TXN006138,289.23,8,4,grocery,online,36.3,6.2,2.0,0.0,0,3628,0,0
TXN006139,115.74,10,1,gas,card_present,0.9,15.9,3.0,1.0,0,1743,0,0
TXN006140,213.41,13,4,clothing,online,20.8,5.7,2.0,0.0,1,1823,0,0
TXN006141,73.5,8,6,gas,card_present,13.7,1.0,3.0,0.0,1,515,0,0
TXN006142,2768.99,18,5,gas,card_present,8.7,7.0,2.0,0.0,0,3111,0,0
TXN006143,16.44,17,5,travel,card_present,2.8,8.9,2.0,0.0,0,371,0,0
TXN006144,20.77,14,4,grocery,card_present,10.7,1.2,4.0,0.0,0,424,0,0
TXN006145,59.22,16,0,travel,contactless,10.3,1.6,5.0,1.0,0,1555,1,0
TXN006146,19.67,1,4,jewelry,card_present,355.6,539.6,10.0,9.0,4,54,1,1
TXN006147,158.21,20,4,online,online,5.1,8.2,3.0,1.0,1,2081,0,0
TXN006148,128.15,9,3,grocery,card_present,4.3,8.2,2.0,0.0,0,487,0,0
TXN006149,96.38,9,6,clothing,contactless,1.5,21.3,1.0,1.0,0,1661,0,0
TXN006150,156.37,15,1,clothing,online,22.3,9.0,4.0,2.0,0,73,1,0
TXN006151,16.28,7,6,gas,contactless,45.5,21.7,3.0,2.0,0,2143,0,0
TXN006152,76.42,7,6,clothing,card_present,25.5,28.2,4.0,0.0,0,2054,0,0
TXN006153,47.38,11,5,online,card_present,14.6,13.5,2.0,0.0,0,2312,0,0
TXN006154,47.25,22,5,electronics,contactless,2.7,0.1,8.0,0.0,0,1310,1,0
TXN006155,346.09,11,4,clothing,card_present,34.0,5.2,1.0,0.0,0,2242,0,0
TXN006156,407.57,14,5,electronics,contactless,10.7,13.2,4.0,1.0,0,3170,1,0
TXN006157,2319.43,1,6,online,card_present,36.2,461.7,2.0,5.0,3,34,1,1
TXN006158,35.38,6,3,electronics,online,18.2,5.6,1.0,0.0,0,900,0,0
TXN006159,53.6,20,1,online,online,17.9,18.4,5.0,1.0,0,1095,0,0
TXN006160,2787.09,0,5,electronics,online,311.8,16.3,13.0,7.0,1,35,1,1
TXN006161,61.0,16,1,online,online,31.1,7.7,0.0,1.0,0,1500,0,0
TXN006162,59.81,19,3,travel,contactless,27.0,9.0,5.0,1.0,0,684,0,0
TXN006163,90.5,9,1,electronics,contactless,7.9,17.8,2.0,0.0,1,1362,0,0
TXN006164,25.49,17,6,electronics,contactless,0.3,11.2,2.0,1.0,0,869,0,0
TXN006165,62.91,19,1,travel,card_present,18.8,4.4,4.0,1.0,1,1938,0,0
TXN006166,94.28,13,3,restaurant,online,10.2,2.6,2.0,2.0,1,1500,0,0
TXN006167,17.79,15,0,clothing,online,11.4,0.5,4.0,1.0,0,1232,0,0
TXN006168,67.92,9,5,online,online,42.3,20.3,5.0,1.0,0,2422,0,0
TXN006169,538.83,1,4,electronics,online,303.4,567.1,7.0,2.0,3,42,1,1
TXN006170,180.29,15,6,restaurant,card_present,2.6,17.4,3.0,0.0,0,968,0,0
TXN006171,380.79,11,3,clothing,online,44.8,8.4,2.0,1.0,1,3111,0,0
TXN006172,51.86,7,0,electronics,card_present,5.7,0.9,7.0,2.0,0,1912,0,0
TXN006173,20.12,9,4,travel,card_present,15.4,4.1,2.0,2.0,0,2182,0,0
TXN006174,20.83,6,4,gas,card_present,25.0,4.6,3.0,0.0,0,2434,0,0
TXN006175,65.53,21,2,travel,card_present,25.2,3.6,2.0,1.0,0,1128,1,0
TXN006176,18.71,15,0,grocery,online,21.9,6.3,3.0,2.0,0,913,1,0
TXN006177,52.58,15,2,electronics,contactless,14.7,7.1,2.0,2.0,0,3310,0,0
TXN006178,92.94,7,0,gas,online,20.6,2.5,6.0,0.0,0,446,0,0
TXN006179,58.99,18,3,gas,online,2.0,10.3,3.0,1.0,1,1505,1,0
TXN006180,38.22,22,2,restaurant,card_present,51.9,7.0,0.0,1.0,0,1400,0,0
TXN006181,26.58,10,3,grocery,contactless,2.7,12.8,2.0,1.0,0,2319,0,0
TXN006182,603.9,13,6,travel,contactless,9.6,28.2,1.0,0.0,0,750,1,0
TXN006183,19.93,20,4,restaurant,card_present,1.4,20.5,3.0,2.0,0,1778,0,0
TXN006184,229.03,15,3,online,card_present,18.6,6.7,3.0,1.0,0,2520,0,0
TXN006185,58.19,12,2,online,online,21.3,0.0,2.0,1.0,0,1512,0,0
TXN006186,312.72,22,5,jewelry,online,70.9,359.3,11.0,8.0,1,34,0,1
TXN006187,13.77,17,3,travel,card_present,10.5,6.2,3.0,2.0,0,901,0,0
TXN006188,56.4,15,3,online,online,13.8,14.2,0.0,0.0,0,635,0,0
TXN006189,871.08,3,1,jewelry,card_present,463.7,639.9,9.0,2.0,1,38,1,1
TXN006190,34.46,6,6,gas,card_present,11.8,8.6,2.0,0.0,0,1113,0,0
TXN006191,17.92,21,5,gas,card_present,7.2,0.6,3.0,1.0,0,1227,0,0
TXN006192,96.6,19,3,electronics,card_present,30.8,19.7,0.0,2.0,0,1477,0,0
TXN006193,209.59,10,2,online,card_present,20.1,31.3,6.0,1.0,0,2715,0,0
TXN006194,23.51,8,4,electronics,card_present,14.8,12.9,2.0,3.0,1,2844,0,0
TXN006195,3.66,10,4,electronics,contactless,1.7,8.6,4.0,0.0,0,3427,0,0
TXN006196,19.26,11,3,travel,card_present,17.7,2.2,3.0,1.0,0,3491,0,0
TXN006197,59.88,18,6,online,card_present,13.1,6.7,1.0,4.0,0,3183,0,0
TXN006198,122.83,19,6,clothing,card_present,0.0,4.1,4.0,0.0,0,2294,0,0
TXN006199,7.55,9,5,online,contactless,1.6,14.2,3.0,1.0,0,3170,0,0
TXN006200,276.86,0,0,jewelry,online,328.4,508.7,11.0,4.0,2,4,0,1
TXN006201,77.12,20,6,electronics,online,14.6,1.3,3.0,0.0,1,3486,0,0
TXN006202,20.08,12,2,online,contactless,1.4,16.4,4.0,1.0,0,2177,0,0
TXN006203,12.26,17,1,grocery,card_present,6.7,7.9,2.0,1.0,1,300,1,0
TXN006204,80.07,11,2,travel,card_present,9.8,14.4,3.0,0.0,1,106,0,0
TXN006205,508.52,6,6,travel,contactless,29.6,14.8,2.0,1.0,1,1387,0,0
TXN006206,28.27,13,2,gas,card_present,5.4,20.9,6.0,0.0,0,2375,0,0
TXN006207,29.61,18,6,gas,card_present,26.1,20.5,4.0,0.0,0,3162,0,0
TXN006208,40.33,19,0,online,card_present,12.4,1.1,3.0,1.0,0,1210,0,0
TXN006209,19.79,22,0,restaurant,online,3.8,10.5,1.0,2.0,0,2480,1,0
TXN006210,73.08,13,4,grocery,online,10.8,3.7,5.0,1.0,0,1657,0,0
TXN006211,76.1,7,6,restaurant,online,27.4,20.0,4.0,0.0,0,358,0,0
TXN006212,55.08,18,6,gas,card_present,23.7,2.3,4.0,1.0,0,2831,1,0
TXN006213,84.48,11,6,gas,online,11.8,13.0,4.0,2.0,1,1248,0,0
TXN006214,101.02,15,6,gas,card_present,22.4,19.4,1.0,1.0,0,1937,0,0
TXN006215,116.63,9,6,online,contactless,15.0,2.7,3.0,0.0,1,1354,0,0
TXN006216,32.56,6,4,electronics,card_present,2.2,5.7,1.0,2.0,0,2609,0,0
TXN006217,167.62,9,3,gas,online,0.8,10.3,2.0,1.0,0,225,0,0
TXN006218,54.16,15,2,online,online,25.6,12.6,2.0,1.0,0,3084,0,0
TXN006219,71.8,14,4,electronics,online,3.2,2.3,4.0,1.0,0,2926,0,0
TXN006220,51.2,20,0,gas,card_present,23.1,4.4,6.0,1.0,0,1840,0,0
TXN006221,69.99,9,0,gas,card_present,30.2,0.5,2.0,0.0,0,491,0,0
TXN006222,67.61,20,3,online,card_present,17.5,9.6,1.0,1.0,0,3239,0,0
TXN006223,209.81,10,4,online,card_present,22.6,6.6,3.0,1.0,0,2533,1,0
TXN006224,4.54,8,6,travel,online,35.0,16.6,4.0,1.0,0,1217,0,0
TXN006225,76.15,10,6,grocery,contactless,20.1,0.2,3.0,0.0,0,624,0,0
TXN006226,70.72,22,2,online,card_present,39.5,13.1,1.0,0.0,0,979,0,0
TXN006227,61.0,13,4,gas,online,38.6,4.0,2.0,2.0,0,279,0,0
TXN006228,302.49,14,1,electronics,online,25.7,3.2,2.0,2.0,0,486,0,0
TXN006229,17.32,22,5,clothing,card_present,11.1,9.5,2.0,3.0,0,2638,0,0
TXN006230,44.01,8,0,clothing,contactless,8.2,9.6,3.0,3.0,0,1009,0,0
TXN006231,58.11,13,4,grocery,online,13.2,17.9,3.0,1.0,0,1154,0,0
TXN006232,34.72,16,3,clothing,card_present,20.0,18.7,2.0,2.0,0,1814,0,0
TXN006233,22.69,10,4,travel,online,7.3,4.3,3.0,1.0,0,3074,1,0
TXN006234,224.55,14,3,online,online,10.8,10.3,1.0,1.0,0,2982,0,0
TXN006235,109.16,21,1,online,card_present,6.0,0.8,3.0,2.0,0,368,0,0
TXN006236,63.93,13,2,clothing,card_present,0.8,5.6,2.0,0.0,0,1394,0,0
TXN006237,66.39,21,6,grocery,online,11.3,12.2,3.0,0.0,0,680,0,0
TXN006238,31.47,7,5,online,online,20.5,4.3,2.0,1.0,1,2899,0,0
TXN006239,116.79,20,1,restaurant,online,10.5,3.0,3.0,0.0,0,2152,0,0
TXN006240,128.32,13,0,electronics,online,5.7,26.4,2.0,0.0,0,3100,0,0
TXN006241,22.96,17,1,electronics,contactless,26.0,28.0,4.0,1.0,0,2665,0,0
TXN006242,31.21,12,0,clothing,online,27.4,9.8,2.0,0.0,0,2392,0,0
TXN006243,67.55,10,1,grocery,online,29.3,1.5,0.0,1.0,0,1612,0,0
TXN006244,87.86,8,1,clothing,online,27.2,16.1,4.0,1.0,0,2652,0,0
TXN006245,167.59,15,2,travel,card_present,18.5,2.5,3.0,0.0,0,1697,0,0
TXN006246,305.56,6,2,travel,contactless,40.3,8.6,1.0,1.0,0,1736,0,0
TXN006247,116.21,6,5,electronics,online,23.5,7.5,2.0,1.0,0,1075,0,0
TXN006248,27.28,18,5,restaurant,contactless,26.0,8.8,4.0,2.0,0,3125,0,0
TXN006249,79.62,21,0,restaurant,contactless,18.2,2.6,5.0,2.0,0,2446,0,0
TXN006250,440.7,22,4,travel,card_present,7.7,11.7,4.0,1.0,0,1675,0,0
TXN006251,175.95,15,5,restaurant,card_present,2.4,0.9,3.0,1.0,0,259,0,0
TXN006252,258.58,20,5,online,contactless,14.6,0.3,3.0,2.0,0,1587,1,0
TXN006253,125.61,21,4,electronics,card_present,1.2,4.7,2.0,0.0,0,472,1,0
TXN006254,17.21,14,2,restaurant,contactless,41.5,4.9,1.0,1.0,0,3477,0,0
TXN006255,14.11,8,4,grocery,card_present,12.6,3.2,2.0,1.0,0,3407,0,0
TXN006256,6.84,19,3,online,card_present,8.1,8.7,2.0,0.0,0,1913,0,0
TXN006257,64.92,15,6,gas,online,15.4,1.2,5.0,0.0,0,518,1,0
TXN006258,98.74,9,5,clothing,card_present,14.5,16.9,2.0,1.0,0,1720,0,0
TXN006259,12.14,9,5,restaurant,card_present,22.7,21.3,2.0,4.0,0,3167,0,0
TXN006260,30.64,20,2,gas,card_present,6.0,26.6,3.0,0.0,0,2410,0,0
TXN006261,245.53,7,0,gas,contactless,6.7,31.5,2.0,1.0,0,289,0,0
TXN006262,44.96,16,1,clothing,card_present,8.5,2.7,2.0,1.0,0,1471,0,0
TXN006263,154.04,14,5,online,online,8.0,5.9,2.0,0.0,1,486,0,0
TXN006264,72.74,22,2,restaurant,card_present,28.8,0.3,1.0,2.0,0,2704,0,0
TXN006265,131.77,22,2,restaurant,contactless,37.5,13.1,3.0,1.0,0,1135,0,0
TXN006266,53.52,20,6,travel,card_present,27.2,6.4,5.0,3.0,0,697,0,0
TXN006267,903.42,0,5,electronics,card_present,197.2,465.7,1.0,4.0,4,31,1,1
TXN006268,77.91,9,2,grocery,contactless,0.6,6.0,3.0,1.0,1,3073,1,0
TXN006269,130.69,20,6,travel,card_present,0.3,0.9,4.0,2.0,0,1812,0,0
TXN006270,21.58,22,0,restaurant,card_present,13.9,13.9,1.0,1.0,0,3577,0,0
TXN006271,45.54,20,6,restaurant,card_present,9.1,1.1,4.0,1.0,0,2634,0,0
TXN006272,126.55,21,1,gas,online,16.1,7.5,4.0,2.0,0,1124,1,0
TXN006273,125.41,9,1,grocery,card_present,9.3,8.0,2.0,0.0,0,1478,0,0
TXN006274,51.58,10,3,electronics,contactless,9.4,18.1,3.0,0.0,0,2965,0,0
TXN006275,26.19,21,6,gas,contactless,22.3,16.2,3.0,1.0,0,2109,0,0
TXN006276,85.5,11,6,restaurant,card_present,14.9,4.3,3.0,0.0,1,2922,0,0
TXN006277,129.38,14,0,online,online,35.1,8.0,3.0,0.0,0,1541,0,0
TXN006278,219.96,10,3,online,online,30.8,15.5,3.0,1.0,0,2291,1,0
TXN006279,20.0,19,4,clothing,online,7.3,14.4,2.0,1.0,0,1176,0,0
TXN006280,20.17,8,5,electronics,card_present,20.7,4.2,5.0,1.0,0,33,0,0
TXN006281,39.72,13,1,grocery,online,18.9,4.1,2.0,3.0,0,2516,0,0
TXN006282,40.5,19,5,gas,card_present,29.6,8.4,3.0,1.0,1,3301,0,0
TXN006283,53.87,6,5,clothing,card_present,25.2,2.0,1.0,1.0,0,371,0,0
TXN006284,369.3,16,1,gas,card_present,19.6,13.4,8.0,0.0,0,2193,0,0
TXN006285,29.78,19,3,clothing,online,3.6,20.7,2.0,1.0,0,1482,0,0
TXN006286,486.86,4,1,electronics,online,53.8,87.1,10.0,7.0,1,55,1,1
TXN006287,75.08,9,3,online,card_present,0.5,15.2,4.0,1.0,0,1958,1,0
TXN006288,76.15,15,1,electronics,contactless,22.6,5.6,3.0,0.0,0,2980,0,0
TXN006289,295.65,9,3,electronics,online,23.2,24.7,1.0,1.0,0,1296,0,0
TXN006290,27.72,12,2,electronics,card_present,26.1,8.8,3.0,0.0,0,649,1,0
TXN006291,36.13,20,3,online,online,14.5,15.2,6.0,1.0,0,3635,1,0
TXN006292,114.91,15,0,clothing,card_present,27.5,7.5,4.0,0.0,0,2918,1,0
TXN006293,15.65,19,5,clothing,card_present,14.0,1.9,2.0,1.0,1,747,0,0
TXN006294,478.69,23,5,jewelry,online,231.3,191.9,8.0,4.0,5,13,0,1
TXN006295,68.43,16,4,travel,online,6.3,15.6,5.0,2.0,0,1808,0,0
TXN006296,75.15,17,6,travel,contactless,2.5,5.2,1.0,1.0,1,2110,1,0
TXN006297,24.0,12,4,clothing,contactless,29.3,2.2,2.0,2.0,0,1732,0,0
TXN006298,103.53,7,4,gas,online,1.9,2.3,3.0,0.0,1,625,0,0
TXN006299,87.92,13,0,restaurant,contactless,8.6,0.0,1.0,0.0,0,1945,0,0
TXN006300,28.06,15,5,electronics,contactless,3.5,12.0,4.0,0.0,1,2974,0,0
TXN006301,59.47,7,6,electronics,online,7.5,20.0,5.0,1.0,1,1156,0,0
TXN006302,72.05,6,4,travel,online,4.6,14.7,1.0,0.0,0,1117,0,0
TXN006303,146.54,2,2,online,online,416.9,430.6,7.0,3.0,1,58,1,1
TXN006304,190.49,12,6,online,online,14.4,7.9,2.0,0.0,0,1388,0,0
TXN006305,24.63,15,3,grocery,card_present,22.2,2.4,5.0,2.0,0,2894,1,0
TXN006306,10.9,21,4,grocery,card_present,28.7,3.7,1.0,3.0,0,2125,0,0
TXN006307,274.45,21,6,travel,card_present,9.9,5.0,1.0,2.0,0,3012,1,0
TXN006308,17.31,17,4,restaurant,card_present,24.6,7.3,1.0,0.0,0,1992,1,0
TXN006309,84.92,6,1,grocery,online,35.6,3.9,2.0,1.0,0,2250,1,0
TXN006310,93.38,13,2,grocery,card_present,2.1,7.9,6.0,0.0,0,1646,0,0
TXN006311,150.56,8,3,grocery,card_present,28.9,1.0,4.0,1.0,0,713,0,0
TXN006312,73.03,12,5,electronics,card_present,13.0,1.7,3.0,2.0,0,2728,1,0
TXN006313,713.96,23,0,online,card_present,48.9,255.1,17.0,5.0,1,35,0,1
TXN006314,33.02,12,3,restaurant,card_present,28.6,5.5,5.0,0.0,1,2586,0,0
TXN006315,5.06,22,4,clothing,contactless,13.8,21.7,3.0,2.0,1,1411,1,0
TXN006316,89.45,10,1,online,card_present,19.4,5.0,1.0,1.0,0,2437,0,0
TXN006317,40.91,13,2,grocery,online,10.3,1.0,5.0,0.0,0,2485,0,0
TXN006318,22.31,14,4,electronics,card_present,28.5,21.9,6.0,0.0,1,3516,0,0
TXN006319,158.44,7,3,electronics,contactless,41.5,4.2,3.0,0.0,0,3500,0,0
TXN006320,11557.67,3,6,travel,online,172.6,213.2,8.0,8.0,2,7,0,1
TXN006321,13.36,22,3,electronics,card_present,10.4,20.2,4.0,2.0,0,477,0,0
TXN006322,37.05,21,5,online,card_present,8.9,7.3,2.0,1.0,0,438,0,0
TXN006323,134.07,17,3,grocery,card_present,9.7,7.1,1.0,0.0,0,1817,0,0
TXN006324,26.85,8,2,electronics,card_present,26.5,12.7,2.0,1.0,0,821,0,0
TXN006325,22.39,6,4,electronics,contactless,4.7,3.1,5.0,2.0,0,1735,1,0
TXN006326,71.44,19,4,online,online,31.2,1.9,2.0,2.0,0,874,0,0
TXN006327,1785.61,1,5,travel,online,15.6,348.2,11.0,5.0,2,23,1,1
TXN006328,33.92,14,2,grocery,card_present,1.1,13.3,2.0,0.0,0,2793,0,0
TXN006329,101.84,20,2,electronics,online,8.1,9.0,3.0,0.0,0,544,0,0
TXN006330,92.79,12,2,online,card_present,22.2,3.0,3.0,1.0,0,2404,0,0
TXN006331,79.55,18,4,restaurant,card_present,11.2,26.5,1.0,0.0,0,618,0,0
TXN006332,14.39,14,0,travel,online,15.8,19.5,1.0,1.0,0,2879,0,0
TXN006333,21.71,10,3,travel,online,2.4,11.0,3.0,0.0,0,1855,0,0
TXN006334,22.15,11,4,online,online,12.1,12.7,4.0,1.0,1,1796,0,0
TXN006335,8.51,21,6,travel,contactless,11.5,14.8,3.0,0.0,0,1572,0,0
TXN006336,785.96,6,3,grocery,card_present,5.9,10.5,5.0,4.0,0,3266,0,0
TXN006337,117.46,18,2,clothing,contactless,7.3,9.9,2.0,1.0,0,1040,0,0
TXN006338,147.44,5,4,electronics,online,287.5,180.2,4.0,5.0,3,7,1,1
TXN006339,70.67,17,2,grocery,card_present,16.9,9.8,2.0,0.0,0,483,0,0
TXN006340,744.87,4,3,electronics,online,432.5,328.8,4.0,6.0,4,4,1,1
TXN006341,20.03,17,6,clothing,card_present,16.0,3.1,7.0,2.0,0,153,0,0
TXN006342,154.54,16,3,restaurant,card_present,8.5,9.7,3.0,2.0,0,1276,0,0
TXN006343,16.05,17,5,travel,card_present,22.6,4.6,2.0,2.0,0,253,0,0
TXN006344,830.4,22,4,travel,card_present,11.4,6.3,2.0,2.0,0,1519,0,0
TXN006345,78.78,6,6,online,card_present,15.2,2.9,3.0,0.0,0,3588,0,0
TXN006346,19.1,18,4,clothing,online,7.6,3.4,3.0,3.0,0,3610,0,0
TXN006347,31.06,14,2,restaurant,online,6.3,0.3,4.0,0.0,0,963,0,0
TXN006348,44.2,17,6,gas,card_present,19.5,9.9,4.0,1.0,0,2785,0,0
TXN006349,59.26,21,6,gas,online,5.3,27.3,2.0,1.0,0,938,0,0
TXN006350,51.57,17,4,electronics,card_present,15.3,10.7,2.0,1.0,0,2467,0,0
TXN006351,107.54,22,0,grocery,online,8.0,4.1,5.0,1.0,0,160,0,0
TXN006352,27.53,19,4,gas,online,14.7,10.3,3.0,1.0,1,646,0,0
TXN006353,19.06,7,6,grocery,card_present,8.6,2.1,5.0,2.0,0,3547,0,0
TXN006354,29.29,7,1,travel,online,16.1,22.7,2.0,1.0,0,1589,1,0
TXN006355,53.54,21,6,gas,contactless,16.9,4.5,2.0,3.0,0,2005,0,0
TXN006356,10.14,22,0,grocery,contactless,6.4,1.8,1.0,2.0,0,3351,0,0
TXN006357,94.85,15,1,online,online,1.1,3.2,1.0,1.0,0,2304,0,0
TXN006358,100.31,15,2,online,card_present,4.4,10.0,2.0,0.0,0,1836,0,0
TXN006359,41.91,9,6,travel,online,15.1,1.9,5.0,1.0,0,759,0,0
TXN006360,67.58,13,1,electronics,card_present,6.3,15.6,4.0,2.0,0,433,1,0
TXN006361,32.07,16,2,clothing,card_present,7.7,10.8,4.0,0.0,0,3097,0,0
TXN006362,8.1,22,6,gas,card_present,2.2,3.4,3.0,0.0,1,3260,0,0
TXN006363,604.41,0,6,online,online,483.9,434.0,3.0,2.0,5,41,1,1
TXN006364,15.57,21,6,restaurant,card_present,41.8,9.4,2.0,1.0,1,1923,0,0
TXN006365,22.18,20,5,electronics,online,0.3,8.9,4.0,1.0,0,1696,1,0
TXN006366,271.6,17,5,electronics,contactless,12.0,5.7,4.0,1.0,0,1825,1,0
TXN006367,47.49,22,1,grocery,card_present,11.8,19.4,3.0,2.0,0,2755,0,0
TXN006368,16.46,22,4,online,contactless,8.9,4.4,2.0,3.0,0,2282,0,0
TXN006369,9.84,9,0,grocery,online,5.9,0.3,5.0,1.0,0,2534,0,0
TXN006370,34.6,20,3,grocery,card_present,2.9,20.7,2.0,0.0,0,513,0,0
TXN006371,16.05,6,3,online,card_present,5.5,2.9,3.0,3.0,1,2782,0,0
TXN006372,90.86,11,6,online,online,42.2,12.0,0.0,0.0,0,457,0,0
TXN006373,11.73,18,0,restaurant,card_present,9.8,24.7,3.0,0.0,1,3250,1,0
TXN006374,20.49,15,5,clothing,online,26.4,14.0,2.0,4.0,0,3454,0,0
TXN006375,69.13,14,6,clothing,contactless,9.2,3.5,3.0,2.0,0,1405,0,0
TXN006376,342.15,0,4,jewelry,online,169.6,164.2,8.0,5.0,2,39,1,1
TXN006377,133.61,10,0,restaurant,contactless,23.8,12.6,1.0,1.0,0,1439,0,0
TXN006378,112.93,22,3,gas,contactless,9.1,13.8,1.0,0.0,0,1015,0,0
TXN006379,71.88,18,4,grocery,card_present,6.3,7.3,5.0,2.0,0,3042,0,0
TXN006380,400.23,11,6,online,card_present,5.1,8.9,1.0,4.0,1,1378,0,0
TXN006381,348.66,8,2,travel,contactless,6.4,16.8,2.0,2.0,0,1895,0,0
TXN006382,103.92,20,6,restaurant,online,20.8,22.7,3.0,0.0,0,739,0,0
TXN006383,29.8,11,3,travel,card_present,22.3,28.9,3.0,0.0,1,3439,0,0
TXN006384,28.76,21,5,online,card_present,10.2,18.7,2.0,1.0,0,2795,0,0
TXN006385,465.11,17,2,clothing,card_present,4.1,0.1,5.0,1.0,0,2527,0,0
TXN006386,44.57,11,1,electronics,card_present,18.5,1.1,1.0,0.0,1,2008,0,0
TXN006387,86.56,22,3,restaurant,online,1.5,4.3,1.0,3.0,0,3072,0,0
TXN006388,9.21,12,3,grocery,card_present,1.1,8.7,1.0,1.0,0,1227,0,0
TXN006389,38.03,22,1,restaurant,card_present,18.0,11.1,4.0,0.0,1,2564,0,0
TXN006390,26.2,9,5,gas,card_present,10.7,13.2,5.0,1.0,0,3051,0,0
TXN006391,43.36,7,0,online,online,9.4,2.2,3.0,3.0,1,385,0,0
TXN006392,61.25,16,4,gas,card_present,36.2,9.1,0.0,0.0,1,1287,0,0
TXN006393,46.33,13,3,restaurant,card_present,20.2,16.9,2.0,0.0,0,2628,0,0
TXN006394,12.26,21,0,clothing,card_present,33.8,4.1,4.0,0.0,0,2875,0,0
TXN006395,57.97,10,0,grocery,card_present,32.1,1.0,3.0,1.0,0,453,1,0
TXN006396,18.12,6,4,travel,online,39.5,7.7,3.0,1.0,0,2286,0,0
TXN006397,128.1,21,2,travel,online,14.5,3.8,4.0,0.0,0,990,1,0
TXN006398,68.55,22,5,travel,card_present,23.6,4.0,3.0,0.0,0,315,0,0
TXN006399,13.63,18,4,restaurant,card_present,23.9,3.4,4.0,0.0,0,1619,1,0
TXN006400,278.43,20,3,electronics,contactless,20.8,35.3,0.0,1.0,0,1592,0,0
TXN006401,22.34,22,0,clothing,card_present,15.4,12.7,4.0,1.0,0,1232,0,0
TXN006402,150.69,7,0,grocery,online,10.4,7.9,2.0,1.0,0,3412,0,0
TXN006403,161.09,13,0,electronics,card_present,32.5,15.2,4.0,0.0,0,386,0,0
TXN006404,60.81,20,1,electronics,card_present,3.8,10.0,3.0,0.0,0,1826,1,0
TXN006405,325.31,18,1,gas,contactless,8.5,12.5,3.0,0.0,0,790,0,0
TXN006406,465.89,6,6,travel,card_present,9.7,20.6,2.0,1.0,0,107,0,0
TXN006407,61.9,15,5,online,card_present,11.1,3.1,3.0,2.0,0,3311,0,0
TXN006408,46.32,6,5,restaurant,card_present,35.1,9.7,5.0,0.0,0,2425,0,0
TXN006409,34.65,21,5,grocery,card_present,10.1,2.6,2.0,0.0,0,2859,0,0
TXN006410,142.21,20,6,travel,card_present,11.5,17.4,5.0,3.0,0,1685,0,0
TXN006411,34.69,16,5,online,card_present,16.0,13.5,1.0,0.0,0,156,0,0
TXN006412,13.62,9,1,travel,online,6.0,0.4,7.0,1.0,0,1563,0,0
TXN006413,7.98,7,4,clothing,card_present,7.9,4.3,2.0,0.0,0,3491,0,0
TXN006414,79.81,13,1,electronics,card_present,26.3,19.3,1.0,2.0,0,959,0,0
TXN006415,532.24,18,1,restaurant,online,13.3,3.6,0.0,0.0,0,194,1,0
TXN006416,168.35,14,2,grocery,contactless,14.5,21.4,6.0,0.0,0,817,0,0
TXN006417,168.14,6,4,travel,online,35.4,0.5,1.0,3.0,0,3501,1,0
TXN006418,41.47,15,2,restaurant,online,13.8,7.8,4.0,2.0,0,620,0,0
TXN006419,90.43,23,5,electronics,online,250.8,660.4,6.0,9.0,4,28,0,1
TXN006420,89.68,16,4,travel,contactless,2.1,8.2,3.0,2.0,1,533,0,0
TXN006421,59.95,7,4,clothing,online,9.5,3.2,4.0,1.0,1,2876,1,0
TXN006422,97.71,7,1,online,card_present,7.7,9.8,5.0,3.0,0,2016,0,0
TXN006423,7300.43,23,1,jewelry,card_present,343.3,379.2,10.0,2.0,2,14,1,1
TXN006424,28.52,20,3,grocery,contactless,11.7,8.8,1.0,1.0,0,1471,0,0
TXN006425,100.76,13,1,travel,card_present,1.9,9.6,2.0,1.0,0,1183,0,0
TXN006426,35.54,9,6,grocery,card_present,10.4,0.4,0.0,1.0,0,1744,0,0
TXN006427,59.28,22,5,electronics,card_present,16.9,28.8,1.0,4.0,0,2349,0,0
TXN006428,32.04,18,0,gas,online,15.7,7.5,4.0,1.0,0,3183,0,0
TXN006429,434.88,10,0,gas,card_present,13.9,16.0,2.0,2.0,0,2558,0,0
TXN006430,62.77,21,0,electronics,contactless,10.1,10.4,1.0,1.0,1,3393,1,0
TXN006431,18.78,20,3,gas,online,22.7,6.5,1.0,2.0,1,2541,0,0
TXN006432,26.19,7,0,restaurant,card_present,12.4,17.7,2.0,1.0,0,1228,0,0
TXN006433,14.18,21,6,online,card_present,28.0,7.4,2.0,1.0,1,1655,0,0
TXN006434,82.25,18,2,clothing,card_present,24.2,9.8,1.0,1.0,1,1603,0,0
TXN006435,107.25,20,3,travel,card_present,14.8,0.8,2.0,1.0,0,3102,0,0
TXN006436,43.9,16,2,travel,contactless,1.7,7.1,3.0,2.0,1,2384,0,0
TXN006437,1425.18,2,4,online,card_present,55.1,382.8,9.0,3.0,1,49,1,1
TXN006438,216.44,15,5,online,contactless,3.3,7.5,2.0,2.0,1,1373,0,0
TXN006439,98.56,18,2,clothing,online,13.5,4.8,4.0,1.0,1,3017,1,0
TXN006440,124.72,16,6,gas,card_present,1.2,19.0,2.0,2.0,0,2764,1,0
TXN006441,58.82,20,5,gas,online,19.2,10.8,1.0,0.0,0,1159,0,0
TXN006442,69.15,13,4,restaurant,online,0.2,6.5,3.0,2.0,0,2745,0,0
TXN006443,132.9,12,4,gas,online,31.4,18.1,3.0,1.0,1,2815,0,0
TXN006444,102.19,22,0,gas,online,11.1,10.4,2.0,2.0,0,2415,0,0
TXN006445,31.5,22,3,electronics,contactless,41.6,10.1,1.0,1.0,0,610,0,0
TXN006446,14.1,9,6,gas,card_present,5.3,7.9,2.0,0.0,0,3497,0,0
TXN006447,83.18,21,6,grocery,contactless,6.0,8.6,3.0,2.0,0,3116,1,0
TXN006448,27.68,11,3,grocery,online,29.8,5.1,1.0,1.0,0,810,0,0
TXN006449,63.95,11,5,restaurant,online,7.5,5.2,0.0,0.0,0,3225,0,0
TXN006450,133.63,18,5,electronics,online,16.6,7.5,3.0,2.0,0,1035,0,0
TXN006451,397.57,20,6,travel,online,31.5,2.0,3.0,1.0,0,1380,1,0
TXN006452,64.67,20,5,online,card_present,11.9,16.6,3.0,1.0,1,2135,0,0
TXN006453,53.68,14,1,restaurant,card_present,23.7,8.1,4.0,2.0,1,563,0,0
TXN006454,440.62,2,6,travel,online,102.5,253.6,2.0,4.0,2,39,1,1
TXN006455,35.87,7,1,travel,online,0.3,3.0,5.0,2.0,0,589,0,0
TXN006456,8.61,16,3,travel,online,23.7,17.5,3.0,0.0,0,249,0,0
TXN006457,243.89,6,1,gas,card_present,19.7,12.1,3.0,1.0,0,117,0,0
TXN006458,154.48,7,3,online,card_present,8.8,20.6,2.0,2.0,0,2833,0,0
TXN006459,36.05,6,1,grocery,online,7.3,3.1,3.0,2.0,0,1744,0,0
TXN006460,13.87,22,0,clothing,contactless,24.7,4.6,4.0,1.0,0,910,1,0
TXN006461,21.84,19,1,electronics,online,3.0,13.1,4.0,2.0,0,2218,0,0
TXN006462,263.48,11,3,grocery,card_present,19.2,8.9,2.0,4.0,0,3123,0,0
TXN006463,23.67,9,3,gas,online,9.3,0.1,2.0,1.0,0,862,1,0
TXN006464,31.4,6,4,clothing,online,20.1,14.7,4.0,2.0,0,3361,0,0
TXN006465,143.15,17,5,gas,card_present,22.6,3.7,2.0,1.0,0,3180,1,0
TXN006466,152.5,23,2,jewelry,online,281.1,550.2,5.0,4.0,3,35,1,1
TXN006467,13.02,21,2,electronics,online,25.9,7.6,2.0,1.0,1,2889,0,0
TXN006468,93.36,8,5,gas,online,9.2,4.0,3.0,3.0,0,3643,0,0
TXN006469,27.75,9,5,electronics,contactless,14.6,19.3,1.0,3.0,0,1243,0,0
TXN006470,96.88,17,3,online,card_present,20.8,5.0,6.0,2.0,1,1037,0,0
TXN006471,133.73,10,1,restaurant,card_present,17.1,1.1,3.0,2.0,0,1278,1,0
TXN006472,105.27,22,2,clothing,card_present,4.4,12.0,2.0,3.0,0,221,0,0
TXN006473,11.87,15,1,restaurant,card_present,2.3,13.8,4.0,1.0,0,2669,0,0
TXN006474,37.83,21,5,electronics,card_present,28.7,9.8,3.0,1.0,0,1878,0,0
TXN006475,59.51,13,3,online,card_present,20.7,8.6,4.0,0.0,0,3074,0,0
TXN006476,5138.48,1,4,travel,card_present,197.8,301.6,9.0,5.0,4,10,1,1
TXN006477,68.39,10,4,gas,card_present,11.6,3.2,2.0,1.0,0,2335,0,0
TXN006478,24.97,18,0,clothing,card_present,23.8,10.1,2.0,1.0,0,2475,0,0
TXN006479,32.97,12,1,electronics,online,25.9,14.8,4.0,0.0,0,2391,0,0
TXN006480,76.51,8,1,online,contactless,15.6,11.0,4.0,2.0,0,1345,0,0
TXN006481,84.4,12,0,electronics,card_present,19.7,12.4,4.0,1.0,0,1057,0,0
TXN006482,26.47,6,5,clothing,card_present,37.6,6.9,4.0,1.0,0,2889,0,0
TXN006483,1013.98,22,1,travel,online,92.5,429.2,6.0,3.0,4,19,1,1
TXN006484,27.03,11,0,gas,card_present,35.7,9.7,2.0,1.0,1,2392,0,0
TXN006485,141.38,6,1,gas,online,1.2,1.3,2.0,1.0,0,384,0,0
TXN006486,278.28,9,4,electronics,card_present,21.4,4.2,0.0,2.0,0,2793,0,0
TXN006487,17.75,14,3,online,card_present,3.8,5.1,1.0,1.0,0,1560,1,0
TXN006488,25.71,16,3,restaurant,card_present,22.7,1.1,5.0,1.0,0,1708,0,0
TXN006489,11.79,9,2,online,card_present,25.9,14.7,5.0,1.0,0,1777,0,0
TXN006490,23.86,17,4,online,card_present,5.9,16.8,4.0,2.0,1,1351,0,0
TXN006491,130.91,6,5,electronics,contactless,1.8,26.1,3.0,1.0,0,821,0,0
TXN006492,214.67,18,5,travel,card_present,40.5,0.3,2.0,0.0,0,1706,0,0
TXN006493,111.01,16,3,electronics,online,1.5,5.9,7.0,0.0,1,1175,1,0
TXN006494,191.55,10,1,restaurant,card_present,47.7,10.8,2.0,0.0,1,2997,0,0
TXN006495,78.5,7,3,restaurant,card_present,31.3,12.8,1.0,1.0,0,977,0,0
TXN006496,33.5,16,2,restaurant,online,8.0,1.6,8.0,0.0,1,2557,0,0
TXN006497,28.43,8,3,restaurant,card_present,8.6,2.4,4.0,0.0,1,172,0,0
TXN006498,96.45,21,4,grocery,card_present,17.4,7.9,6.0,2.0,0,3348,0,0
TXN006499,118.8,12,5,gas,card_present,18.0,2.5,2.0,0.0,0,1283,0,0
TXN006500,89.3,16,5,grocery,online,13.7,18.2,4.0,0.0,0,1385,0,0
TXN006501,38.55,13,2,electronics,card_present,4.4,7.8,2.0,1.0,0,2620,0,0
TXN006502,34.8,7,3,grocery,contactless,19.0,11.0,7.0,4.0,0,780,0,0
TXN006503,54.71,8,3,grocery,card_present,5.7,9.9,2.0,0.0,0,3057,0,0
TXN006504,196.69,7,6,electronics,contactless,3.2,5.2,3.0,0.0,1,574,0,0
TXN006505,55.71,13,1,travel,card_present,9.0,4.3,4.0,2.0,0,3414,0,0
TXN006506,71.46,6,2,online,card_present,2.1,11.7,3.0,1.0,0,1525,0,0
TXN006507,182.8,13,4,electronics,card_present,4.0,2.2,11.0,1.0,0,3580,0,0
TXN006508,97.94,7,4,clothing,card_present,11.6,4.0,0.0,2.0,0,3504,0,0
TXN006509,122.62,14,4,clothing,card_present,26.2,8.8,2.0,1.0,0,3043,0,0
TXN006510,226.9,19,6,electronics,card_present,2.4,6.1,1.0,0.0,0,760,0,0
TXN006511,43.41,20,0,travel,card_present,9.9,7.6,0.0,0.0,0,2934,0,0
TXN006512,5.18,6,3,grocery,card_present,13.4,10.5,4.0,1.0,0,1712,1,0
TXN006513,7.73,7,6,online,card_present,2.7,13.8,0.0,2.0,0,588,0,0
TXN006514,261.96,11,5,gas,card_present,8.5,2.4,2.0,1.0,1,3380,0,0
TXN006515,40.91,13,6,online,online,6.5,6.5,4.0,2.0,0,477,0,0
TXN006516,115.69,8,5,electronics,card_present,2.2,2.6,2.0,3.0,0,249,0,0
TXN006517,84.02,22,3,grocery,contactless,14.9,13.7,7.0,2.0,1,3203,0,0
TXN006518,119.34,6,0,travel,card_present,16.1,3.6,5.0,1.0,0,3487,0,0
TXN006519,101.72,7,2,online,card_present,6.6,25.2,6.0,5.0,0,1702,0,0
TXN006520,167.09,21,5,electronics,card_present,7.1,13.0,3.0,1.0,1,174,0,0
TXN006521,44.98,15,6,travel,online,0.2,4.3,3.0,1.0,0,1754,1,0
TXN006522,172.72,12,3,restaurant,card_present,27.5,5.8,7.0,2.0,0,2359,1,0
TXN006523,138.72,22,6,gas,card_present,26.7,10.8,2.0,1.0,0,1563,0,0
TXN006524,50.76,19,6,clothing,card_present,30.1,3.3,3.0,1.0,0,1400,1,0
TXN006525,29.42,21,2,travel,online,28.4,6.7,5.0,1.0,0,3328,0,0
TXN006526,78.58,11,5,electronics,card_present,34.8,1.3,0.0,0.0,0,3265,0,0
TXN006527,70.29,14,3,restaurant,card_present,8.3,26.2,4.0,0.0,0,732,0,0
TXN006528,115.29,17,3,clothing,card_present,11.7,23.0,2.0,1.0,0,1832,0,0
TXN006529,33.52,7,4,restaurant,card_present,2.3,8.7,2.0,0.0,0,879,0,0
TXN006530,35.82,15,3,grocery,online,12.3,21.7,5.0,0.0,0,3144,0,0
TXN006531,195.91,20,3,gas,card_present,27.3,3.9,3.0,1.0,0,997,0,0
TXN006532,27.48,17,3,gas,card_present,20.7,1.5,2.0,1.0,0,3005,0,0
TXN006533,17.81,18,0,electronics,online,23.5,22.3,5.0,3.0,0,3447,0,0
TXN006534,13.93,8,3,grocery,card_present,9.3,16.5,1.0,2.0,0,2902,0,0
TXN006535,25.03,20,4,restaurant,contactless,32.8,26.1,3.0,0.0,0,2213,0,0
TXN006536,25.73,10,6,travel,online,15.0,19.8,6.0,0.0,0,3229,0,0
TXN006537,97.95,14,4,restaurant,online,30.4,0.6,4.0,1.0,0,3183,0,0
TXN006538,1257.46,1,3,travel,card_present,275.0,196.4,6.0,6.0,2,31,1,1
TXN006539,14.29,20,5,electronics,online,6.9,11.2,6.0,1.0,1,1602,1,0
TXN006540,193.82,20,0,restaurant,card_present,3.9,21.2,4.0,1.0,0,1455,0,0
TXN006541,24.78,19,1,gas,online,26.4,25.3,3.0,0.0,1,1908,0,0
TXN006542,78.08,14,1,clothing,card_present,1.7,6.0,2.0,1.0,0,2891,0,0
TXN006543,113.38,10,6,restaurant,card_present,27.2,7.0,1.0,2.0,0,1245,1,0
TXN006544,82.66,11,4,travel,online,23.4,2.9,3.0,1.0,0,197,0,0
TXN006545,45.79,18,0,gas,card_present,4.7,21.7,3.0,1.0,0,3216,0,0
TXN006546,229.31,20,1,clothing,contactless,8.8,7.0,5.0,1.0,0,2193,0,0
TXN006547,325.03,11,1,clothing,contactless,21.4,9.1,2.0,0.0,0,1071,0,0
TXN006548,9.44,14,2,travel,card_present,8.3,1.8,3.0,2.0,0,1971,1,0
TXN006549,51.05,17,3,gas,card_present,19.4,8.4,3.0,0.0,0,2432,0,0
TXN006550,73.23,14,2,online,card_present,4.3,5.1,5.0,0.0,1,308,0,0
TXN006551,31.68,18,0,restaurant,card_present,10.0,3.9,5.0,1.0,0,2175,0,0
TXN006552,14.08,8,6,travel,card_present,2.3,2.3,4.0,1.0,1,2004,0,0
TXN006553,42.14,9,4,restaurant,online,13.9,1.8,9.0,0.0,1,2720,0,0
TXN006554,124.31,12,4,online,online,2.7,10.3,3.0,3.0,0,2734,1,0
TXN006555,76.24,19,5,gas,online,4.9,8.8,2.0,1.0,0,921,0,0
TXN006556,53.08,17,0,travel,card_present,8.3,4.0,3.0,0.0,0,2924,0,0
TXN006557,529.24,18,4,restaurant,online,28.8,6.0,6.0,1.0,0,1689,0,0
TXN006558,14.89,20,1,clothing,online,8.4,23.9,7.0,1.0,0,1908,1,0
TXN006559,74.65,20,2,online,contactless,16.7,4.4,2.0,0.0,0,2401,1,0
TXN006560,11.98,19,0,travel,contactless,13.9,11.0,6.0,0.0,0,54,0,0
TXN006561,328.72,15,2,travel,online,9.7,3.0,3.0,2.0,0,3112,0,0
TXN006562,111.33,21,4,travel,card_present,33.3,19.5,1.0,1.0,0,1328,1,0
TXN006563,15.17,12,6,restaurant,card_present,9.0,14.3,3.0,0.0,0,756,0,0
TXN006564,59.51,8,1,restaurant,online,24.6,18.9,4.0,2.0,1,3048,1,0
TXN006565,87.77,15,0,clothing,contactless,11.6,15.6,0.0,0.0,0,1566,0,0
TXN006566,40.06,7,1,gas,online,0.6,8.9,1.0,1.0,0,2214,0,0
TXN006567,696.7,1,0,online,online,9.5,373.5,8.0,7.0,2,24,1,1
TXN006568,191.11,14,5,clothing,card_present,20.3,2.6,5.0,1.0,1,1550,0,0
TXN006569,34.99,12,0,travel,online,4.7,2.7,1.0,0.0,0,597,0,0
TXN006570,47.13,9,3,clothing,contactless,3.7,1.7,2.0,1.0,1,1224,0,0
TXN006571,25.92,13,6,grocery,card_present,3.9,5.2,4.0,1.0,0,3370,0,0
TXN006572,66.62,10,4,travel,contactless,30.0,23.8,4.0,0.0,0,2802,0,0
TXN006573,270.45,16,5,grocery,contactless,15.6,4.9,3.0,1.0,0,2847,0,0
TXN006574,133.38,16,3,restaurant,card_present,38.7,9.1,2.0,1.0,1,262,1,0
TXN006575,81.72,9,5,online,card_present,7.7,4.3,4.0,1.0,0,296,0,0
TXN006576,249.89,13,1,gas,card_present,2.1,20.8,4.0,1.0,0,637,0,0
TXN006577,79.05,21,3,clothing,contactless,16.2,19.4,6.0,3.0,0,59,1,0
TXN006578,205.5,11,6,restaurant,card_present,0.1,5.2,5.0,0.0,0,69,0,0
TXN006579,18.26,20,3,restaurant,card_present,14.8,6.1,2.0,1.0,1,3459,0,0
TXN006580,31.65,8,5,electronics,card_present,23.3,1.0,0.0,2.0,1,2749,0,0
TXN006581,760.39,1,4,online,online,240.9,433.8,6.0,7.0,4,3,0,1
TXN006582,8.25,15,2,gas,contactless,39.4,22.7,6.0,0.0,0,162,0,0
TXN006583,13.96,13,0,travel,card_present,13.2,13.9,4.0,0.0,0,106,0,0
TXN006584,16.0,11,6,gas,contactless,13.6,12.5,0.0,1.0,0,484,0,0
TXN006585,86.03,16,1,gas,online,17.3,20.1,3.0,0.0,1,953,0,0
TXN006586,133.0,17,0,online,online,10.4,9.1,2.0,0.0,1,2250,0,0
TXN006587,263.98,11,1,restaurant,card_present,15.2,19.3,3.0,0.0,0,1950,1,0
TXN006588,104.61,18,0,grocery,online,9.2,9.4,1.0,1.0,0,2169,0,0
TXN006589,27.86,21,6,restaurant,card_present,2.9,10.6,3.0,1.0,0,2278,0,0
TXN006590,53.85,22,0,travel,card_present,2.1,5.1,1.0,0.0,1,1703,0,0
TXN006591,116.49,4,3,online,card_present,276.3,132.7,8.0,4.0,2,54,1,1
TXN006592,42.89,7,0,electronics,online,1.0,14.3,4.0,1.0,1,3126,0,0
TXN006593,94.01,16,3,travel,card_present,4.4,10.4,4.0,1.0,1,1576,0,0
TXN006594,80.5,20,4,clothing,card_present,31.9,0.3,2.0,3.0,0,3458,0,0
TXN006595,60.01,6,1,clothing,card_present,12.4,8.7,3.0,0.0,0,481,0,0
TXN006596,56.42,21,1,online,card_present,4.9,3.9,7.0,2.0,1,2386,1,0
TXN006597,73.81,19,4,online,card_present,19.5,2.1,0.0,0.0,0,272,0,0
TXN006598,9.5,18,2,clothing,online,2.7,6.3,2.0,0.0,0,1991,0,0
TXN006599,7062.02,5,5,electronics,card_present,571.6,34.0,7.0,4.0,2,57,0,1
TXN006600,285.83,20,4,electronics,contactless,18.6,8.3,3.0,1.0,0,1426,0,0
TXN006601,49.81,19,0,clothing,online,39.5,9.5,1.0,0.0,0,902,0,0
TXN006602,17.06,10,6,clothing,card_present,32.6,1.0,2.0,1.0,0,344,0,0
TXN006603,56.19,20,6,clothing,card_present,17.2,18.1,2.0,0.0,1,1326,1,0
TXN006604,7.94,12,2,grocery,online,19.5,5.7,2.0,1.0,1,2033,0,0
TXN006605,52.2,15,2,clothing,card_present,12.7,7.6,0.0,1.0,0,1620,0,0
TXN006606,131.34,14,3,online,contactless,26.2,3.0,1.0,2.0,0,1814,0,0
TXN006607,150.03,21,6,online,online,3.3,12.6,6.0,1.0,1,2703,1,0
TXN006608,109.64,13,6,grocery,card_present,16.0,21.2,0.0,2.0,0,83,0,0
TXN006609,34.15,12,3,grocery,online,7.5,31.6,1.0,0.0,0,1547,0,0
TXN006610,9.82,9,3,restaurant,contactless,20.9,3.7,3.0,3.0,0,1062,0,0
TXN006611,16.16,7,3,electronics,card_present,15.7,7.6,4.0,3.0,0,3011,0,0
TXN006612,129.95,13,0,restaurant,online,6.9,16.4,3.0,0.0,0,2826,0,0
TXN006613,164.55,12,6,restaurant,online,30.7,0.2,3.0,0.0,0,2153,0,0
TXN006614,107.66,11,4,electronics,online,8.0,6.6,0.0,1.0,0,272,0,0
TXN006615,176.22,21,6,gas,online,10.1,2.7,4.0,3.0,0,2565,0,0
TXN006616,171.29,7,4,travel,online,22.2,10.8,4.0,0.0,0,52,0,0
TXN006617,4.44,12,3,gas,contactless,5.0,0.2,3.0,2.0,0,2647,1,0
TXN006618,116.34,15,0,restaurant,online,7.1,24.7,5.0,1.0,0,2364,0,0
TXN006619,79.61,21,6,gas,card_present,9.7,0.4,3.0,1.0,0,3244,0,0
TXN006620,37.18,14,5,travel,card_present,2.3,2.5,1.0,0.0,0,2794,0,0
TXN006621,28.43,18,5,gas,online,31.2,8.4,3.0,2.0,0,3322,0,0
TXN006622,33.18,8,0,electronics,card_present,22.1,13.6,1.0,2.0,0,2022,0,0
TXN006623,21.66,22,6,online,online,17.2,15.4,4.0,0.0,0,1034,1,0
TXN006624,40.78,14,5,electronics,card_present,11.2,20.2,2.0,1.0,0,548,0,0
TXN006625,52.88,11,2,travel,online,15.2,5.7,2.0,3.0,0,2875,0,0
TXN006626,30.13,10,2,electronics,online,13.2,3.5,4.0,1.0,1,390,0,0
TXN006627,164.98,20,3,clothing,card_present,30.1,10.5,0.0,5.0,0,2449,0,0
TXN006628,90.3,21,0,electronics,card_present,20.1,13.3,4.0,2.0,0,82,0,0
TXN006629,27.17,10,4,gas,card_present,7.0,14.3,1.0,1.0,0,3347,0,0
TXN006630,97.41,11,5,online,contactless,16.1,5.1,3.0,0.0,0,3508,1,0
TXN006631,106.57,21,4,travel,contactless,22.1,11.1,2.0,3.0,0,2205,1,0
TXN006632,66.0,18,4,travel,card_present,2.6,5.2,4.0,0.0,0,2913,0,0
TXN006633,111.58,16,4,electronics,card_present,17.5,5.1,1.0,0.0,0,1496,0,0
TXN006634,43.94,18,1,grocery,card_present,16.8,20.5,4.0,1.0,0,2359,0,0
TXN006635,13.41,17,1,grocery,card_present,18.9,1.5,3.0,1.0,0,640,0,0
TXN006636,35.43,13,4,online,contactless,23.1,10.9,3.0,0.0,0,3522,0,0
TXN006637,59.76,8,1,travel,contactless,19.8,7.1,1.0,1.0,0,759,1,0
TXN006638,28.25,14,2,restaurant,card_present,0.6,5.7,1.0,2.0,0,817,0,0
TXN006639,28.14,13,3,travel,online,17.2,10.4,1.0,1.0,0,2639,0,0
TXN006640,20.44,17,1,travel,card_present,9.0,22.7,2.0,0.0,1,953,0,0
TXN006641,20.65,17,2,clothing,card_present,18.5,10.2,6.0,2.0,0,2551,1,0
TXN006642,17.43,14,5,clothing,card_present,10.0,18.3,4.0,0.0,0,2183,0,0
TXN006643,29.1,8,4,online,online,9.5,5.6,0.0,0.0,0,1373,1,0
TXN006644,88.31,11,5,grocery,contactless,6.9,18.6,1.0,1.0,1,3138,0,0
TXN006645,7.25,12,4,grocery,card_present,16.3,8.8,1.0,2.0,0,432,0,0
TXN006646,473.01,14,1,travel,online,6.4,6.4,2.0,2.0,0,750,1,0
TXN006647,16.81,21,5,restaurant,online,20.3,10.5,2.0,3.0,0,1292,0,0
TXN006648,99.13,18,0,online,card_present,3.8,3.1,5.0,1.0,0,3450,0,0
TXN006649,47.82,16,2,online,card_present,3.7,8.3,4.0,1.0,0,2693,1,0
TXN006650,19.54,21,0,grocery,contactless,6.2,10.9,5.0,1.0,0,2803,0,0
TXN006651,279.33,14,1,grocery,card_present,5.1,14.0,4.0,1.0,0,3173,0,0
TXN006652,30.9,19,6,gas,online,12.3,23.1,4.0,1.0,1,746,0,0
TXN006653,40.55,21,4,gas,card_present,1.6,5.8,2.0,3.0,0,1865,0,0
TXN006654,34.5,14,3,grocery,online,4.7,5.2,3.0,0.0,0,630,1,0
TXN006655,62.13,14,2,electronics,contactless,41.4,7.7,2.0,4.0,0,75,1,0
TXN006656,54.61,9,1,travel,online,10.6,3.8,1.0,2.0,1,471,0,0
TXN006657,128.77,11,3,restaurant,contactless,30.4,11.2,2.0,1.0,0,1730,0,0
TXN006658,62.99,18,3,gas,card_present,7.4,6.1,2.0,0.0,0,3137,0,0
TXN006659,229.61,12,4,gas,card_present,12.5,2.3,0.0,0.0,0,1586,0,0
TXN006660,16.85,18,0,clothing,card_present,23.3,2.2,1.0,1.0,0,94,0,0
TXN006661,55.36,21,2,travel,online,14.1,1.6,2.0,1.0,0,489,0,0
TXN006662,125.61,16,1,online,online,4.8,13.1,1.0,0.0,0,736,1,0
TXN006663,54.1,21,1,electronics,online,29.8,6.5,3.0,2.0,0,1184,1,0
TXN006664,414.39,17,0,travel,card_present,9.8,0.8,2.0,1.0,0,1346,0,0
TXN006665,30.84,6,5,grocery,online,5.3,0.6,2.0,3.0,0,1083,0,0
TXN006666,86.6,17,0,restaurant,contactless,18.5,17.0,1.0,3.0,0,2448,0,0
TXN006667,42.8,11,0,travel,card_present,31.7,15.2,1.0,1.0,0,2944,0,0
TXN006668,19.56,18,1,gas,online,19.3,1.6,4.0,4.0,0,3588,1,0
TXN006669,4.93,20,6,online,contactless,28.9,10.4,1.0,0.0,0,1440,1,0
TXN006670,31.39,12,3,electronics,card_present,2.0,2.0,4.0,3.0,1,2037,0,0
TXN006671,287.57,13,1,online,card_present,16.3,23.8,1.0,0.0,0,3336,0,0
TXN006672,87.16,7,5,clothing,card_present,10.6,11.8,5.0,1.0,0,1982,0,0
TXN006673,2584.96,4,3,online,online,163.1,141.6,10.0,3.0,5,41,1,1
TXN006674,7.21,6,5,online,contactless,46.0,2.8,1.0,2.0,0,2035,0,0
TXN006675,62.73,17,5,online,card_present,23.8,10.1,3.0,0.0,0,3471,0,0
TXN006676,70.37,11,4,restaurant,contactless,36.5,4.0,4.0,1.0,0,632,0,0
TXN006677,26.96,21,6,electronics,card_present,0.1,8.4,8.0,2.0,0,1719,0,0
TXN006678,13.15,20,1,restaurant,contactless,9.2,7.1,1.0,0.0,0,2023,0,0
TXN006679,42.77,15,2,restaurant,card_present,41.1,8.8,1.0,0.0,1,2750,0,0
TXN006680,113.62,9,1,grocery,card_present,26.4,0.3,2.0,0.0,0,2671,1,0
TXN006681,59.14,20,1,travel,card_present,26.0,1.3,2.0,0.0,0,1701,1,0
TXN006682,25.64,6,0,clothing,card_present,19.0,10.0,3.0,2.0,1,190,1,0
TXN006683,16.3,7,5,restaurant,contactless,16.9,5.8,3.0,1.0,0,2766,0,0
TXN006684,196.57,8,5,travel,card_present,3.7,13.4,1.0,0.0,0,3507,0,0
TXN006685,60.73,14,1,restaurant,card_present,16.8,4.6,4.0,1.0,0,301,0,0
TXN006686,43.53,13,3,gas,online,12.7,20.3,5.0,1.0,1,3497,0,0
TXN006687,1292.63,3,3,electronics,online,271.1,609.5,12.0,2.0,2,2,0,1
TXN006688,75.39,22,5,grocery,card_present,0.3,2.7,3.0,1.0,1,1530,0,0
TXN006689,123.16,6,3,online,contactless,1.6,14.3,0.0,0.0,0,3424,0,0
TXN006690,102.48,6,4,grocery,card_present,3.1,13.2,3.0,1.0,1,2626,1,0
TXN006691,136.13,12,0,travel,card_present,3.7,4.0,4.0,0.0,0,1295,0,0
TXN006692,58.44,6,3,online,card_present,41.5,3.0,3.0,1.0,0,2470,0,0
TXN006693,6.53,21,6,gas,card_present,11.4,2.5,1.0,2.0,0,1873,1,0
TXN006694,69.55,12,5,grocery,card_present,14.9,17.5,2.0,1.0,0,3028,0,0
TXN006695,37.8,17,0,grocery,card_present,10.5,3.6,1.0,2.0,0,193,0,0
TXN006696,141.01,11,4,online,online,6.1,1.4,2.0,0.0,0,427,0,0
TXN006697,145.25,9,4,electronics,card_present,4.0,17.5,3.0,1.0,1,3408,0,0
TXN006698,113.85,20,5,restaurant,card_present,12.7,15.8,2.0,1.0,0,1907,0,0
TXN006699,23.71,22,5,clothing,card_present,19.3,15.0,3.0,2.0,1,2740,1,0
TXN006700,919.96,10,5,online,card_present,17.5,7.0,1.0,0.0,0,379,0,0
TXN006701,11.88,8,5,electronics,card_present,0.6,6.8,6.0,0.0,0,468,0,0
TXN006702,8.62,13,0,online,card_present,27.3,2.0,3.0,3.0,0,3180,0,0
TXN006703,6.08,12,5,clothing,contactless,35.5,0.5,3.0,1.0,0,214,0,0
TXN006704,177.67,8,1,travel,card_present,13.6,2.5,2.0,2.0,0,461,0,0
TXN006705,51.79,9,2,clothing,contactless,3.9,21.1,3.0,0.0,1,110,0,0
TXN006706,32.93,7,0,restaurant,online,0.8,3.1,3.0,0.0,0,1771,0,0
TXN006707,34.28,22,1,travel,card_present,25.8,5.2,2.0,0.0,0,1243,0,0
TXN006708,152.81,13,1,travel,card_present,11.6,2.5,4.0,1.0,0,1667,0,0
TXN006709,149.52,7,0,electronics,online,2.6,16.2,2.0,3.0,0,822,0,0
TXN006710,127.33,7,5,travel,card_present,0.3,16.4,5.0,0.0,1,1947,0,0
TXN006711,8.7,18,3,grocery,online,12.9,0.5,3.0,2.0,0,714,0,0
TXN006712,50.99,19,2,clothing,contactless,12.8,16.6,1.0,0.0,0,3640,0,0
TXN006713,7.63,7,5,restaurant,contactless,8.0,12.2,3.0,0.0,0,43,1,0
TXN006714,155.09,20,3,grocery,card_present,16.4,2.2,0.0,0.0,1,2069,0,0
TXN006715,27.89,6,6,electronics,online,9.4,6.0,2.0,1.0,1,2977,1,0
TXN006716,35.74,10,2,restaurant,card_present,23.0,10.1,3.0,1.0,1,2392,0,0
TXN006717,372.7,23,6,jewelry,card_present,219.1,42.0,3.0,4.0,5,19,0,1
TXN006718,146.96,18,5,clothing,contactless,12.5,10.5,3.0,0.0,0,3411,0,0
TXN006719,33.64,8,1,electronics,online,18.2,4.8,2.0,1.0,0,89,0,0
TXN006720,52.48,18,1,gas,contactless,6.8,9.2,3.0,3.0,0,1314,0,0
TXN006721,94.77,11,5,travel,card_present,15.8,8.2,1.0,1.0,0,607,0,0
TXN006722,33.66,12,0,grocery,online,4.9,4.4,2.0,1.0,1,3329,0,0
TXN006723,142.0,17,6,travel,card_present,39.0,5.5,3.0,2.0,0,2820,0,0
TXN006724,160.9,21,1,online,online,15.1,17.7,5.0,1.0,0,2086,0,0
TXN006725,44.44,15,0,grocery,contactless,28.0,8.3,8.0,2.0,0,2124,0,0
TXN006726,206.16,22,6,gas,online,17.7,4.0,2.0,2.0,0,849,0,0
TXN006727,13.44,11,5,travel,online,23.8,14.5,3.0,0.0,0,2958,0,0
TXN006728,57.53,10,3,travel,contactless,7.0,0.2,1.0,1.0,0,2758,0,0
TXN006729,80.11,7,4,grocery,online,22.5,4.2,3.0,1.0,0,236,0,0
TXN006730,39.65,9,6,travel,online,14.3,15.0,4.0,0.0,0,2422,0,0
TXN006731,87.04,16,3,gas,card_present,1.8,17.9,1.0,1.0,1,2648,0,0
TXN006732,65.82,14,0,restaurant,card_present,16.8,3.3,3.0,0.0,0,990,0,0
TXN006733,102.86,19,6,online,card_present,9.5,2.0,2.0,1.0,1,3080,1,0
TXN006734,25.54,12,1,grocery,card_present,0.9,5.7,0.0,1.0,0,3356,0,0
TXN006735,139.94,10,3,gas,contactless,8.0,17.2,4.0,1.0,1,414,1,0
TXN006736,40.13,18,6,grocery,online,24.5,10.7,3.0,2.0,0,1055,0,0
TXN006737,143.62,17,1,online,card_present,18.0,2.8,2.0,1.0,0,2615,1,0
TXN006738,44.51,21,2,clothing,contactless,24.4,6.5,6.0,2.0,1,3273,0,0
TXN006739,132.64,15,6,clothing,online,1.7,1.0,3.0,2.0,0,2025,0,0
TXN006740,183.91,2,1,online,online,70.1,385.1,8.0,2.0,3,15,0,1
TXN006741,83.22,22,2,clothing,online,19.3,32.8,3.0,0.0,0,405,0,0
TXN006742,83.01,8,3,travel,card_present,17.2,13.0,5.0,0.0,1,2164,0,0
TXN006743,16.81,20,1,travel,online,14.1,18.0,3.0,0.0,0,522,0,0
TXN006744,11.57,20,5,restaurant,contactless,10.5,10.0,1.0,1.0,1,408,0,0
TXN006745,56.53,14,5,gas,card_present,9.9,6.8,5.0,1.0,1,904,0,0
TXN006746,20.32,20,3,online,contactless,19.7,19.0,4.0,1.0,0,335,0,0
TXN006747,57.14,11,2,online,card_present,8.9,23.4,1.0,0.0,1,398,0,0
TXN006748,41.86,22,5,clothing,online,23.4,5.6,1.0,3.0,0,2914,0,0
TXN006749,82.11,7,5,electronics,card_present,25.9,15.3,8.0,2.0,0,2921,0,0
TXN006750,6.91,20,1,clothing,card_present,1.4,9.5,2.0,0.0,0,182,0,0
TXN006751,47.13,16,3,online,card_present,50.4,4.9,1.0,0.0,1,2640,0,0
TXN006752,28.31,15,0,electronics,contactless,0.0,14.2,2.0,0.0,0,1068,0,0
TXN006753,79.93,12,0,online,online,22.2,9.5,4.0,0.0,1,3590,1,0
TXN006754,50.75,10,6,online,contactless,10.0,0.3,2.0,0.0,0,2959,1,0
TXN006755,9.31,9,6,travel,online,41.0,10.7,5.0,0.0,1,1529,0,0
TXN006756,31.49,11,0,grocery,card_present,26.3,2.7,3.0,0.0,0,1994,0,0
TXN006757,27.52,16,6,clothing,card_present,28.9,23.5,1.0,2.0,0,2954,0,0
TXN006758,211.76,15,5,restaurant,contactless,26.7,17.8,4.0,0.0,0,3148,0,0
TXN006759,23.32,12,6,restaurant,card_present,23.9,11.4,4.0,2.0,0,3262,1,0
TXN006760,43.7,22,0,clothing,card_present,24.2,21.9,4.0,2.0,0,2719,0,0
TXN006761,53.4,20,4,restaurant,online,23.6,2.8,6.0,2.0,0,1956,0,0
TXN006762,51.12,21,2,grocery,online,0.9,15.9,6.0,1.0,0,301,0,0
TXN006763,113.13,16,2,gas,online,24.1,15.8,1.0,0.0,0,872,0,0
TXN006764,92.82,9,4,grocery,online,4.0,9.1,3.0,2.0,0,1797,0,0
TXN006765,18.96,16,0,online,card_present,18.0,9.3,3.0,0.0,0,2303,1,0
TXN006766,55.64,6,5,travel,online,25.4,4.1,4.0,1.0,1,267,0,0
TXN006767,264.57,18,1,electronics,card_present,15.1,21.7,3.0,1.0,0,141,0,0
TXN006768,152.55,6,1,clothing,online,19.4,0.9,3.0,0.0,0,1333,1,0
TXN006769,32.57,11,1,online,contactless,3.8,1.5,3.0,1.0,0,2109,0,0
TXN006770,127.07,10,5,online,card_present,24.5,3.6,1.0,1.0,0,3510,0,0
TXN006771,108.53,8,4,online,online,5.2,2.8,3.0,1.0,0,1513,0,0
TXN006772,61.15,12,5,grocery,contactless,39.9,19.3,1.0,1.0,0,1649,0,0
TXN006773,513.33,9,6,online,online,16.0,5.9,3.0,2.0,0,192,0,0
TXN006774,77.89,13,0,online,online,21.1,8.5,3.0,0.0,0,2811,0,0
TXN006775,12.09,10,4,grocery,online,8.0,3.3,4.0,3.0,0,404,0,0
TXN006776,25.46,6,5,gas,card_present,3.9,4.3,3.0,2.0,0,2311,0,0
TXN006777,264.4,18,2,electronics,card_present,22.9,5.7,0.0,1.0,0,2346,1,0
TXN006778,1599.4,10,2,online,card_present,24.4,3.9,4.0,2.0,1,3262,0,0
TXN006779,28.31,19,0,travel,card_present,3.6,6.7,5.0,4.0,0,1351,0,0
TXN006780,112.33,10,5,gas,online,29.8,15.9,4.0,2.0,0,2545,0,0
TXN006781,29.82,16,4,gas,card_present,5.5,14.0,2.0,0.0,0,1241,0,0
TXN006782,106.21,22,4,restaurant,online,29.4,7.9,1.0,1.0,1,3432,0,0
TXN006783,15.02,13,4,grocery,card_present,11.6,10.0,3.0,1.0,0,3031,0,0
TXN006784,13.47,14,3,grocery,contactless,5.5,4.0,1.0,0.0,0,1368,0,0
TXN006785,53.42,9,6,electronics,online,18.2,0.1,3.0,0.0,1,2547,0,0
TXN006786,72.33,19,5,electronics,online,15.8,1.9,2.0,2.0,0,762,0,0
TXN006787,264.86,7,4,restaurant,contactless,3.3,10.5,1.0,1.0,0,2785,1,0
TXN006788,71.1,7,0,grocery,card_present,2.5,3.2,3.0,0.0,0,3315,0,0
TXN006789,11.66,12,5,gas,card_present,28.0,8.4,3.0,0.0,0,2266,1,0
TXN006790,10.1,16,4,restaurant,online,20.6,19.2,2.0,1.0,1,1551,0,0
TXN006791,5.36,20,4,clothing,card_present,4.3,2.0,4.0,0.0,0,148,0,0
TXN006792,38.74,6,1,electronics,online,3.9,3.8,1.0,3.0,0,2913,0,0
TXN006793,18.85,12,5,clothing,online,14.5,16.3,3.0,0.0,0,1720,0,0
TXN006794,270.28,11,0,clothing,contactless,1.4,13.4,3.0,1.0,0,1790,0,0
TXN006795,36.46,22,6,clothing,online,35.9,19.4,6.0,0.0,0,1656,1,0
TXN006796,216.09,13,6,grocery,card_present,2.2,2.4,3.0,1.0,0,891,1,0
TXN006797,36.26,8,2,grocery,card_present,28.1,8.9,2.0,2.0,0,62,1,0
TXN006798,13.47,9,3,clothing,online,27.0,3.2,4.0,2.0,0,498,0,0
TXN006799,34.86,19,4,gas,contactless,10.9,18.6,3.0,0.0,0,1718,0,0
TXN006800,143.37,7,1,grocery,card_present,7.7,0.3,6.0,2.0,0,1916,0,0
TXN006801,56.9,11,0,electronics,card_present,22.2,18.1,6.0,0.0,0,877,1,0
TXN006802,71.74,8,6,gas,card_present,13.2,2.2,1.0,1.0,0,1718,0,0
TXN006803,171.3,17,3,electronics,card_present,12.9,1.6,2.0,1.0,0,1505,0,0
TXN006804,119.51,7,3,restaurant,card_present,8.5,4.3,2.0,1.0,0,2833,0,0
TXN006805,394.04,17,4,gas,card_present,10.3,11.0,4.0,1.0,0,909,0,0
TXN006806,24.91,8,6,online,card_present,3.3,6.8,3.0,2.0,0,1321,1,0
TXN006807,233.88,14,2,electronics,card_present,10.3,10.1,3.0,0.0,0,32,0,0
TXN006808,53.81,10,6,grocery,online,22.4,2.1,3.0,1.0,0,519,0,0
TXN006809,132.83,19,0,restaurant,online,4.9,3.3,6.0,0.0,0,2496,1,0
TXN006810,49.3,12,1,electronics,online,17.5,7.7,2.0,2.0,0,2479,1,0
TXN006811,24.29,12,2,electronics,card_present,0.1,4.6,1.0,0.0,0,1510,0,0
TXN006812,74.26,13,0,grocery,card_present,3.0,11.9,2.0,1.0,0,736,1,0
TXN006813,72.05,8,2,grocery,online,11.6,6.5,3.0,2.0,0,285,0,0
TXN006814,478.16,8,2,restaurant,card_present,9.7,9.2,5.0,1.0,1,487,0,0
TXN006815,37.23,21,6,grocery,card_present,11.1,14.2,6.0,1.0,0,165,0,0
TXN006816,14.71,17,5,grocery,card_present,19.4,8.0,2.0,2.0,1,723,0,0
TXN006817,177.8,11,5,grocery,online,1.2,10.2,4.0,3.0,0,2456,0,0
TXN006818,64.83,6,5,travel,contactless,25.2,10.4,3.0,0.0,0,3158,0,0
TXN006819,149.5,13,0,restaurant,online,3.1,28.9,7.0,0.0,1,506,1,0
TXN006820,28.98,11,3,electronics,online,0.1,3.5,3.0,0.0,1,2314,0,0
TXN006821,75.29,17,4,gas,contactless,0.3,13.4,5.0,1.0,0,2731,0,0
TXN006822,155.85,10,0,grocery,card_present,4.2,9.8,3.0,2.0,0,348,1,0
TXN006823,16.58,20,4,electronics,card_present,25.9,15.5,4.0,0.0,0,1007,0,0
TXN006824,20.34,13,5,grocery,online,12.0,10.4,4.0,1.0,0,653,0,0
TXN006825,26.15,16,5,travel,card_present,20.5,26.1,2.0,1.0,0,2215,1,0
TXN006826,24.64,21,1,online,contactless,35.1,11.0,1.0,1.0,0,2725,0,0
TXN006827,63.72,11,2,online,online,1.4,16.8,3.0,1.0,0,2759,0,0
TXN006828,296.61,23,4,jewelry,card_present,311.2,208.8,10.0,4.0,1,8,1,1
TXN006829,11.95,22,0,online,online,9.4,6.7,3.0,0.0,1,904,0,0
TXN006830,56.57,18,0,gas,contactless,28.9,14.3,6.0,0.0,0,909,0,0
TXN006831,292.28,10,3,electronics,online,14.7,12.1,2.0,2.0,1,3208,1,0
TXN006832,45.45,13,4,electronics,online,9.9,3.6,5.0,4.0,0,3233,0,0
TXN006833,1565.64,22,6,electronics,online,153.8,62.3,9.0,3.0,4,56,1,1
TXN006834,219.74,8,4,grocery,card_present,10.9,4.2,2.0,1.0,0,70,0,0
TXN006835,180.21,18,5,restaurant,online,23.8,11.5,3.0,0.0,0,526,0,0
TXN006836,48.45,10,1,restaurant,contactless,2.4,11.6,0.0,1.0,1,345,0,0
TXN006837,34.85,14,6,online,card_present,41.3,20.6,6.0,0.0,0,559,0,0
TXN006838,68.14,14,6,electronics,card_present,3.1,10.2,3.0,2.0,0,2977,0,0
TXN006839,99.24,8,4,electronics,online,11.2,4.5,4.0,0.0,0,2508,0,0
TXN006840,39.22,7,3,electronics,online,15.6,21.0,5.0,0.0,0,281,0,0
TXN006841,24.19,13,4,gas,card_present,1.7,7.7,2.0,2.0,0,3533,0,0
TXN006842,139.65,23,6,electronics,online,318.1,40.4,11.0,2.0,5,20,0,1
TXN006843,50.54,6,2,travel,contactless,18.6,18.3,2.0,1.0,1,1877,0,0
TXN006844,35.38,8,3,electronics,contactless,23.2,11.4,4.0,0.0,0,1746,0,0
TXN006845,76.84,10,3,electronics,contactless,4.7,8.6,1.0,1.0,0,448,1,0
TXN006846,35.34,6,5,restaurant,online,14.8,21.7,1.0,0.0,1,338,0,0
TXN006847,58.43,14,4,clothing,contactless,22.0,14.0,3.0,0.0,0,271,0,0
TXN006848,14.98,18,1,electronics,card_present,18.4,0.6,3.0,2.0,0,2773,0,0
TXN006849,43.51,13,5,electronics,card_present,39.6,10.6,3.0,3.0,0,1562,0,0
TXN006850,78.86,11,2,travel,card_present,18.6,19.5,3.0,4.0,0,3638,0,0
TXN006851,42.66,9,2,grocery,online,11.4,4.2,6.0,0.0,0,3428,1,0
TXN006852,63.46,8,2,clothing,card_present,14.7,3.3,2.0,3.0,1,2931,0,0
TXN006853,36.38,22,5,electronics,card_present,16.4,27.7,5.0,3.0,0,726,0,0
TXN006854,27.9,16,3,grocery,card_present,17.4,5.2,2.0,0.0,0,1228,0,0
TXN006855,340.23,14,2,grocery,online,6.2,2.5,1.0,3.0,0,1296,0,0
TXN006856,6161.29,22,5,jewelry,online,150.6,228.7,10.0,5.0,5,33,1,1
TXN006857,11.05,6,0,grocery,online,11.0,12.2,4.0,2.0,0,2404,1,0
TXN006858,474.97,7,2,online,online,1.5,12.0,4.0,1.0,0,970,0,0
TXN006859,55.88,6,2,travel,card_present,6.9,0.1,1.0,2.0,0,1459,0,0
TXN006860,53.17,19,5,electronics,card_present,5.1,10.4,0.0,2.0,0,3535,1,0
TXN006861,153.32,14,2,grocery,card_present,45.5,14.3,5.0,0.0,0,32,0,0
TXN006862,31.54,7,3,travel,card_present,8.9,5.7,1.0,1.0,0,1487,0,0
TXN006863,41.27,16,5,restaurant,card_present,7.0,20.6,2.0,1.0,0,1075,0,0
TXN006864,95.66,9,3,travel,card_present,4.1,14.9,1.0,0.0,0,653,1,0
TXN006865,50.85,15,2,online,contactless,21.5,10.2,5.0,1.0,0,1141,0,0
TXN006866,280.68,7,4,grocery,contactless,5.2,5.3,4.0,2.0,0,3577,1,0
TXN006867,16.17,20,4,restaurant,card_present,21.4,9.6,2.0,1.0,1,3351,1,0
TXN006868,38.44,21,6,electronics,card_present,25.3,12.6,4.0,0.0,0,3464,0,0
TXN006869,3.65,9,5,electronics,card_present,22.1,11.3,1.0,0.0,0,2408,0,0
TXN006870,137.43,0,0,online,online,239.6,270.4,11.0,6.0,3,6,0,1
TXN006871,408.41,16,3,travel,online,9.7,16.8,3.0,0.0,0,3387,1,0
TXN006872,36.1,16,5,travel,card_present,13.3,4.8,2.0,0.0,0,2507,1,0
TXN006873,22.26,8,2,grocery,online,22.0,3.2,2.0,0.0,0,3616,0,0
TXN006874,211.26,12,4,gas,online,2.2,11.8,4.0,2.0,0,1044,0,0
TXN006875,86.52,8,3,travel,card_present,17.7,11.9,7.0,1.0,0,747,0,0
TXN006876,264.62,0,3,online,online,55.0,365.0,7.0,0.0,3,37,1,1
TXN006877,178.94,14,2,gas,contactless,10.5,25.2,5.0,0.0,0,2595,0,0
TXN006878,87.53,16,6,grocery,online,33.7,8.6,3.0,1.0,0,3129,0,0
TXN006879,25.99,7,6,grocery,online,11.5,5.0,2.0,4.0,0,1354,0,0
TXN006880,30.23,22,2,electronics,card_present,6.3,2.7,4.0,2.0,0,628,0,0
TXN006881,11.32,13,4,electronics,online,18.3,16.1,5.0,0.0,0,3152,0,0
TXN006882,68.08,6,6,travel,card_present,10.7,13.7,4.0,1.0,0,1651,0,0
TXN006883,87.29,6,3,electronics,online,32.8,20.7,4.0,1.0,1,1520,1,0
TXN006884,33.79,10,2,gas,card_present,2.1,10.5,3.0,0.0,0,173,0,0
TXN006885,56.09,15,3,electronics,card_present,28.5,12.3,2.0,1.0,0,2937,0,0
TXN006886,196.03,21,3,grocery,card_present,6.3,1.0,4.0,0.0,0,3320,0,0
TXN006887,97.89,10,2,restaurant,online,10.0,12.8,4.0,1.0,0,1448,0,0
TXN006888,39.13,16,3,online,contactless,0.0,4.9,3.0,1.0,0,1588,0,0
TXN006889,14.45,8,6,grocery,contactless,15.8,7.3,2.0,0.0,1,2703,0,0
TXN006890,5.45,21,4,online,card_present,19.3,2.4,2.0,1.0,0,1690,0,0
TXN006891,8.33,16,0,clothing,online,12.5,2.3,3.0,2.0,0,3438,1,0
TXN006892,13.46,17,5,clothing,card_present,8.2,17.2,5.0,2.0,0,3287,0,0
TXN006893,63.99,22,5,electronics,contactless,2.3,17.5,1.0,0.0,0,2196,0,0
TXN006894,40.91,6,4,gas,online,6.9,5.2,3.0,2.0,1,2685,0,0
TXN006895,17.54,12,6,restaurant,card_present,18.5,14.9,3.0,1.0,1,50,0,0
TXN006896,162.42,10,5,grocery,online,5.6,9.1,2.0,2.0,0,1245,0,0
TXN006897,76.8,11,5,travel,online,14.0,9.4,2.0,0.0,1,2357,1,0
TXN006898,75.71,17,0,online,card_present,37.0,2.3,2.0,1.0,1,118,0,0
TXN006899,40.06,12,1,online,card_present,6.1,4.2,3.0,0.0,0,1415,0,0
TXN006900,22.11,15,2,online,card_present,23.2,4.1,0.0,2.0,0,784,0,0
TXN006901,21.35,11,6,grocery,online,21.8,0.4,1.0,1.0,0,611,0,0
TXN006902,93.45,22,1,restaurant,online,27.5,0.5,1.0,2.0,0,3116,1,0
TXN006903,21.71,11,5,restaurant,online,10.7,10.8,1.0,3.0,0,3600,0,0
TXN006904,232.97,14,2,online,online,27.8,9.0,0.0,0.0,0,2807,0,0
TXN006905,14.22,11,5,grocery,card_present,5.4,5.5,3.0,0.0,0,1423,0,0
TXN006906,85.58,21,6,clothing,online,4.6,5.6,3.0,1.0,0,1635,0,0
TXN006907,119.35,6,5,clothing,online,8.8,2.2,7.0,1.0,0,2336,0,0
TXN006908,20.53,18,6,gas,online,13.5,7.3,9.0,2.0,0,3441,1,0
TXN006909,105.9,16,4,clothing,online,11.6,13.8,2.0,1.0,0,2992,0,0
TXN006910,185.27,10,2,gas,online,16.8,4.2,2.0,1.0,0,2185,0,0
TXN006911,76.0,11,3,travel,card_present,25.7,17.6,9.0,0.0,0,142,0,0
TXN006912,47.38,15,5,online,card_present,5.6,2.5,4.0,0.0,0,770,0,0
TXN006913,70.2,22,4,clothing,online,0.0,13.1,0.0,2.0,1,103,0,0
TXN006914,49.46,10,2,gas,online,0.3,12.0,0.0,2.0,0,1127,0,0
TXN006915,22.02,12,6,restaurant,card_present,19.2,8.1,3.0,0.0,0,2223,1,0
TXN006916,126.4,18,3,electronics,online,18.4,6.3,1.0,2.0,0,1263,0,0
TXN006917,119.13,8,0,electronics,card_present,48.8,2.7,1.0,2.0,1,505,1,0
TXN006918,99.04,14,1,gas,online,13.3,8.1,3.0,2.0,0,1251,0,0
TXN006919,11.67,8,0,travel,card_present,18.2,10.2,2.0,0.0,0,866,0,0
TXN006920,35.67,21,2,clothing,online,40.2,9.7,4.0,2.0,0,1638,1,0
TXN006921,23.69,22,4,online,card_present,7.3,7.9,2.0,0.0,0,1753,0,0
TXN006922,31.62,10,4,electronics,card_present,3.2,3.8,0.0,1.0,0,252,0,0
TXN006923,9.06,17,5,gas,online,9.9,10.9,4.0,0.0,0,875,0,0
TXN006924,59.03,17,6,gas,online,10.0,2.9,3.0,0.0,0,1097,0,0
TXN006925,84.13,9,4,electronics,card_present,20.1,2.7,1.0,3.0,0,830,1,0
TXN006926,180.71,13,6,online,card_present,14.2,7.8,1.0,2.0,0,1332,0,0
TXN006927,320.48,4,0,travel,card_present,57.0,566.7,4.0,5.0,4,11,1,1
TXN006928,663.42,15,4,grocery,contactless,24.0,8.6,2.0,0.0,0,2015,0,0
TXN006929,40.41,10,1,clothing,card_present,9.2,8.4,2.0,2.0,1,1842,0,0
TXN006930,18.71,14,3,clothing,contactless,2.3,16.0,2.0,0.0,0,49,0,0
TXN006931,20.29,17,4,electronics,contactless,3.3,16.6,2.0,2.0,0,550,0,0
TXN006932,62.34,22,3,restaurant,card_present,14.5,7.9,4.0,2.0,1,3138,0,0
TXN006933,273.75,15,5,online,card_present,1.2,11.3,4.0,0.0,0,576,0,0
TXN006934,38.31,17,5,online,card_present,8.8,12.7,3.0,4.0,0,2076,0,0
TXN006935,182.91,17,0,clothing,card_present,13.5,11.4,3.0,1.0,0,1160,0,0
TXN006936,124.85,8,5,travel,contactless,7.3,4.1,2.0,0.0,0,1123,0,0
TXN006937,9.68,13,6,clothing,contactless,26.3,9.3,4.0,3.0,1,1068,0,0
TXN006938,27.55,9,1,restaurant,online,2.3,9.5,1.0,1.0,0,2789,0,0
TXN006939,365.47,15,1,travel,card_present,4.0,3.9,3.0,0.0,0,2346,1,0
TXN006940,292.13,10,0,online,online,21.8,3.7,2.0,0.0,1,711,0,0
TXN006941,39.09,7,6,clothing,card_present,6.3,9.6,7.0,2.0,0,875,1,0
TXN006942,59.31,20,1,restaurant,online,11.5,3.7,5.0,3.0,0,2615,0,0
TXN006943,44.9,17,2,electronics,card_present,22.0,8.6,4.0,2.0,1,433,0,0
TXN006944,643.31,4,0,jewelry,online,65.2,414.9,10.0,3.0,3,57,0,1
TXN006945,88.5,5,4,travel,online,362.9,388.6,6.0,2.0,2,24,1,1
TXN006946,44.93,7,1,grocery,online,3.1,3.7,3.0,0.0,0,2788,1,0
TXN006947,46.0,19,2,travel,card_present,1.2,11.5,4.0,1.0,0,2740,1,0
TXN006948,26.2,17,3,gas,online,14.8,0.7,2.0,1.0,0,1152,0,0
TXN006949,153.19,9,2,electronics,contactless,33.2,12.4,4.0,0.0,0,3591,0,0
TXN006950,52.46,11,0,travel,card_present,10.4,18.8,1.0,0.0,0,2735,0,0
TXN006951,58.52,14,4,clothing,card_present,8.0,1.8,3.0,5.0,0,673,0,0
TXN006952,122.88,2,6,online,online,246.3,351.4,11.0,3.0,3,17,0,1
TXN006953,42.58,14,6,restaurant,contactless,4.4,12.6,5.0,0.0,0,3291,0,0
TXN006954,39.46,22,3,restaurant,card_present,14.4,1.4,0.0,5.0,0,1714,0,0
TXN006955,133.61,9,6,clothing,contactless,10.6,8.5,1.0,3.0,0,2109,0,0
TXN006956,52.64,15,2,online,card_present,23.9,12.9,1.0,0.0,0,1053,0,0
TXN006957,7.57,15,6,gas,online,7.0,26.0,1.0,0.0,0,1262,0,0
TXN006958,67.84,6,5,restaurant,card_present,17.4,1.9,1.0,0.0,0,1198,1,0
TXN006959,179.33,21,1,restaurant,online,9.2,15.5,4.0,0.0,0,442,0,0
TXN006960,88.78,9,4,clothing,card_present,8.8,11.6,0.0,1.0,0,1270,0,0
TXN006961,254.46,17,3,restaurant,card_present,1.0,13.2,7.0,1.0,1,1709,1,0
TXN006962,814.87,21,5,gas,online,5.8,9.8,3.0,0.0,0,640,1,0
TXN006963,11.65,14,4,clothing,card_present,26.4,11.4,2.0,1.0,0,1967,0,0
TXN006964,110.17,18,3,grocery,contactless,12.9,5.4,1.0,1.0,0,2954,0,0
TXN006965,161.5,21,2,restaurant,contactless,12.9,10.3,4.0,0.0,0,2070,0,0
TXN006966,9.39,11,0,gas,card_present,13.9,6.7,1.0,0.0,0,706,0,0
TXN006967,32.25,14,5,gas,card_present,3.1,17.8,3.0,0.0,1,577,0,0
TXN006968,202.32,6,6,grocery,card_present,15.5,7.4,4.0,2.0,1,3322,0,0
TXN006969,21.42,19,5,gas,contactless,15.4,10.7,2.0,0.0,0,2653,0,0
TXN006970,48.26,12,1,travel,contactless,1.7,24.6,1.0,0.0,0,3273,0,0
TXN006971,65.62,16,2,clothing,card_present,16.4,8.0,3.0,0.0,0,2603,0,0
TXN006972,18.87,13,0,electronics,contactless,54.0,6.0,4.0,1.0,0,3581,0,0
TXN006973,64.38,6,5,online,card_present,33.2,21.1,1.0,2.0,0,2296,0,0
TXN006974,67.81,20,3,gas,contactless,10.8,8.0,2.0,2.0,1,1227,0,0
TXN006975,14.39,7,5,restaurant,card_present,18.7,3.1,0.0,2.0,1,254,0,0
TXN006976,16.27,13,3,clothing,card_present,20.5,3.6,1.0,2.0,1,1335,0,0
TXN006977,28.66,8,2,clothing,contactless,12.3,4.2,4.0,1.0,0,3550,0,0
TXN006978,73.35,18,5,online,contactless,29.4,13.2,4.0,0.0,0,1769,1,0
TXN006979,25.07,10,4,grocery,card_present,7.0,2.4,1.0,2.0,0,3365,0,0
TXN006980,39.49,13,5,electronics,online,31.3,3.9,4.0,1.0,0,441,0,0
TXN006981,113.28,17,4,clothing,online,28.5,5.6,2.0,0.0,0,1262,0,0
TXN006982,155.77,7,3,online,online,7.5,14.8,2.0,2.0,1,3435,0,0
TXN006983,70.37,19,6,electronics,contactless,35.8,4.3,4.0,0.0,1,1083,0,0
TXN006984,42.92,15,2,restaurant,contactless,9.8,8.2,4.0,4.0,1,3501,0,0
TXN006985,34.54,10,6,clothing,online,31.6,12.4,4.0,0.0,1,742,1,0
TXN006986,81.8,22,4,clothing,contactless,44.2,12.5,6.0,0.0,1,850,1,0
TXN006987,98.75,8,1,restaurant,card_present,8.2,8.5,4.0,1.0,1,2694,0,0
TXN006988,45.12,6,0,grocery,card_present,7.5,2.0,3.0,1.0,0,2299,0,0
TXN006989,73.35,6,6,gas,online,17.7,7.5,0.0,1.0,0,600,0,0
TXN006990,387.55,20,2,electronics,card_present,8.3,9.7,1.0,2.0,0,1013,0,0
TXN006991,76.26,8,0,clothing,online,19.9,1.6,3.0,0.0,0,3059,0,0
TXN006992,50.23,6,3,electronics,card_present,6.3,10.2,5.0,2.0,0,3607,0,0
TXN006993,139.88,22,1,clothing,online,25.6,3.4,2.0,4.0,0,998,0,0
TXN006994,24.12,14,5,grocery,card_present,3.1,5.3,2.0,0.0,1,1988,0,0
TXN006995,15.71,9,4,clothing,online,3.4,2.8,3.0,1.0,0,3409,0,0
TXN006996,319.42,21,5,clothing,contactless,7.1,2.7,0.0,1.0,0,2746,0,0
TXN006997,35.72,12,3,online,card_present,2.3,0.9,5.0,1.0,0,2106,0,0
TXN006998,12.45,6,0,clothing,contactless,0.5,7.7,1.0,1.0,1,1933,0,0
TXN006999,214.88,12,4,travel,online,5.0,7.8,5.0,2.0,0,1244,0,0
TXN007000,29.62,17,2,gas,online,15.4,9.6,3.0,2.0,0,3401,0,0
TXN007001,31.11,11,1,gas,online,47.0,1.1,8.0,1.0,0,3152,1,0
TXN007002,38.03,20,5,restaurant,contactless,7.7,18.5,2.0,1.0,0,1428,0,0
TXN007003,12.81,17,3,grocery,online,12.9,10.2,1.0,1.0,0,2577,0,0
TXN007004,22.48,19,0,online,contactless,8.6,0.7,1.0,0.0,1,68,0,0
TXN007005,193.58,20,0,clothing,contactless,13.8,2.2,1.0,0.0,0,1604,0,0
TXN007006,252.74,20,1,restaurant,card_present,3.6,10.5,2.0,0.0,1,970,0,0
TXN007007,7.23,21,5,grocery,online,12.9,22.8,2.0,0.0,1,3454,1,0
TXN007008,26.72,9,5,gas,contactless,20.2,3.3,2.0,2.0,0,1745,0,0
TXN007009,43.99,6,5,online,card_present,19.0,3.0,4.0,1.0,1,299,0,0
TXN007010,41.8,18,0,online,online,14.3,7.3,2.0,0.0,0,2246,0,0
TXN007011,48.82,19,3,grocery,online,19.3,5.5,3.0,1.0,0,689,0,0
TXN007012,56.29,10,1,travel,online,10.1,6.3,5.0,1.0,1,944,0,0
TXN007013,163.77,14,2,online,online,35.5,14.5,2.0,3.0,0,1207,1,0
TXN007014,39.12,20,1,gas,contactless,29.1,2.4,4.0,0.0,0,801,0,0
TXN007015,83.21,23,3,travel,online,300.2,114.2,11.0,5.0,5,21,1,1
TXN007016,67.45,6,6,grocery,card_present,23.5,2.6,1.0,0.0,0,122,1,0
TXN007017,66.51,10,0,travel,online,7.1,2.0,3.0,0.0,0,540,0,0
TXN007018,31.98,14,0,gas,contactless,21.7,1.9,2.0,0.0,0,339,0,0
TXN007019,42.15,16,5,grocery,card_present,2.3,22.9,2.0,4.0,0,3567,0,0
TXN007020,92.48,17,4,grocery,online,25.2,6.0,3.0,1.0,0,2012,1,0
TXN007021,5.93,16,1,travel,card_present,20.8,10.1,2.0,2.0,0,2398,0,0
TXN007022,32.17,22,1,clothing,online,17.1,10.8,3.0,1.0,0,1227,0,0
TXN007023,498.96,13,5,electronics,card_present,7.3,18.7,2.0,1.0,1,3567,0,0
TXN007024,69.76,14,5,restaurant,contactless,6.0,16.2,3.0,1.0,0,1062,0,0
TXN007025,70.83,15,1,online,card_present,28.6,13.3,3.0,0.0,0,3530,0,0
TXN007026,98.14,6,3,clothing,online,27.6,10.0,5.0,0.0,0,315,0,0
TXN007027,69.75,22,4,grocery,card_present,35.7,9.1,4.0,0.0,0,283,0,0
TXN007028,53.82,17,4,travel,card_present,30.4,7.9,2.0,1.0,0,792,0,0
TXN007029,141.39,8,0,travel,card_present,7.8,18.0,6.0,0.0,0,1484,0,0
TXN007030,100.17,19,6,travel,online,8.0,5.1,2.0,0.0,0,3065,0,0
TXN007031,77.29,6,6,gas,card_present,24.9,7.3,6.0,1.0,0,590,0,0
TXN007032,337.16,6,5,online,card_present,11.2,16.5,0.0,1.0,1,360,0,0
TXN007033,34.73,21,0,electronics,online,30.2,1.2,5.0,0.0,0,3222,1,0
TXN007034,48.56,12,4,online,contactless,14.0,2.2,3.0,2.0,0,1994,0,0
TXN007035,31.78,8,3,travel,card_present,15.4,4.1,4.0,4.0,0,1999,0,0
TXN007036,53.02,19,6,gas,online,29.6,14.4,3.0,1.0,0,1639,1,0
TXN007037,24.64,17,2,clothing,card_present,15.3,5.8,2.0,1.0,0,2885,0,0
TXN007038,75.26,12,3,online,online,0.9,3.9,3.0,1.0,0,2429,0,0
TXN007039,441.78,23,4,jewelry,online,4.6,213.4,6.0,5.0,4,22,0,1
TXN007040,79.77,7,4,restaurant,card_present,8.4,2.5,4.0,1.0,0,1544,0,0
TXN007041,75.32,16,3,online,online,9.6,0.2,3.0,1.0,0,1529,0,0
TXN007042,3353.98,4,4,travel,online,141.8,118.1,8.0,2.0,2,44,1,1
TXN007043,13.92,22,4,restaurant,contactless,20.5,6.1,0.0,1.0,0,647,0,0
TXN007044,30.76,6,0,clothing,card_present,5.5,5.0,3.0,1.0,1,357,0,0
TXN007045,26.12,22,1,grocery,online,5.2,13.2,4.0,1.0,0,763,0,0
TXN007046,31.05,9,5,online,online,3.3,2.4,0.0,3.0,0,2748,0,0
TXN007047,848.76,0,4,travel,card_present,169.2,87.7,9.0,5.0,5,11,0,1
TXN007048,18.54,6,2,travel,card_present,5.4,2.8,3.0,1.0,0,2548,1,0
TXN007049,22.6,18,1,grocery,card_present,42.1,0.2,5.0,0.0,1,1668,0,0
TXN007050,22.89,18,5,gas,online,3.7,4.9,3.0,0.0,1,1787,0,0
TXN007051,83.23,12,5,clothing,contactless,4.6,2.2,4.0,0.0,0,981,0,0
TXN007052,9051.63,5,1,electronics,card_present,10.1,25.3,13.0,4.0,4,27,1,1
TXN007053,119.89,3,3,travel,card_present,13.7,436.2,8.0,7.0,4,11,1,1
TXN007054,170.27,21,6,online,card_present,15.9,2.6,2.0,1.0,0,2014,0,0
TXN007055,83.93,21,4,grocery,card_present,10.0,19.5,3.0,0.0,0,2665,0,0
TXN007056,137.25,12,0,travel,online,6.0,5.8,2.0,0.0,0,727,0,0
TXN007057,93.1,19,2,gas,online,18.0,7.2,1.0,3.0,1,1128,0,0
TXN007058,84.07,18,1,clothing,contactless,4.1,5.5,2.0,1.0,0,616,0,0
TXN007059,37.63,12,6,online,online,24.8,26.9,5.0,2.0,0,343,0,0
TXN007060,15.91,17,3,restaurant,online,39.2,1.2,5.0,2.0,1,3094,0,0
TXN007061,33.51,12,2,online,online,8.7,13.9,2.0,0.0,0,3422,1,0
TXN007062,42.02,7,2,grocery,contactless,33.3,1.3,2.0,0.0,0,2632,0,0
TXN007063,253.7,7,0,gas,card_present,0.9,30.8,0.0,1.0,1,3474,1,0
TXN007064,115.3,20,3,electronics,card_present,35.0,14.5,0.0,0.0,0,296,0,0
TXN007065,6.59,22,4,grocery,card_present,10.8,12.5,3.0,0.0,0,1057,1,0
TXN007066,148.94,11,3,online,card_present,0.6,20.9,3.0,1.0,0,3626,0,0
TXN007067,198.19,18,2,gas,card_present,3.8,14.4,3.0,1.0,0,2342,0,0
TXN007068,114.26,8,2,clothing,contactless,6.4,10.6,1.0,4.0,0,1086,1,0
TXN007069,50.32,9,3,restaurant,online,16.0,10.6,3.0,0.0,0,2169,0,0
TXN007070,20.96,10,4,grocery,card_present,22.3,16.4,2.0,4.0,0,2244,0,0
TXN007071,82.43,15,0,gas,contactless,10.2,9.3,3.0,0.0,0,2565,0,0
TXN007072,1139.98,23,1,online,online,256.3,351.0,3.0,4.0,4,47,1,1
TXN007073,158.01,9,3,gas,online,5.9,13.4,1.0,4.0,0,2261,0,0
TXN007074,161.45,20,5,grocery,online,2.6,19.4,5.0,0.0,0,3178,0,0
TXN007075,23.66,19,4,clothing,card_present,8.8,5.8,2.0,0.0,0,2617,0,0
TXN007076,45.42,21,3,restaurant,card_present,11.0,15.6,4.0,2.0,0,2751,0,0
TXN007077,38.78,13,3,gas,card_present,29.6,15.3,4.0,1.0,0,741,1,0
TXN007078,24.41,15,4,grocery,card_present,2.0,17.5,3.0,0.0,0,667,1,0
TXN007079,7.66,15,6,clothing,card_present,9.0,1.8,4.0,3.0,1,3359,0,0
TXN007080,9.9,20,5,gas,card_present,6.3,19.8,6.0,0.0,0,2016,0,0
TXN007081,32.98,6,3,clothing,card_present,19.0,0.8,3.0,0.0,0,267,1,0
TXN007082,312.89,8,3,grocery,online,6.6,5.3,3.0,3.0,0,1630,0,0
TXN007083,94.53,19,3,restaurant,card_present,13.6,4.3,2.0,0.0,0,2018,1,0
TXN007084,622.18,5,1,electronics,card_present,409.2,311.0,5.0,5.0,1,1,1,1
TXN007085,240.25,18,6,gas,card_present,5.1,4.7,1.0,2.0,0,772,0,0
TXN007086,10.31,12,1,electronics,online,56.9,12.0,4.0,1.0,0,3226,1,0
TXN007087,51.11,22,3,grocery,card_present,5.7,10.5,2.0,0.0,1,3541,0,0
TXN007088,46.74,16,0,gas,online,13.3,10.5,5.0,1.0,0,321,0,0
TXN007089,61.9,22,4,online,contactless,33.8,5.0,2.0,1.0,0,2521,0,0
TXN007090,296.81,22,2,jewelry,card_present,196.3,202.1,7.0,3.0,3,50,1,1
TXN007091,44.52,19,5,travel,online,13.5,21.3,5.0,2.0,0,3617,0,0
TXN007092,122.11,18,5,electronics,online,10.6,22.5,2.0,0.0,0,2691,0,0
TXN007093,72.7,22,5,travel,card_present,15.4,1.1,1.0,3.0,0,2572,0,0
TXN007094,268.45,13,6,electronics,card_present,31.1,4.6,4.0,2.0,0,695,0,0
TXN007095,84.0,12,2,gas,online,3.5,15.8,2.0,1.0,0,2709,0,0
TXN007096,19.25,17,0,restaurant,online,35.0,1.6,2.0,1.0,0,2085,1,0
TXN007097,144.38,19,2,grocery,card_present,31.6,1.0,4.0,2.0,0,1453,0,0
TXN007098,200.99,17,2,restaurant,card_present,2.8,7.2,1.0,2.0,0,1973,0,0
TXN007099,38.16,14,4,travel,contactless,6.8,12.9,3.0,4.0,0,1483,0,0
TXN007100,60.39,15,0,restaurant,online,4.7,11.3,3.0,0.0,0,2880,0,0
TXN007101,50.83,17,0,restaurant,online,21.7,2.9,0.0,1.0,0,124,0,0
TXN007102,13.32,15,5,clothing,online,24.3,18.0,0.0,0.0,1,3428,0,0
TXN007103,102.6,13,5,electronics,online,29.5,7.3,3.0,2.0,0,774,0,0
TXN007104,137.78,12,2,grocery,card_present,23.9,9.3,2.0,1.0,0,599,0,0
TXN007105,33.89,6,2,electronics,card_present,9.9,22.8,3.0,1.0,0,330,0,0
TXN007106,219.52,20,1,restaurant,online,14.6,12.5,0.0,1.0,0,2117,0,0
TXN007107,170.64,12,1,restaurant,card_present,27.1,2.5,4.0,0.0,0,180,0,0
TXN007108,46.93,16,5,electronics,online,8.2,1.3,3.0,1.0,0,79,0,0
TXN007109,62.76,17,5,grocery,card_present,28.5,3.1,1.0,1.0,1,2695,0,0
TXN007110,734.6,3,1,travel,online,262.8,253.2,11.0,4.0,3,50,1,1
TXN007111,89.3,14,1,clothing,card_present,43.5,2.9,4.0,0.0,1,532,1,0
TXN007112,2739.23,23,0,travel,online,109.1,181.4,10.0,8.0,4,59,1,1
TXN007113,444.94,22,6,online,card_present,5.5,10.1,2.0,1.0,0,740,0,0
TXN007114,81.35,7,6,clothing,contactless,10.8,12.3,2.0,1.0,1,3450,0,0
TXN007115,144.25,20,0,clothing,card_present,29.4,8.7,6.0,3.0,0,3092,0,0
TXN007116,61.16,20,1,grocery,card_present,9.9,2.3,3.0,2.0,0,636,0,0
TXN007117,49.04,9,6,online,contactless,0.3,7.4,3.0,1.0,0,1940,0,0
TXN007118,32.79,15,0,gas,online,21.2,14.7,3.0,1.0,0,916,0,0
TXN007119,84.02,7,6,grocery,card_present,3.6,0.9,2.0,2.0,1,3378,1,0
TXN007120,94.47,7,4,gas,online,25.6,0.7,3.0,0.0,0,2461,0,0
TXN007121,53.7,21,1,clothing,online,19.8,7.0,5.0,0.0,0,64,1,0
TXN007122,21.71,7,6,clothing,contactless,2.9,19.0,3.0,2.0,0,3049,0,0
TXN007123,56.22,17,3,online,contactless,22.3,5.6,0.0,1.0,0,460,1,0
TXN007124,180.33,17,2,gas,card_present,7.5,0.7,2.0,0.0,1,3570,1,0
TXN007125,84.53,22,6,clothing,online,13.1,9.0,1.0,1.0,0,2720,0,0
TXN007126,44.08,22,1,electronics,card_present,6.0,4.3,1.0,1.0,0,452,0,0
TXN007127,41.37,7,6,gas,card_present,11.8,4.2,4.0,0.0,0,437,0,0
TXN007128,32.59,15,1,restaurant,online,3.6,5.1,4.0,1.0,0,1858,0,0
TXN007129,201.77,12,6,clothing,online,6.6,2.5,5.0,0.0,0,195,0,0
TXN007130,67.44,12,6,gas,online,21.8,6.0,5.0,0.0,0,2706,0,0
TXN007131,47.14,18,4,electronics,online,0.3,2.8,3.0,1.0,0,3461,0,0
TXN007132,20.99,11,4,travel,card_present,21.7,8.9,3.0,0.0,0,1874,0,0
TXN007133,154.46,7,4,restaurant,card_present,29.3,5.1,2.0,0.0,0,1938,0,0
TXN007134,51.18,11,4,online,card_present,57.2,2.8,2.0,1.0,0,2126,0,0
TXN007135,37.52,16,4,clothing,contactless,4.3,6.4,4.0,0.0,1,826,0,0
TXN007136,387.88,2,5,jewelry,card_present,106.3,188.4,9.0,3.0,4,48,0,1
TXN007137,32.7,22,0,travel,online,12.5,0.5,3.0,1.0,0,1028,0,0
TXN007138,89.64,22,0,grocery,card_present,6.1,6.7,3.0,0.0,0,976,0,0
TXN007139,105.11,8,0,grocery,contactless,19.1,2.4,3.0,1.0,0,651,1,0
TXN007140,99.23,20,0,restaurant,online,31.1,1.4,1.0,1.0,0,3185,0,0
TXN007141,35.85,9,0,grocery,contactless,7.6,4.1,3.0,0.0,0,1671,0,0
TXN007142,19.74,15,1,restaurant,online,3.2,3.2,10.0,0.0,0,1056,0,0
TXN007143,25.73,7,5,clothing,card_present,8.8,8.8,2.0,0.0,1,1882,0,0
TXN007144,38.5,13,2,restaurant,online,16.9,1.9,2.0,0.0,0,2343,0,0
TXN007145,41.07,14,6,travel,card_present,28.1,6.9,3.0,1.0,0,1176,0,0
TXN007146,13.56,17,5,gas,card_present,1.2,9.6,1.0,1.0,0,1625,0,0
TXN007147,16.48,16,5,online,online,11.1,0.7,1.0,0.0,0,846,1,0
TXN007148,19.47,16,6,electronics,contactless,1.2,2.6,5.0,0.0,0,2453,0,0
TXN007149,707.15,3,5,jewelry,online,336.8,157.6,8.0,5.0,2,27,0,1
TXN007150,52.17,7,2,electronics,card_present,21.2,7.5,6.0,0.0,0,754,0,0
TXN007151,158.41,20,4,travel,card_present,4.1,3.9,4.0,0.0,0,1748,1,0
TXN007152,29.57,16,3,restaurant,card_present,13.8,4.6,4.0,3.0,0,1947,0,0
TXN007153,42.14,8,6,grocery,card_present,0.1,6.9,4.0,1.0,0,3280,0,0
TXN007154,163.38,21,6,online,card_present,12.7,11.7,3.0,0.0,0,1869,0,0
TXN007155,19.29,20,5,electronics,card_present,0.5,0.3,1.0,1.0,0,537,1,0
TXN007156,23.09,14,1,restaurant,contactless,11.9,15.1,3.0,2.0,0,185,0,0
TXN007157,291.03,15,3,grocery,card_present,5.6,1.8,3.0,1.0,0,498,0,0
TXN007158,141.75,15,1,gas,contactless,23.0,3.4,2.0,3.0,1,177,0,0
TXN007159,52.84,20,0,restaurant,contactless,8.2,3.5,0.0,0.0,0,1402,0,0
TXN007160,73.63,14,0,grocery,card_present,2.6,10.6,2.0,1.0,0,2030,0,0
TXN007161,28.62,14,3,travel,online,16.0,6.5,4.0,0.0,0,1909,0,0
TXN007162,36.34,17,1,gas,contactless,20.0,14.8,0.0,0.0,0,1135,0,0
TXN007163,14.95,18,1,travel,contactless,0.8,0.8,1.0,1.0,0,2064,1,0
TXN007164,113.28,1,0,jewelry,card_present,287.7,418.6,8.0,8.0,2,24,1,1
TXN007165,44.59,14,6,online,online,0.5,8.0,4.0,0.0,0,1125,0,0
TXN007166,110.15,9,0,online,online,0.8,12.2,3.0,0.0,0,2533,0,0
TXN007167,98.57,11,0,restaurant,card_present,14.1,7.9,3.0,0.0,1,2026,0,0
TXN007168,23.55,17,6,travel,card_present,27.6,9.3,4.0,0.0,1,2753,0,0
TXN007169,50.86,21,2,grocery,card_present,13.8,4.5,2.0,0.0,0,669,0,0
TXN007170,56.36,7,5,grocery,online,11.2,6.1,5.0,0.0,0,481,0,0
TXN007171,143.77,21,3,clothing,card_present,27.4,8.2,0.0,1.0,0,588,1,0
TXN007172,156.97,22,3,gas,card_present,0.3,3.3,1.0,2.0,0,3578,1,0
TXN007173,52.1,20,1,restaurant,online,23.5,1.9,3.0,1.0,0,2603,0,0
TXN007174,26.73,6,1,online,contactless,39.8,3.3,2.0,1.0,0,3601,0,0
TXN007175,92.07,22,0,restaurant,online,13.9,15.2,2.0,0.0,0,2779,0,0
TXN007176,589.9,22,4,electronics,online,184.0,256.4,15.0,6.0,2,52,1,1
TXN007177,30.99,9,5,clothing,contactless,9.7,10.4,3.0,0.0,1,2288,0,0
TXN007178,44.86,14,6,online,contactless,1.9,19.2,6.0,2.0,0,831,0,0
TXN007179,23.08,16,2,restaurant,card_present,1.0,18.1,2.0,1.0,0,697,0,0
TXN007180,27.66,22,5,gas,card_present,20.0,14.0,3.0,4.0,0,3252,0,0
TXN007181,147.91,6,4,electronics,card_present,20.2,2.7,2.0,0.0,0,1418,1,0
TXN007182,114.81,19,4,grocery,online,4.2,24.4,5.0,1.0,0,1456,0,0
TXN007183,29.74,6,3,clothing,card_present,21.1,4.4,3.0,0.0,0,1847,0,0
TXN007184,31.34,10,1,travel,online,7.0,15.7,7.0,1.0,0,728,1,0
TXN007185,191.93,7,4,electronics,card_present,13.8,9.7,3.0,0.0,0,1081,0,0
TXN007186,236.33,13,6,clothing,card_present,18.5,13.2,7.0,0.0,1,123,0,0
TXN007187,289.24,6,2,travel,online,15.0,14.1,1.0,1.0,0,3091,0,0
TXN007188,30.29,11,5,restaurant,card_present,26.1,4.4,0.0,0.0,0,3573,0,0
TXN007189,15.11,16,6,gas,card_present,21.6,0.1,2.0,2.0,0,253,0,0
TXN007190,104.45,22,4,travel,card_present,1.4,7.5,1.0,1.0,1,3045,1,0
TXN007191,26.23,8,5,gas,online,9.8,17.2,1.0,0.0,0,1923,1,0
TXN007192,18.33,18,4,grocery,card_present,4.7,7.5,1.0,0.0,0,3084,0,0
TXN007193,821.22,18,0,grocery,card_present,23.7,10.4,2.0,0.0,0,578,0,0
TXN007194,13.86,4,1,travel,online,291.8,332.7,4.0,6.0,5,13,0,1
TXN007195,106.4,17,3,grocery,online,0.4,0.4,2.0,0.0,0,175,0,0
TXN007196,856.19,5,5,travel,card_present,154.5,456.2,6.0,4.0,1,23,1,1
TXN007197,276.96,18,4,grocery,card_present,5.7,10.8,1.0,0.0,0,2970,1,0
TXN007198,41.56,16,6,electronics,card_present,8.2,6.0,7.0,0.0,0,1080,1,0
TXN007199,51.63,20,0,electronics,online,13.7,8.7,1.0,2.0,1,1804,0,0
TXN007200,206.4,9,2,online,online,14.7,4.2,1.0,2.0,0,2389,0,0
TXN007201,49.87,20,6,electronics,card_present,21.9,4.9,3.0,0.0,0,1781,0,0
TXN007202,91.28,14,0,gas,contactless,11.9,6.7,3.0,1.0,0,1951,0,0
TXN007203,416.58,2,0,electronics,online,335.8,510.0,12.0,6.0,2,33,1,1
TXN007204,1477.38,1,5,jewelry,online,347.1,346.8,8.0,4.0,3,18,1,1
TXN007205,179.91,5,2,online,online,109.3,64.6,4.0,1.0,5,44,1,1
TXN007206,137.14,21,4,grocery,card_present,5.1,31.8,3.0,0.0,0,1214,0,0
TXN007207,32.19,11,2,travel,online,7.9,7.4,3.0,1.0,0,3333,0,0
TXN007208,30.39,6,3,gas,online,20.8,11.0,7.0,0.0,0,150,0,0
TXN007209,107.65,20,0,electronics,card_present,37.2,4.3,2.0,1.0,0,268,0,0
TXN007210,73.57,3,3,electronics,card_present,28.2,730.9,9.0,4.0,1,42,1,1
TXN007211,17.14,19,5,clothing,card_present,31.7,1.7,4.0,0.0,0,1522,0,0
TXN007212,58.96,7,0,gas,online,24.5,12.4,1.0,0.0,0,1204,0,0
TXN007213,40.48,12,6,restaurant,card_present,8.0,8.8,5.0,0.0,1,2762,0,0
TXN007214,23.34,9,0,travel,card_present,13.7,9.1,5.0,2.0,0,379,0,0
TXN007215,721.58,3,4,online,card_present,27.3,495.3,8.0,5.0,4,57,1,1
TXN007216,154.03,9,4,restaurant,card_present,25.2,4.8,3.0,1.0,1,3191,0,0
TXN007217,60.82,16,2,electronics,online,5.5,4.5,5.0,0.0,0,2621,0,0
TXN007218,281.87,19,2,grocery,card_present,4.5,2.8,2.0,1.0,0,3389,0,0
TXN007219,4948.09,22,2,electronics,online,273.5,467.0,7.0,5.0,5,36,1,1
TXN007220,239.27,0,3,jewelry,online,249.0,728.6,8.0,3.0,4,40,1,1
TXN007221,56.64,19,0,restaurant,contactless,27.8,15.9,1.0,1.0,0,1049,0,0
TXN007222,225.66,14,6,grocery,online,0.1,7.0,5.0,1.0,0,47,0,0
TXN007223,171.33,11,0,gas,online,20.5,5.8,2.0,0.0,0,1449,0,0
TXN007224,180.46,22,4,grocery,online,3.9,5.5,4.0,0.0,0,1448,0,0
TXN007225,695.47,0,0,electronics,online,260.3,342.3,13.0,7.0,1,24,1,1
TXN007226,59.25,22,0,restaurant,card_present,11.1,15.4,3.0,1.0,0,2374,1,0
TXN007227,103.41,12,6,restaurant,online,45.1,0.8,6.0,1.0,1,1805,0,0
TXN007228,61.75,13,4,online,card_present,12.6,25.8,3.0,2.0,0,2575,0,0
TXN007229,65.67,17,3,clothing,card_present,27.3,10.0,1.0,0.0,0,1189,0,0
TXN007230,42.41,17,4,electronics,card_present,20.7,15.5,0.0,2.0,1,3092,1,0
TXN007231,236.64,19,3,gas,online,0.1,12.8,3.0,0.0,1,2943,1,0
TXN007232,627.17,20,0,clothing,online,10.6,17.4,3.0,0.0,0,370,0,0
TXN007233,10.95,19,4,electronics,contactless,33.6,25.2,5.0,0.0,0,2038,0,0
TXN007234,18.19,9,2,travel,card_present,28.6,18.2,3.0,1.0,1,1378,0,0
TXN007235,109.15,18,4,clothing,card_present,9.3,6.7,5.0,1.0,0,2532,0,0
TXN007236,15.89,15,2,travel,card_present,0.3,8.1,2.0,0.0,1,2472,1,0
TXN007237,137.73,7,6,clothing,card_present,13.1,4.5,1.0,1.0,0,3146,0,0
TXN007238,37.64,12,3,restaurant,card_present,9.2,6.6,0.0,1.0,0,1447,0,0
TXN007239,11.05,21,6,gas,online,13.2,22.2,5.0,0.0,0,2721,0,0
TXN007240,26.53,13,2,electronics,card_present,7.0,1.2,4.0,4.0,0,173,0,0
TXN007241,36.48,8,6,clothing,contactless,23.6,28.3,4.0,0.0,0,308,0,0
TXN007242,396.91,15,1,travel,contactless,28.9,3.7,3.0,1.0,0,3444,0,0
TXN007243,14.65,14,0,online,online,12.2,14.7,1.0,0.0,0,1749,0,0
TXN007244,33.96,15,2,online,card_present,5.4,17.1,2.0,0.0,0,1865,0,0
TXN007245,5.14,20,2,restaurant,online,27.8,18.3,0.0,0.0,0,253,0,0
TXN007246,163.02,2,2,electronics,online,152.3,383.6,7.0,1.0,5,34,1,1
TXN007247,17.82,17,5,electronics,card_present,7.1,18.6,4.0,0.0,0,1997,0,0
TXN007248,85.58,7,6,electronics,contactless,5.3,12.4,4.0,1.0,1,1646,0,0
TXN007249,27.11,15,4,online,contactless,28.6,1.7,1.0,3.0,0,1228,1,0
TXN007250,17.22,12,6,gas,card_present,2.0,6.4,4.0,1.0,0,2551,0,0
TXN007251,30.07,18,1,restaurant,contactless,19.4,7.9,2.0,1.0,0,1803,0,0
TXN007252,162.63,19,6,online,online,26.7,3.9,5.0,0.0,0,637,0,0
TXN007253,119.36,6,3,grocery,card_present,6.5,2.5,5.0,1.0,0,3019,0,0
TXN007254,18.66,8,4,grocery,card_present,50.9,2.7,2.0,2.0,0,511,0,0
TXN007255,308.74,10,2,gas,card_present,8.7,9.7,5.0,2.0,0,3258,1,0
TXN007256,7.46,14,6,restaurant,card_present,11.5,7.3,6.0,2.0,0,2982,1,0
TXN007257,123.89,9,2,electronics,online,0.9,16.6,2.0,2.0,0,3451,1,0
TXN007258,21.52,15,4,clothing,card_present,14.3,10.2,2.0,1.0,0,570,0,0
TXN007259,166.81,7,1,clothing,online,8.9,4.9,7.0,0.0,0,74,0,0
TXN007260,332.32,15,0,grocery,contactless,3.9,7.5,1.0,2.0,0,2125,1,0
TXN007261,159.42,19,5,travel,online,6.5,2.7,2.0,0.0,1,3534,0,0
TXN007262,212.55,15,4,grocery,card_present,18.5,15.1,2.0,0.0,0,2575,1,0
TXN007263,161.06,11,0,grocery,card_present,7.9,11.5,1.0,0.0,0,2352,0,0
TXN007264,34.56,10,2,electronics,card_present,3.8,7.6,1.0,0.0,1,2368,0,0
TXN007265,45.78,10,2,clothing,contactless,4.0,11.0,5.0,1.0,0,77,0,0
TXN007266,50.24,11,6,clothing,card_present,28.2,5.1,0.0,2.0,0,296,1,0
TXN007267,226.93,11,2,grocery,online,14.1,14.4,2.0,0.0,0,637,0,0
TXN007268,13.5,15,4,gas,card_present,7.3,8.4,0.0,1.0,0,1273,1,0
TXN007269,60.3,19,2,online,card_present,6.4,12.0,4.0,2.0,1,3451,0,0
TXN007270,45.46,20,4,gas,online,5.4,1.8,3.0,2.0,0,3229,0,0
TXN007271,19.02,8,3,travel,card_present,3.3,5.4,3.0,0.0,1,1423,0,0
TXN007272,93.07,14,2,electronics,contactless,7.4,8.0,1.0,3.0,0,981,0,0
TXN007273,37.53,22,5,travel,card_present,6.5,1.1,0.0,1.0,0,288,0,0
TXN007274,85.33,10,5,travel,contactless,15.0,14.6,0.0,2.0,0,1411,0,0
TXN007275,21.4,18,6,grocery,online,8.0,18.2,4.0,1.0,1,3585,0,0
TXN007276,72.24,7,3,restaurant,online,4.4,4.0,3.0,2.0,0,346,0,0
TXN007277,48.72,14,4,travel,card_present,17.4,1.1,3.0,1.0,0,3584,0,0
TXN007278,9.93,14,4,gas,card_present,30.6,0.2,3.0,3.0,0,2273,0,0
TXN007279,65.71,6,6,clothing,card_present,12.5,7.4,2.0,2.0,0,1542,1,0
TXN007280,75.16,17,4,gas,card_present,7.8,4.8,3.0,0.0,1,2926,0,0
TXN007281,547.03,0,0,travel,online,56.8,52.6,12.0,3.0,3,10,1,1
TXN007282,84.78,17,0,travel,card_present,0.5,2.1,1.0,2.0,1,3134,0,0
TXN007283,37.03,19,6,travel,online,27.7,25.4,4.0,1.0,0,102,0,0
TXN007284,95.67,14,4,grocery,online,19.7,16.4,4.0,0.0,0,454,0,0
TXN007285,266.19,22,5,electronics,online,441.3,1.8,12.0,3.0,4,38,1,1
TXN007286,11.94,11,3,gas,online,6.7,8.3,4.0,0.0,0,3383,0,0
TXN007287,85.1,17,5,electronics,online,18.3,4.6,4.0,0.0,1,2868,0,0
TXN007288,59.84,22,4,electronics,card_present,23.2,7.7,4.0,0.0,1,164,0,0
TXN007289,130.16,17,3,restaurant,online,11.7,4.8,3.0,1.0,0,638,0,0
TXN007290,26.36,7,6,grocery,card_present,2.4,6.8,1.0,0.0,0,1760,0,0
TXN007291,51.99,17,1,restaurant,card_present,15.5,12.2,5.0,1.0,0,3598,0,0
TXN007292,24.47,14,5,travel,contactless,16.7,8.8,2.0,0.0,0,3366,0,0
TXN007293,329.1,9,4,travel,online,4.9,2.2,3.0,3.0,0,2124,0,0
TXN007294,16.88,12,4,grocery,card_present,4.8,20.5,2.0,2.0,0,823,0,0
TXN007295,67.99,14,4,grocery,card_present,5.9,7.9,5.0,0.0,1,2296,0,0
TXN007296,5813.43,2,2,electronics,online,191.5,574.1,7.0,5.0,2,42,1,1
TXN007297,118.26,21,6,gas,contactless,0.0,13.9,1.0,0.0,0,272,0,0
TXN007298,9.52,15,6,clothing,online,14.5,0.9,3.0,0.0,0,2431,0,0
TXN007299,21.57,17,0,travel,card_present,5.7,0.7,4.0,0.0,0,804,0,0
TXN007300,86.67,14,0,online,online,9.1,20.0,2.0,1.0,0,452,0,0
TXN007301,594.65,19,3,restaurant,card_present,12.8,15.8,0.0,3.0,0,328,0,0
TXN007302,110.33,15,3,clothing,contactless,12.2,20.4,5.0,2.0,0,3137,0,0
TXN007303,35.74,21,4,online,card_present,13.4,5.3,5.0,1.0,0,2302,0,0
TXN007304,159.58,12,5,travel,online,13.0,23.3,1.0,1.0,1,3268,0,0
TXN007305,12.86,18,1,travel,contactless,5.7,4.8,2.0,1.0,0,1325,0,0
TXN007306,25.63,20,2,restaurant,online,8.1,11.3,1.0,0.0,0,1396,0,0
TXN007307,99.93,11,0,restaurant,card_present,5.1,28.2,1.0,1.0,0,179,0,0
TXN007308,37.25,19,1,online,online,42.9,7.9,2.0,0.0,0,3472,1,0
TXN007309,130.68,10,1,clothing,card_present,1.3,4.1,2.0,1.0,0,1122,0,0
TXN007310,93.19,14,0,gas,card_present,4.0,11.2,3.0,1.0,0,1182,0,0
TXN007311,117.62,8,5,grocery,card_present,25.2,0.7,1.0,1.0,1,809,0,0
TXN007312,6.78,20,4,online,card_present,4.5,10.4,2.0,0.0,0,1452,0,0
TXN007313,49.49,21,2,online,card_present,15.5,7.5,4.0,2.0,0,1990,0,0
TXN007314,139.63,7,1,online,online,16.0,9.3,3.0,0.0,0,1754,1,0
TXN007315,29.73,6,6,gas,online,14.3,1.7,5.0,0.0,0,2269,0,0
TXN007316,22.66,16,2,restaurant,online,19.5,9.8,2.0,0.0,1,31,0,0
TXN007317,318.3,8,1,restaurant,card_present,14.2,24.7,5.0,0.0,0,1895,1,0
TXN007318,418.16,20,1,clothing,card_present,11.9,9.4,3.0,1.0,0,143,0,0
TXN007319,116.61,19,4,electronics,contactless,17.8,2.9,3.0,2.0,0,3085,0,0
TXN007320,96.74,6,2,travel,online,17.4,11.5,1.0,0.0,1,922,0,0
TXN007321,20.06,22,2,online,online,1.2,14.4,1.0,1.0,1,793,0,0
TXN007322,41.74,17,0,travel,online,13.8,33.0,0.0,1.0,0,2507,0,0
TXN007323,22.92,21,5,electronics,online,5.7,10.2,2.0,1.0,0,3620,0,0
TXN007324,179.56,5,5,electronics,online,231.8,730.5,4.0,8.0,5,29,1,1
TXN007325,18.41,18,6,travel,contactless,23.4,1.2,3.0,3.0,0,3376,0,0
TXN007326,66.53,14,1,grocery,contactless,21.1,7.1,3.0,1.0,0,3471,0,0
TXN007327,174.99,17,3,gas,online,25.2,8.5,4.0,3.0,1,1089,0,0
TXN007328,47.13,9,5,travel,online,19.6,8.0,5.0,1.0,0,1201,0,0
TXN007329,174.31,18,3,clothing,card_present,14.4,4.3,4.0,0.0,0,2201,0,0
TXN007330,116.08,7,1,online,online,36.2,1.4,7.0,3.0,0,1300,1,0
TXN007331,36.7,20,4,grocery,online,13.8,19.4,3.0,0.0,0,1642,0,0
TXN007332,242.29,18,4,travel,card_present,15.6,3.0,0.0,0.0,0,3355,0,0
TXN007333,75.29,15,0,travel,card_present,0.1,2.6,1.0,3.0,0,3600,1,0
TXN007334,25.37,7,3,travel,contactless,27.2,7.3,3.0,0.0,0,2943,1,0
TXN007335,8.84,13,5,travel,online,20.9,8.6,7.0,0.0,0,3298,1,0
TXN007336,24.6,6,1,electronics,card_present,16.5,8.4,4.0,0.0,0,2282,1,0
TXN007337,147.11,11,4,electronics,card_present,8.3,10.2,2.0,3.0,1,2359,0,0
TXN007338,285.32,8,4,restaurant,online,15.8,9.2,1.0,0.0,1,30,1,0
TXN007339,22.36,13,4,travel,card_present,25.8,21.5,3.0,2.0,0,1197,0,0
TXN007340,95.31,22,0,grocery,online,2.0,14.9,4.0,0.0,0,106,0,0
TXN007341,83.55,12,6,travel,online,15.6,7.0,6.0,2.0,1,3368,0,0
TXN007342,14.36,20,3,clothing,online,12.2,30.1,2.0,2.0,0,2323,0,0
TXN007343,91.67,22,0,electronics,online,30.8,18.2,3.0,1.0,1,2858,0,0
TXN007344,7.67,14,3,grocery,card_present,14.6,16.5,3.0,0.0,0,2678,0,0
TXN007345,148.57,11,2,restaurant,contactless,18.2,10.5,3.0,1.0,1,374,0,0
TXN007346,50.04,10,6,electronics,online,45.2,7.1,0.0,2.0,0,1413,1,0
TXN007347,167.5,8,4,restaurant,card_present,5.4,23.6,3.0,0.0,0,1199,0,0
TXN007348,31.27,18,2,electronics,online,9.1,2.5,4.0,1.0,0,1899,0,0
TXN007349,76.66,15,1,online,card_present,24.8,2.3,2.0,0.0,0,1842,1,0
TXN007350,74.29,11,6,electronics,card_present,20.0,12.6,3.0,0.0,0,940,0,0
TXN007351,11.65,20,0,gas,card_present,15.4,23.1,4.0,0.0,0,2273,0,0
TXN007352,5.93,21,1,gas,contactless,17.9,22.8,1.0,0.0,1,884,0,0
TXN007353,81.16,19,3,gas,card_present,37.5,4.7,2.0,0.0,0,3055,0,0
TXN007354,52.6,9,3,gas,online,38.3,2.2,3.0,0.0,1,248,0,0
TXN007355,38.89,6,0,online,contactless,15.6,7.3,1.0,0.0,0,3297,0,0
TXN007356,3779.08,23,5,electronics,online,84.1,231.7,11.0,7.0,4,49,1,1
TXN007357,26.23,7,1,travel,contactless,17.4,24.0,0.0,0.0,1,711,0,0
TXN007358,54.29,12,3,clothing,online,4.7,0.9,4.0,1.0,0,3150,0,0
TXN007359,27.5,8,0,restaurant,contactless,11.3,7.9,5.0,1.0,0,3169,0,0
TXN007360,239.72,12,4,gas,contactless,10.5,4.2,5.0,2.0,0,2161,0,0
TXN007361,17.79,11,1,grocery,online,21.9,3.4,2.0,0.0,0,2506,0,0
TXN007362,133.9,14,1,gas,contactless,20.6,0.8,2.0,1.0,0,467,1,0
TXN007363,65.93,7,1,online,contactless,0.9,2.5,3.0,0.0,0,2068,0,0
TXN007364,310.72,11,2,online,contactless,18.1,7.2,3.0,1.0,0,1236,0,0
TXN007365,122.49,10,3,grocery,card_present,4.4,3.3,3.0,1.0,0,870,0,0
TXN007366,105.04,15,6,restaurant,card_present,22.6,18.4,2.0,1.0,0,1471,0,0
TXN007367,28.74,20,5,clothing,online,0.9,15.8,5.0,0.0,0,1736,0,0
TXN007368,16.82,8,5,clothing,card_present,22.9,0.2,3.0,3.0,0,1400,1,0
TXN007369,131.13,18,4,online,contactless,18.2,12.7,4.0,1.0,1,1908,0,0
TXN007370,32.89,6,4,clothing,card_present,12.1,8.4,1.0,1.0,0,2192,0,0
TXN007371,27.13,8,0,restaurant,card_present,18.6,3.0,4.0,3.0,0,3471,0,0
TXN007372,16.38,9,1,electronics,card_present,41.0,14.5,3.0,1.0,1,2974,0,0
TXN007373,30.39,6,3,travel,online,12.9,1.3,3.0,1.0,1,1439,0,0
TXN007374,29.23,21,3,restaurant,contactless,24.4,6.1,4.0,1.0,0,3612,0,0
TXN007375,79.27,11,3,travel,contactless,16.9,23.9,4.0,1.0,1,1027,1,0
TXN007376,16.94,10,6,clothing,card_present,23.1,4.6,3.0,1.0,0,663,1,0
TXN007377,324.34,6,0,restaurant,contactless,1.9,5.1,5.0,1.0,0,2609,1,0
TXN007378,70.88,14,0,online,card_present,32.0,2.6,3.0,2.0,1,293,0,0
TXN007379,74.76,10,1,clothing,online,0.7,13.3,3.0,0.0,0,2361,0,0
TXN007380,103.74,9,0,electronics,card_present,18.0,3.7,4.0,1.0,0,3588,0,0
TXN007381,14.86,22,2,travel,contactless,24.9,10.7,5.0,1.0,1,861,0,0
TXN007382,117.92,6,4,gas,card_present,0.4,4.4,2.0,0.0,0,2683,0,0
TXN007383,29.61,20,2,clothing,card_present,1.6,0.8,4.0,0.0,0,722,0,0
TXN007384,32.05,21,0,grocery,contactless,6.8,20.4,5.0,0.0,0,2975,0,0
TXN007385,188.59,18,4,gas,card_present,5.8,11.0,2.0,2.0,0,1262,0,0
TXN007386,20.65,12,2,travel,card_present,16.9,18.3,4.0,0.0,1,3120,1,0
TXN007387,31.34,9,0,grocery,contactless,7.5,8.8,4.0,3.0,1,1542,0,0
TXN007388,119.45,8,6,restaurant,card_present,6.5,5.4,2.0,0.0,0,2441,0,0
TXN007389,132.99,9,5,online,card_present,17.2,1.8,3.0,0.0,0,3453,0,0
TXN007390,283.23,4,6,electronics,card_present,212.1,358.5,10.0,8.0,2,55,0,1
TXN007391,102.6,13,2,travel,online,5.9,9.8,2.0,1.0,0,1626,0,0
TXN007392,155.54,14,4,clothing,card_present,10.0,15.2,1.0,3.0,0,1901,0,0
TXN007393,39.18,22,4,restaurant,card_present,31.3,11.8,2.0,3.0,1,3536,0,0
TXN007394,77.96,7,0,gas,online,20.4,5.0,4.0,1.0,0,3563,1,0
TXN007395,14.03,16,0,online,online,2.3,24.3,4.0,1.0,1,3067,0,0
TXN007396,76.61,6,0,gas,contactless,0.6,6.1,7.0,0.0,0,2637,0,0
TXN007397,238.68,12,5,travel,online,1.4,4.1,4.0,2.0,0,2567,0,0
TXN007398,73.35,13,5,restaurant,card_present,3.2,11.2,1.0,1.0,0,1219,0,0
TXN007399,75.7,19,6,travel,card_present,3.3,16.2,3.0,0.0,0,503,0,0
TXN007400,51.23,18,1,clothing,online,13.9,7.7,3.0,0.0,0,3396,1,0
TXN007401,62.33,11,5,restaurant,card_present,7.7,7.1,3.0,2.0,0,1248,0,0
TXN007402,75.71,14,1,online,card_present,15.6,15.7,5.0,0.0,1,2942,0,0
TXN007403,173.74,4,3,online,online,334.9,297.4,10.0,6.0,2,54,0,1
TXN007404,12.89,14,5,clothing,card_present,4.8,13.1,7.0,2.0,1,1708,0,0
TXN007405,426.03,17,4,restaurant,card_present,15.6,14.8,2.0,0.0,0,1625,0,0
TXN007406,49.73,19,2,travel,card_present,9.2,3.9,2.0,0.0,1,1318,0,0
TXN007407,82.03,18,3,restaurant,contactless,27.6,22.5,3.0,1.0,1,2932,1,0
TXN007408,56.69,16,4,grocery,card_present,20.0,2.8,3.0,1.0,1,143,0,0
TXN007409,71.68,12,1,grocery,online,20.9,5.9,3.0,1.0,0,476,0,0
TXN007410,25.47,21,1,online,card_present,31.9,2.3,2.0,1.0,0,836,0,0
TXN007411,20.68,21,4,restaurant,card_present,22.2,7.6,5.0,3.0,1,1325,0,0
TXN007412,99.56,6,2,online,card_present,1.1,15.8,2.0,3.0,0,2937,0,0
TXN007413,19.73,15,0,clothing,card_present,12.8,2.6,2.0,0.0,0,3151,0,0
TXN007414,7.79,11,6,online,card_present,0.2,6.1,4.0,2.0,0,3510,0,0
TXN007415,12.33,19,4,online,card_present,3.1,19.6,4.0,2.0,0,3221,0,0
TXN007416,49.2,18,2,gas,card_present,7.5,4.9,3.0,1.0,0,2752,1,0
TXN007417,14.49,7,6,travel,contactless,0.2,12.9,3.0,0.0,0,1456,1,0
TXN007418,156.63,22,3,electronics,online,4.6,7.8,1.0,4.0,0,211,0,0
TXN007419,37.13,17,0,restaurant,card_present,33.9,4.0,4.0,2.0,0,1478,0,0
TXN007420,285.23,13,1,online,card_present,8.2,12.1,2.0,1.0,0,2009,0,0
TXN007421,55.95,16,2,online,contactless,10.7,6.3,4.0,1.0,0,1028,1,0
TXN007422,161.71,22,0,electronics,online,3.2,5.5,5.0,0.0,0,2970,1,0
TXN007423,108.16,12,4,online,online,3.6,4.3,2.0,0.0,0,1464,0,0
TXN007424,101.99,9,0,electronics,online,14.2,14.0,1.0,2.0,0,2322,1,0
TXN007425,8.75,18,0,clothing,online,6.2,5.2,5.0,1.0,0,1100,0,0
TXN007426,152.85,22,3,clothing,online,14.4,13.7,5.0,0.0,0,3183,1,0
TXN007427,26.7,6,5,restaurant,online,12.4,1.6,0.0,1.0,0,1139,1,0
TXN007428,85.18,13,5,grocery,contactless,24.8,17.6,4.0,1.0,0,2873,1,0
TXN007429,32.78,12,2,gas,online,12.2,12.2,5.0,1.0,0,1257,0,0
TXN007430,119.48,12,6,electronics,card_present,7.4,3.9,4.0,0.0,0,401,0,0
TXN007431,14.12,12,5,clothing,contactless,28.2,3.7,3.0,3.0,0,1188,1,0
TXN007432,148.06,14,3,online,card_present,0.7,10.1,4.0,0.0,0,2367,0,0
TXN007433,60.77,12,6,electronics,card_present,11.3,1.4,6.0,0.0,0,1013,1,0
TXN007434,29.48,14,6,online,contactless,31.6,18.4,3.0,0.0,0,2179,0,0
TXN007435,108.12,6,1,restaurant,card_present,0.6,16.7,4.0,3.0,0,880,0,0
TXN007436,48.0,9,2,online,online,8.9,5.1,1.0,0.0,0,3528,1,0
TXN007437,49.59,10,3,online,card_present,9.3,20.8,4.0,1.0,1,3020,0,0
TXN007438,46.56,16,2,travel,card_present,28.6,23.0,1.0,2.0,1,55,0,0
TXN007439,146.26,17,5,travel,card_present,24.7,5.7,3.0,1.0,0,265,0,0
TXN007440,174.69,22,5,electronics,card_present,14.2,0.1,6.0,0.0,0,1841,0,0
TXN007441,14.14,21,2,gas,card_present,31.7,5.2,3.0,0.0,0,1981,0,0
TXN007442,3594.12,4,6,electronics,online,195.6,321.7,9.0,3.0,2,47,0,1
TXN007443,42.35,20,1,gas,online,1.9,10.4,1.0,1.0,0,825,1,0
TXN007444,72.33,14,1,clothing,contactless,17.5,7.0,5.0,1.0,1,1855,1,0
TXN007445,67.28,18,4,electronics,card_present,14.4,4.9,0.0,0.0,1,960,0,0
TXN007446,613.25,18,4,gas,online,7.3,9.0,0.0,0.0,0,964,0,0
TXN007447,7.5,11,1,grocery,online,10.7,1.6,1.0,1.0,0,2481,0,0
TXN007448,37.9,6,3,gas,card_present,36.5,3.1,1.0,1.0,0,1386,0,0
TXN007449,57.85,10,6,online,online,29.0,23.3,3.0,0.0,1,3624,0,0
TXN007450,59.12,13,5,online,online,9.6,14.0,4.0,3.0,0,3013,1,0
TXN007451,77.19,16,0,clothing,online,8.4,16.5,4.0,3.0,0,1346,0,0
TXN007452,75.55,22,0,gas,card_present,1.9,14.7,4.0,1.0,0,526,0,0
TXN007453,455.32,10,2,restaurant,card_present,16.4,3.3,1.0,0.0,0,3137,0,0
TXN007454,52.19,19,3,travel,card_present,10.5,1.8,3.0,0.0,0,2569,0,0
TXN007455,21161.16,0,5,online,card_present,134.7,518.8,8.0,8.0,1,20,1,1
TXN007456,52.82,13,4,clothing,card_present,8.4,1.3,6.0,2.0,0,1766,0,0
TXN007457,221.76,19,4,gas,online,33.8,4.2,2.0,0.0,0,3620,0,0
TXN007458,28.44,10,6,clothing,card_present,15.9,18.2,2.0,1.0,0,1753,0,0
TXN007459,101.16,12,3,electronics,online,32.2,12.8,2.0,1.0,1,3204,1,0
TXN007460,35.32,22,3,electronics,card_present,24.5,4.7,5.0,1.0,0,1633,0,0
TXN007461,6.04,9,1,gas,contactless,16.9,22.9,4.0,1.0,0,1525,0,0
TXN007462,60.52,6,5,restaurant,online,14.2,6.4,1.0,1.0,0,2245,0,0
TXN007463,51.96,20,4,clothing,contactless,9.9,22.7,3.0,1.0,0,2211,0,0
TXN007464,775.07,0,1,jewelry,online,127.2,234.5,3.0,6.0,3,51,1,1
TXN007465,36.04,10,3,electronics,contactless,23.9,8.2,2.0,1.0,0,2349,0,0
TXN007466,13.77,12,2,gas,card_present,0.5,18.5,5.0,0.0,1,2713,0,0
TXN007467,224.13,12,4,travel,contactless,3.1,3.9,3.0,1.0,0,2548,0,0
TXN007468,125.15,6,0,clothing,card_present,19.8,6.5,0.0,0.0,1,278,1,0
TXN007469,157.29,17,4,grocery,card_present,27.3,18.2,5.0,1.0,0,1729,0,0
TXN007470,100.47,7,6,electronics,online,8.0,5.9,5.0,0.0,0,2199,0,0
TXN007471,57.19,17,2,gas,online,13.1,12.0,3.0,2.0,1,519,0,0
TXN007472,252.03,19,4,grocery,contactless,7.5,9.9,3.0,1.0,0,1464,0,0
TXN007473,72.77,16,4,grocery,contactless,0.7,9.1,1.0,1.0,0,2189,0,0
TXN007474,72.52,10,2,restaurant,card_present,25.6,4.3,6.0,1.0,1,3297,1,0
TXN007475,53.59,10,4,online,card_present,21.3,1.0,3.0,0.0,0,1214,0,0
TXN007476,173.92,7,6,online,card_present,21.8,19.2,0.0,0.0,0,930,0,0
TXN007477,122.49,19,1,travel,contactless,7.4,0.8,5.0,1.0,0,1709,0,0
TXN007478,19.79,13,0,online,online,5.6,3.7,0.0,1.0,0,284,0,0
TXN007479,45.9,9,2,online,card_present,14.1,14.8,1.0,0.0,0,2013,1,0
TXN007480,236.95,14,0,grocery,contactless,10.4,5.4,5.0,0.0,0,1609,0,0
TXN007481,78.02,20,0,restaurant,online,14.7,16.2,4.0,0.0,0,2986,1,0
TXN007482,328.51,21,0,gas,online,24.1,12.0,4.0,1.0,0,1192,0,0
TXN007483,123.44,17,3,clothing,online,5.6,12.8,2.0,2.0,0,1211,0,0
TXN007484,239.4,13,4,gas,card_present,12.3,5.8,2.0,1.0,0,3088,0,0
TXN007485,32.25,17,1,grocery,card_present,1.9,4.7,1.0,1.0,0,2812,0,0
TXN007486,218.99,15,2,gas,online,15.6,13.3,6.0,1.0,0,1998,1,0
TXN007487,20.21,22,5,electronics,online,4.9,5.2,4.0,0.0,0,3137,0,0
TXN007488,445.07,15,2,online,card_present,20.3,19.9,2.0,0.0,0,724,0,0
TXN007489,29.64,19,0,restaurant,card_present,3.2,7.1,3.0,1.0,0,2203,0,0
TXN007490,64.25,16,2,clothing,card_present,13.0,15.8,5.0,2.0,0,856,0,0
TXN007491,520.11,12,1,gas,card_present,10.6,1.7,1.0,1.0,1,2908,1,0
TXN007492,445.59,15,3,travel,contactless,8.7,1.2,3.0,1.0,0,1093,1,0
TXN007493,48.98,20,4,clothing,card_present,7.4,0.4,6.0,0.0,0,280,0,0
TXN007494,26.63,8,3,grocery,card_present,18.0,22.7,2.0,0.0,0,916,1,0
TXN007495,122.83,9,0,electronics,online,0.7,2.2,5.0,1.0,0,44,0,0
TXN007496,94.94,7,4,grocery,card_present,14.2,19.1,5.0,1.0,0,1122,0,0
TXN007497,164.99,17,0,travel,online,8.6,5.0,1.0,3.0,0,1998,0,0
TXN007498,1331.86,1,5,electronics,card_present,5.8,325.3,13.0,3.0,3,24,0,1
TXN007499,957.9,23,6,electronics,card_present,276.5,353.1,7.0,4.0,2,29,1,1
TXN007500,19.1,11,2,grocery,contactless,16.8,6.2,4.0,3.0,0,1628,0,0
TXN007501,74.89,14,2,travel,online,33.4,9.4,2.0,0.0,1,2558,0,0
TXN007502,16.76,17,3,clothing,card_present,6.0,3.2,7.0,1.0,0,109,0,0
TXN007503,12.48,16,4,travel,card_present,4.0,10.7,3.0,1.0,0,3418,0,0
TXN007504,87.65,21,0,clothing,card_present,1.4,4.6,3.0,1.0,0,516,0,0
TXN007505,11.64,13,4,electronics,contactless,21.9,0.4,1.0,1.0,0,912,1,0
TXN007506,44.58,22,4,online,contactless,0.6,21.0,4.0,1.0,0,3156,1,0
TXN007507,16.98,6,5,online,card_present,20.2,19.9,5.0,1.0,1,3077,0,0
TXN007508,91.97,10,6,gas,contactless,9.0,5.4,3.0,0.0,0,1153,0,0
TXN007509,37.47,7,1,online,online,2.5,23.0,3.0,0.0,1,478,0,0
TXN007510,93.39,21,6,clothing,contactless,6.7,1.2,3.0,0.0,0,3161,0,0
TXN007511,253.68,17,6,grocery,contactless,28.1,3.9,5.0,0.0,0,3132,0,0
TXN007512,106.75,14,5,grocery,contactless,5.2,1.6,3.0,0.0,0,2537,1,0
TXN007513,40.13,16,4,gas,card_present,0.4,6.1,2.0,1.0,0,2223,0,0
TXN007514,81.46,9,2,online,card_present,0.9,14.8,7.0,0.0,0,2014,0,0
TXN007515,100.06,23,2,jewelry,online,86.0,123.9,12.0,1.0,5,49,1,1
TXN007516,109.16,14,4,restaurant,online,22.3,4.2,0.0,3.0,1,704,0,0
TXN007517,420.81,17,6,clothing,card_present,13.4,4.5,3.0,1.0,0,2770,1,0
TXN007518,101.63,7,3,clothing,online,34.0,0.6,3.0,1.0,0,2503,0,0
TXN007519,97.23,11,1,gas,card_present,10.1,17.6,1.0,1.0,0,2896,1,0
TXN007520,55.77,13,5,travel,card_present,3.4,7.8,0.0,0.0,0,460,1,0
TXN007521,94.93,9,1,gas,online,6.2,11.0,1.0,3.0,0,1964,0,0
TXN007522,140.72,16,1,online,online,17.6,10.8,3.0,0.0,0,2629,0,0
TXN007523,104.74,16,2,gas,card_present,9.7,2.9,2.0,2.0,0,2298,0,0
TXN007524,109.61,6,6,electronics,online,15.7,13.6,3.0,1.0,0,1272,1,0
TXN007525,349.15,15,2,travel,card_present,18.8,26.9,5.0,1.0,0,3490,0,0
TXN007526,25.58,10,4,travel,online,20.3,12.1,0.0,0.0,0,2950,0,0
TXN007527,252.23,17,0,restaurant,contactless,9.5,20.1,2.0,4.0,0,290,0,0
TXN007528,15.1,7,4,travel,card_present,28.1,1.5,3.0,2.0,0,2156,1,0
TXN007529,72.25,20,6,clothing,card_present,8.6,16.3,4.0,1.0,0,2021,1,0
TXN007530,184.7,4,1,electronics,card_present,202.7,87.3,6.0,5.0,3,59,1,1
TXN007531,29.13,12,6,travel,online,6.9,3.6,5.0,2.0,0,3621,1,0
TXN007532,27.47,10,4,travel,online,17.6,8.8,2.0,0.0,0,667,0,0
TXN007533,43.48,13,4,grocery,online,5.2,6.8,3.0,1.0,0,1591,1,0
TXN007534,18.69,8,2,travel,card_present,8.8,6.5,4.0,1.0,0,3207,0,0
TXN007535,133.18,12,2,travel,online,8.7,4.9,2.0,0.0,0,376,0,0
TXN007536,76.07,20,4,gas,card_present,17.7,1.8,6.0,3.0,0,3011,0,0
TXN007537,13.7,10,5,travel,card_present,14.7,8.1,1.0,1.0,0,3063,0,0
TXN007538,303.66,13,6,travel,card_present,4.3,16.4,7.0,1.0,0,862,0,0
TXN007539,257.37,16,4,grocery,card_present,30.9,11.8,0.0,2.0,1,1958,0,0
TXN007540,50.36,10,1,gas,contactless,10.2,22.4,4.0,1.0,0,3373,1,0
TXN007541,194.92,12,3,clothing,card_present,27.2,7.5,6.0,1.0,0,3562,0,0
TXN007542,61.16,16,5,travel,contactless,22.8,15.3,1.0,1.0,0,3513,1,0
TXN007543,37.08,11,5,restaurant,card_present,43.1,17.8,2.0,2.0,0,3389,0,0
TXN007544,50.6,16,4,grocery,contactless,36.9,13.8,5.0,2.0,0,653,0,0
TXN007545,104.95,21,3,clothing,card_present,13.0,2.6,2.0,0.0,0,3335,0,0
TXN007546,78.24,6,2,restaurant,card_present,3.1,5.9,1.0,1.0,1,2790,0,0
TXN007547,46.01,18,5,travel,online,6.3,3.6,0.0,3.0,0,3465,0,0
TXN007548,48.69,20,1,grocery,contactless,9.1,5.1,3.0,0.0,0,1005,1,0
TXN007549,10.94,16,4,restaurant,card_present,6.3,9.2,0.0,2.0,0,567,1,0
TXN007550,33.0,19,6,travel,online,16.0,6.5,3.0,1.0,0,3011,0,0
TXN007551,67.24,8,3,online,card_present,24.0,0.6,3.0,2.0,1,3178,1,0
TXN007552,147.97,1,5,electronics,online,196.6,273.7,7.0,5.0,5,31,1,1
TXN007553,142.12,8,1,restaurant,card_present,2.9,8.2,2.0,1.0,1,1438,1,0
TXN007554,81.12,20,2,online,card_present,37.3,2.5,2.0,1.0,0,1644,0,0
TXN007555,24.93,9,0,clothing,card_present,3.8,3.6,1.0,0.0,1,2066,0,0
TXN007556,23.66,6,2,electronics,online,33.6,13.3,3.0,1.0,0,2126,0,0
TXN007557,17.4,7,6,grocery,online,0.9,7.8,3.0,0.0,0,2320,1,0
TXN007558,543.18,2,4,online,card_present,264.7,337.4,7.0,5.0,2,38,1,1
TXN007559,83.44,15,5,clothing,contactless,28.6,10.3,8.0,1.0,0,1250,0,0
TXN007560,56.34,7,0,travel,card_present,1.3,0.4,7.0,1.0,0,977,0,0
TXN007561,21.34,22,0,online,contactless,3.4,4.4,2.0,1.0,1,450,0,0
TXN007562,101.4,10,4,grocery,card_present,29.5,29.5,2.0,1.0,0,1002,1,0
TXN007563,42.56,21,4,grocery,card_present,7.9,11.1,3.0,1.0,0,1739,0,0
TXN007564,48.58,12,3,grocery,card_present,0.4,0.3,5.0,2.0,1,1844,0,0
TXN007565,248.49,9,4,online,card_present,18.2,15.6,1.0,2.0,0,3217,0,0
TXN007566,75.63,21,5,clothing,card_present,19.3,12.2,3.0,1.0,0,904,0,0
TXN007567,14.97,22,4,travel,online,373.7,387.5,8.0,5.0,2,16,1,1
TXN007568,128.18,16,2,gas,card_present,8.6,16.5,2.0,0.0,1,1503,0,0
TXN007569,426.9,14,0,online,online,23.8,7.5,3.0,1.0,0,3482,0,0
TXN007570,27.06,21,1,electronics,online,7.5,3.7,3.0,0.0,0,2071,0,0
TXN007571,219.15,18,1,travel,card_present,4.6,3.7,1.0,1.0,0,1852,0,0
TXN007572,22.06,22,3,online,card_present,2.5,7.2,4.0,1.0,0,904,0,0
TXN007573,61.85,21,3,electronics,card_present,0.8,10.1,2.0,0.0,0,514,0,0
TXN007574,19.98,18,0,grocery,card_present,4.3,0.1,4.0,4.0,1,847,0,0
TXN007575,7.1,6,4,grocery,card_present,14.6,2.5,8.0,1.0,0,2791,0,0
TXN007576,133.2,17,2,gas,card_present,5.3,12.3,4.0,0.0,0,2536,0,0
TXN007577,76.28,20,0,travel,card_present,2.5,0.2,3.0,1.0,0,979,1,0
TXN007578,135.82,20,4,travel,card_present,3.6,1.6,2.0,1.0,0,3229,0,0
TXN007579,13.49,21,2,gas,card_present,7.9,10.4,5.0,2.0,0,2649,0,0
TXN007580,300.1,12,3,grocery,contactless,30.6,2.4,3.0,1.0,1,1276,0,0
TXN007581,38.66,8,6,gas,card_present,0.8,25.3,2.0,1.0,1,856,0,0
TXN007582,17.64,16,5,restaurant,online,17.7,6.8,2.0,2.0,1,801,0,0
TXN007583,35.56,16,2,travel,online,16.4,32.0,3.0,2.0,0,1636,0,0
TXN007584,274.16,22,2,travel,card_present,10.0,6.2,3.0,2.0,0,1173,0,0
TXN007585,3045.86,22,2,online,online,92.9,385.2,15.0,6.0,4,45,1,1
TXN007586,14.12,10,6,restaurant,card_present,19.5,4.4,7.0,3.0,0,613,0,0
TXN007587,6.84,22,2,gas,card_present,18.6,6.9,9.0,0.0,1,3310,0,0
TXN007588,130.54,9,3,travel,card_present,7.7,12.2,3.0,1.0,0,2757,1,0
TXN007589,11.28,19,1,online,card_present,1.9,4.9,5.0,1.0,0,1085,1,0
TXN007590,62.99,22,2,restaurant,online,38.1,12.3,1.0,0.0,0,569,0,0
TXN007591,32.17,22,0,clothing,online,4.7,5.2,7.0,1.0,0,3620,0,0
TXN007592,43.94,12,3,online,card_present,15.5,16.3,4.0,0.0,0,2189,1,0
TXN007593,229.6,8,5,grocery,card_present,3.0,8.0,1.0,2.0,1,3374,0,0
TXN007594,142.43,18,3,travel,card_present,14.5,14.4,5.0,0.0,0,551,0,0
TXN007595,13.11,13,2,grocery,online,7.8,2.3,2.0,1.0,1,79,0,0
TXN007596,27.41,17,2,grocery,card_present,15.0,20.4,3.0,3.0,0,1152,0,0
TXN007597,167.52,23,3,online,online,185.0,317.8,6.0,3.0,5,7,1,1
TXN007598,185.6,10,6,clothing,online,46.2,4.4,2.0,2.0,1,3141,0,0
TXN007599,39.6,20,1,electronics,contactless,35.3,2.2,2.0,0.0,0,970,0,0
TXN007600,65.79,19,6,electronics,card_present,20.6,29.2,4.0,3.0,0,3450,0,0
TXN007601,2.74,16,5,online,online,0.0,21.7,4.0,2.0,0,169,0,0
TXN007602,27.95,14,6,travel,card_present,3.2,5.2,2.0,0.0,0,2778,0,0
TXN007603,94.6,10,6,travel,card_present,15.4,3.9,3.0,0.0,0,3226,0,0
TXN007604,31.03,18,6,electronics,online,10.1,10.7,4.0,1.0,0,3552,0,0
TXN007605,45.28,19,5,online,card_present,3.8,20.2,2.0,2.0,0,3446,0,0
TXN007606,27.23,15,5,gas,contactless,11.5,4.9,1.0,2.0,0,709,0,0
TXN007607,9.32,12,4,travel,card_present,9.2,20.2,1.0,0.0,1,946,0,0
TXN007608,75.55,18,1,electronics,contactless,11.9,2.3,5.0,2.0,0,2373,0,0
TXN007609,70.48,8,4,restaurant,card_present,5.3,12.1,4.0,0.0,1,33,0,0
TXN007610,73.45,22,0,gas,card_present,6.4,1.1,4.0,1.0,0,370,0,0
TXN007611,36.25,16,2,grocery,card_present,26.9,6.9,4.0,0.0,1,559,0,0
TXN007612,43.48,10,4,grocery,card_present,19.3,3.9,5.0,1.0,0,3589,0,0
TXN007613,31.42,16,5,gas,online,12.4,0.9,4.0,0.0,0,2999,0,0
TXN007614,485.46,15,2,electronics,card_present,15.8,2.7,2.0,2.0,1,3296,1,0
TXN007615,38.53,6,1,travel,online,7.1,7.2,1.0,3.0,1,911,0,0
TXN007616,144.47,22,0,grocery,card_present,7.5,10.8,2.0,2.0,0,1355,0,0
TXN007617,494.99,23,6,jewelry,online,437.7,148.4,11.0,4.0,2,13,1,1
TXN007618,6.66,9,4,travel,card_present,36.6,9.5,3.0,0.0,0,1300,0,0
TXN007619,16.11,21,3,travel,card_present,21.1,20.2,4.0,0.0,0,1545,0,0
TXN007620,58.89,9,1,clothing,online,3.0,16.8,2.0,1.0,0,1121,0,0
TXN007621,51.05,10,4,gas,online,25.8,17.6,3.0,1.0,0,2724,0,0
TXN007622,21.34,12,6,restaurant,card_present,22.9,0.4,2.0,1.0,0,1451,0,0
TXN007623,14.75,9,6,online,card_present,21.8,9.0,0.0,0.0,0,742,0,0
TXN007624,107.2,13,2,gas,card_present,28.4,1.5,0.0,0.0,0,2520,0,0
TXN007625,29.54,11,5,travel,card_present,13.3,8.4,4.0,1.0,0,2644,0,0
TXN007626,92.14,11,0,clothing,card_present,25.7,12.8,3.0,1.0,0,732,0,0
TXN007627,48.54,20,6,travel,card_present,38.9,6.3,5.0,0.0,1,68,0,0
TXN007628,58.22,20,6,electronics,card_present,18.6,16.9,2.0,0.0,0,1447,1,0
TXN007629,27.41,13,5,travel,contactless,2.1,5.1,4.0,2.0,0,47,0,0
TXN007630,31.51,16,2,restaurant,online,17.5,0.7,3.0,0.0,0,1028,0,0
TXN007631,386.97,15,6,clothing,online,19.1,19.1,5.0,1.0,0,62,0,0
TXN007632,52.54,7,2,clothing,online,24.9,7.2,5.0,1.0,0,242,0,0
TXN007633,31.86,19,4,grocery,online,0.6,1.7,7.0,1.0,1,456,1,0
TXN007634,147.83,15,4,grocery,contactless,2.0,15.4,5.0,0.0,1,649,0,0
TXN007635,54.97,7,2,clothing,card_present,29.8,8.0,3.0,0.0,0,1679,0,0
TXN007636,15.63,8,1,electronics,online,12.5,3.7,3.0,5.0,0,2569,0,0
TXN007637,279.62,7,2,gas,card_present,0.1,6.1,2.0,1.0,0,584,1,0
TXN007638,96.78,20,5,electronics,online,27.3,3.8,3.0,0.0,0,78,0,0
TXN007639,148.66,14,5,gas,card_present,12.6,6.7,7.0,0.0,0,3433,0,0
TXN007640,7.05,11,2,online,card_present,30.2,4.3,1.0,1.0,0,954,0,0
TXN007641,33.76,11,2,grocery,card_present,8.9,24.2,5.0,1.0,0,2821,0,0
TXN007642,35.54,12,3,travel,card_present,11.2,6.0,3.0,0.0,0,1874,0,0
TXN007643,60.71,22,3,electronics,card_present,3.2,3.1,1.0,2.0,0,2961,1,0
TXN007644,298.85,16,4,travel,contactless,26.8,20.1,0.0,0.0,0,1507,0,0
TXN007645,455.61,15,1,restaurant,card_present,12.7,17.9,2.0,0.0,0,1230,0,0
TXN007646,157.3,12,5,electronics,card_present,8.2,0.4,4.0,0.0,0,1997,0,0
TXN007647,74.12,10,5,clothing,card_present,7.3,2.1,3.0,0.0,0,1706,0,0
TXN007648,11.05,9,4,electronics,card_present,37.7,0.5,1.0,0.0,0,303,0,0
TXN007649,71.44,9,3,restaurant,card_present,20.0,6.9,2.0,1.0,0,1493,0,0
TXN007650,12.62,13,1,grocery,card_present,9.1,20.9,1.0,2.0,0,1628,1,0
TXN007651,22.85,15,2,restaurant,online,5.9,6.1,1.0,1.0,0,3407,0,0
TXN007652,132.54,12,6,electronics,online,13.9,4.9,0.0,3.0,0,3134,0,0
TXN007653,108.02,21,4,clothing,online,21.5,11.0,5.0,0.0,0,1627,0,0
TXN007654,54.24,7,2,electronics,contactless,15.0,23.7,4.0,0.0,0,1856,0,0
TXN007655,123.16,13,3,restaurant,card_present,11.0,3.8,0.0,0.0,0,3310,0,0
TXN007656,134.6,7,2,travel,card_present,2.3,5.3,1.0,0.0,0,1121,1,0
TXN007657,27.73,19,6,electronics,card_present,24.1,0.1,4.0,1.0,0,3175,1,0
TXN007658,36.85,9,6,grocery,card_present,13.9,16.9,3.0,1.0,1,2359,0,0
TXN007659,66.67,10,4,travel,online,37.3,10.3,7.0,2.0,0,962,0,0
TXN007660,31.04,20,0,restaurant,card_present,6.1,16.6,2.0,0.0,0,1735,0,0
TXN007661,103.3,13,4,online,card_present,3.6,7.5,5.0,1.0,1,2396,0,0
TXN007662,80.85,20,3,grocery,card_present,11.1,6.9,7.0,2.0,0,1926,0,0
TXN007663,95.36,9,2,gas,card_present,5.3,9.3,2.0,0.0,0,3260,0,0
TXN007664,76.93,19,3,electronics,contactless,21.9,3.0,3.0,1.0,0,2837,0,0
TXN007665,19.66,15,0,restaurant,contactless,18.5,1.2,4.0,0.0,0,860,0,0
TXN007666,10.14,21,4,clothing,card_present,23.7,7.1,6.0,0.0,0,2893,0,0
TXN007667,69.63,8,5,travel,contactless,27.7,3.6,2.0,3.0,0,1085,1,0
TXN007668,173.69,5,6,electronics,card_present,88.0,304.0,5.0,3.0,5,10,1,1
TXN007669,22.24,11,6,travel,contactless,19.3,0.5,2.0,2.0,0,2841,0,0
TXN007670,8.25,19,2,online,card_present,16.3,3.7,7.0,0.0,0,1515,0,0
TXN007671,43.76,14,6,gas,card_present,19.0,9.8,1.0,2.0,0,1839,1,0
TXN007672,30.02,20,4,clothing,card_present,34.0,0.4,5.0,1.0,0,2067,1,0
TXN007673,65.05,18,2,restaurant,card_present,11.0,7.1,2.0,0.0,0,1529,0,0
TXN007674,50.51,14,3,travel,card_present,6.6,3.6,4.0,4.0,0,3343,0,0
TXN007675,233.4,16,4,travel,card_present,1.6,9.8,2.0,0.0,0,1414,0,0
TXN007676,27.92,21,1,electronics,online,23.6,10.8,3.0,1.0,1,414,1,0
TXN007677,310.44,14,6,online,online,11.3,13.5,3.0,3.0,0,985,0,0
TXN007678,44.09,21,6,clothing,card_present,17.5,1.2,3.0,2.0,0,1505,1,0
TXN007679,56.32,21,1,clothing,online,7.0,2.6,5.0,0.0,0,1259,0,0
TXN007680,176.34,0,0,jewelry,online,376.6,243.0,7.0,5.0,5,14,1,1
TXN007681,32.66,8,1,restaurant,card_present,17.3,17.2,2.0,1.0,0,2122,0,0
TXN007682,147.61,12,4,electronics,card_present,8.4,8.7,6.0,1.0,1,1646,0,0
TXN007683,24.88,19,5,travel,card_present,3.5,4.5,2.0,0.0,0,700,0,0
TXN007684,64.81,16,4,gas,card_present,2.0,8.2,2.0,1.0,0,1246,0,0
TXN007685,33.59,20,0,restaurant,card_present,20.9,9.9,2.0,1.0,0,3187,0,0
TXN007686,159.14,22,0,restaurant,online,5.3,0.4,3.0,0.0,0,2390,0,0
TXN007687,177.48,19,6,online,card_present,14.8,4.7,4.0,2.0,0,294,0,0
TXN007688,252.84,7,1,electronics,card_present,2.7,2.8,1.0,0.0,0,1691,0,0
TXN007689,57.79,22,3,online,online,6.5,2.6,4.0,3.0,1,2385,0,0
TXN007690,332.82,16,2,grocery,card_present,13.6,7.7,2.0,3.0,0,3315,0,0
TXN007691,47.21,20,1,grocery,contactless,0.5,4.5,2.0,4.0,0,1505,0,0
TXN007692,35.91,13,5,online,card_present,2.7,0.6,2.0,2.0,0,3257,0,0
TXN007693,92.84,22,4,gas,card_present,0.5,18.9,6.0,1.0,0,2162,1,0
TXN007694,32.17,21,1,electronics,online,26.2,21.2,1.0,0.0,0,214,0,0
TXN007695,38.17,19,2,clothing,card_present,7.7,8.4,3.0,2.0,1,965,0,0
TXN007696,106.95,8,3,restaurant,card_present,6.8,17.1,4.0,3.0,0,1829,0,0
TXN007697,75.61,10,2,restaurant,contactless,10.3,3.7,1.0,1.0,0,2900,0,0
TXN007698,58.91,10,3,electronics,online,34.8,12.5,1.0,0.0,0,2617,1,0
TXN007699,58.41,13,5,online,card_present,25.8,1.6,3.0,2.0,1,3026,1,0
TXN007700,4.76,14,5,online,online,9.9,8.2,1.0,0.0,1,2321,1,0
TXN007701,38.35,9,4,gas,contactless,11.7,30.0,3.0,1.0,0,2357,1,0
TXN007702,27.0,19,3,electronics,contactless,1.7,6.6,2.0,0.0,0,3284,0,0
TXN007703,193.77,8,5,gas,card_present,14.3,18.8,2.0,0.0,0,1669,0,0
TXN007704,95.41,18,1,electronics,online,17.2,1.4,2.0,0.0,0,2391,0,0
TXN007705,27.96,22,3,gas,online,17.0,3.1,4.0,0.0,0,3172,1,0
TXN007706,21.43,7,0,travel,contactless,13.2,1.6,3.0,2.0,0,652,0,0
TXN007707,108.13,15,1,electronics,card_present,18.4,9.8,2.0,0.0,1,2984,1,0
TXN007708,27.32,21,2,restaurant,card_present,12.3,20.9,5.0,2.0,0,2046,0,0
TXN007709,106.56,9,0,clothing,contactless,16.3,4.9,4.0,1.0,0,3017,0,0
TXN007710,389.45,12,3,clothing,contactless,27.2,17.9,3.0,1.0,1,2275,0,0
TXN007711,55.48,21,0,clothing,card_present,14.2,4.0,2.0,2.0,0,1152,0,0
TXN007712,30.42,8,3,restaurant,online,2.8,5.7,4.0,0.0,0,2048,0,0
TXN007713,167.11,8,0,restaurant,contactless,2.0,7.7,4.0,2.0,0,357,0,0
TXN007714,292.56,22,2,online,card_present,15.7,16.3,1.0,2.0,0,2573,0,0
TXN007715,13.22,19,3,online,card_present,0.6,5.4,3.0,1.0,0,2009,1,0
TXN007716,179.78,7,0,gas,card_present,22.0,0.9,2.0,0.0,0,1025,0,0
TXN007717,266.67,7,6,electronics,online,19.0,11.2,3.0,1.0,0,3254,1,0
TXN007718,9.09,15,3,travel,online,13.6,3.8,4.0,0.0,0,188,1,0
TXN007719,31.89,15,5,gas,contactless,15.0,16.3,0.0,2.0,0,2994,0,0
TXN007720,44.84,17,2,travel,card_present,21.5,16.2,1.0,2.0,1,1687,0,0
TXN007721,55.49,16,0,electronics,card_present,30.2,14.1,3.0,0.0,0,2036,0,0
TXN007722,10.13,22,4,online,card_present,2.2,1.0,6.0,3.0,1,346,0,0
TXN007723,24.23,11,2,travel,online,18.9,4.7,1.0,1.0,0,1124,0,0
TXN007724,62.8,6,3,online,card_present,9.1,4.0,6.0,1.0,0,921,0,0
TXN007725,43.22,19,4,gas,card_present,6.0,12.0,1.0,0.0,0,2008,0,0
TXN007726,80.57,6,2,electronics,card_present,7.6,17.5,3.0,1.0,0,2535,0,0
TXN007727,35.05,18,1,clothing,online,14.9,13.5,4.0,0.0,0,191,1,0
TXN007728,49.69,6,3,online,card_present,4.0,1.4,4.0,1.0,0,121,0,0
TXN007729,435.87,8,2,restaurant,card_present,13.9,7.4,2.0,1.0,0,1112,0,0
TXN007730,20.52,7,5,restaurant,online,24.3,20.4,2.0,1.0,0,1015,1,0
TXN007731,57.25,13,2,restaurant,contactless,14.8,8.5,2.0,1.0,1,2667,0,0
TXN007732,35.44,18,5,clothing,card_present,26.5,1.7,2.0,0.0,1,1258,0,0
TXN007733,74.22,15,6,gas,card_present,30.5,7.3,2.0,0.0,0,2067,0,0
TXN007734,58.69,12,2,grocery,online,8.0,0.2,4.0,1.0,0,2227,0,0
TXN007735,28.07,13,2,online,card_present,20.9,5.9,1.0,0.0,0,1893,0,0
TXN007736,3.68,17,4,restaurant,online,29.5,12.4,4.0,3.0,0,1322,0,0
TXN007737,12.96,16,3,online,card_present,17.8,12.5,2.0,0.0,1,3275,1,0
TXN007738,36.47,12,6,restaurant,contactless,31.6,5.8,4.0,0.0,0,1804,0,0
TXN007739,536.78,2,2,travel,online,64.5,376.9,11.0,3.0,4,42,1,1
TXN007740,41.47,11,2,restaurant,online,12.0,1.9,4.0,0.0,0,336,0,0
TXN007741,211.04,9,0,restaurant,card_present,13.9,4.9,3.0,2.0,0,3601,0,0
TXN007742,48.62,22,1,grocery,card_present,6.3,9.2,1.0,0.0,0,310,0,0
TXN007743,34.66,9,2,gas,online,36.7,4.2,4.0,1.0,0,1148,0,0
TXN007744,39.65,20,0,clothing,card_present,4.2,11.8,6.0,1.0,0,2787,0,0
TXN007745,13.34,20,0,travel,online,22.5,13.4,1.0,0.0,0,777,1,0
TXN007746,248.74,13,1,electronics,online,10.8,5.3,3.0,1.0,1,376,0,0
TXN007747,35.64,9,1,clothing,card_present,2.4,2.4,3.0,1.0,0,1872,1,0
TXN007748,19.8,11,2,restaurant,card_present,10.3,0.7,0.0,0.0,0,2494,0,0
TXN007749,618.14,22,1,clothing,card_present,7.0,0.2,3.0,3.0,0,3103,0,0
TXN007750,44.79,18,2,gas,online,7.2,6.8,2.0,1.0,0,1030,0,0
TXN007751,83.75,15,5,online,online,8.0,2.0,0.0,1.0,0,733,0,0
TXN007752,91.46,7,1,electronics,card_present,27.4,2.6,1.0,0.0,1,672,0,0
TXN007753,173.87,4,1,jewelry,card_present,438.3,77.8,9.0,5.0,4,29,1,1
TXN007754,65.98,13,6,electronics,card_present,11.9,2.7,2.0,1.0,1,2565,1,0
TXN007755,373.7,16,0,travel,online,41.9,15.6,3.0,2.0,1,625,0,0
TXN007756,32.08,17,5,restaurant,contactless,13.7,0.2,1.0,0.0,1,2380,0,0
TXN007757,17.97,17,0,restaurant,online,4.4,9.9,0.0,2.0,0,805,0,0
TXN007758,111.39,8,3,gas,card_present,11.3,23.5,4.0,0.0,0,307,0,0
TXN007759,88.71,19,3,gas,card_present,21.3,3.4,3.0,0.0,0,1076,0,0
TXN007760,66.25,11,2,gas,card_present,8.2,22.3,3.0,0.0,1,1309,0,0
TXN007761,157.39,9,0,clothing,contactless,2.6,6.0,5.0,2.0,0,416,0,0
TXN007762,112.28,9,4,travel,online,9.8,20.5,3.0,0.0,0,657,0,0
TXN007763,36.11,20,5,online,contactless,12.5,9.1,3.0,1.0,0,3590,0,0
TXN007764,114.74,14,1,gas,card_present,0.7,12.8,4.0,0.0,0,2721,0,0
TXN007765,8.07,18,4,grocery,online,3.1,1.3,3.0,1.0,0,2855,1,0
TXN007766,277.54,16,5,grocery,online,18.6,14.6,1.0,1.0,0,3184,0,0
TXN007767,76.14,18,0,clothing,online,1.3,6.7,2.0,1.0,0,92,0,0
TXN007768,66.25,12,3,gas,card_present,2.4,13.1,5.0,0.0,1,1807,0,0
TXN007769,143.85,11,0,grocery,card_present,5.4,11.5,3.0,2.0,0,2637,0,0
TXN007770,44.45,19,2,electronics,card_present,6.3,10.6,1.0,0.0,0,1592,0,0
TXN007771,29.93,10,1,electronics,online,3.7,3.2,4.0,1.0,0,3478,0,0
TXN007772,119.58,11,1,online,card_present,15.5,10.5,4.0,1.0,0,1030,0,0
TXN007773,47.56,22,2,online,online,28.4,11.4,3.0,0.0,0,1064,0,0
TXN007774,67.0,20,4,gas,online,0.3,4.3,5.0,1.0,0,2851,1,0
TXN007775,27.53,22,0,travel,online,52.0,3.0,6.0,2.0,0,138,1,0
TXN007776,30.46,16,4,grocery,contactless,35.0,2.2,3.0,1.0,0,1438,0,0
TXN007777,33.05,12,0,grocery,card_present,12.8,4.1,2.0,2.0,0,2974,0,0
TXN007778,84.73,11,3,grocery,card_present,33.3,1.1,6.0,1.0,0,3277,0,0
TXN007779,27.62,21,5,electronics,online,2.7,5.0,5.0,1.0,0,949,0,0
TXN007780,94.01,20,5,clothing,online,3.8,1.6,5.0,1.0,0,1420,0,0
TXN007781,28.15,11,2,electronics,online,19.4,18.1,1.0,0.0,0,3554,0,0
TXN007782,291.45,9,4,restaurant,card_present,29.9,29.6,0.0,3.0,1,96,1,0
TXN007783,725.79,0,3,travel,online,191.9,92.4,7.0,6.0,4,23,1,1
TXN007784,20.5,6,5,electronics,card_present,12.7,1.5,1.0,1.0,0,3391,0,0
TXN007785,123.69,16,3,restaurant,online,3.0,1.4,3.0,0.0,1,1186,0,0
TXN007786,17.75,19,0,electronics,card_present,11.9,12.6,1.0,2.0,1,2201,1,0
TXN007787,19.57,14,6,electronics,card_present,15.8,6.8,2.0,0.0,0,168,0,0
TXN007788,462.38,4,1,electronics,online,225.4,207.9,7.0,1.0,3,29,0,1
TXN007789,76.09,13,4,restaurant,contactless,29.6,5.2,1.0,2.0,0,1972,0,0
TXN007790,65.22,19,5,travel,online,41.6,15.7,3.0,1.0,0,1889,0,0
TXN007791,191.75,12,4,online,card_present,62.1,1.5,4.0,0.0,1,1584,0,0
TXN007792,8.6,22,1,grocery,card_present,24.8,4.1,3.0,1.0,0,548,0,0
TXN007793,37.39,15,5,online,contactless,2.1,1.6,8.0,0.0,0,2831,0,0
TXN007794,69.4,22,0,electronics,card_present,1.5,5.7,0.0,0.0,0,156,1,0
TXN007795,168.44,9,2,electronics,online,6.6,1.1,4.0,2.0,0,1570,0,0
TXN007796,65.27,19,1,restaurant,contactless,17.6,1.1,2.0,1.0,0,1617,0,0
TXN007797,83.59,22,5,electronics,card_present,0.6,0.5,1.0,1.0,1,783,0,0
TXN007798,31.5,21,2,clothing,card_present,2.9,0.2,6.0,0.0,0,2201,1,0
TXN007799,25.2,10,6,travel,card_present,10.8,10.9,2.0,1.0,0,939,0,0
TXN007800,2129.19,3,2,online,online,343.9,376.7,12.0,5.0,1,13,1,1
TXN007801,96.59,14,2,online,card_present,18.3,3.9,4.0,1.0,0,2833,0,0
TXN007802,57.14,11,1,clothing,contactless,3.2,15.6,1.0,1.0,0,2869,0,0
TXN007803,65.58,17,2,gas,card_present,18.1,0.9,5.0,0.0,0,2912,0,0
TXN007804,24.53,17,5,gas,card_present,4.3,8.8,2.0,0.0,1,151,1,0
TXN007805,35.28,21,1,restaurant,card_present,23.3,6.4,2.0,1.0,0,2847,0,0
TXN007806,10.1,20,5,grocery,card_present,10.9,12.6,7.0,0.0,0,3475,0,0
TXN007807,50.51,8,2,gas,online,7.0,11.3,1.0,0.0,0,1751,0,0
TXN007808,7.76,15,3,gas,card_present,32.6,6.0,1.0,4.0,0,1774,0,0
TXN007809,292.88,20,5,online,online,3.7,4.2,4.0,1.0,0,943,1,0
TXN007810,223.84,21,4,restaurant,online,4.8,5.6,5.0,2.0,0,109,0,0
TXN007811,43.12,14,3,travel,card_present,7.9,10.9,5.0,0.0,0,1526,0,0
TXN007812,66.45,7,4,gas,online,26.1,4.8,5.0,1.0,0,2044,0,0
TXN007813,44.16,10,4,online,contactless,15.8,8.0,3.0,2.0,1,2689,0,0
TXN007814,24.3,9,0,clothing,card_present,5.1,7.1,2.0,4.0,0,365,0,0
TXN007815,204.28,22,2,online,online,287.4,249.8,7.0,5.0,5,17,1,1
TXN007816,38.1,6,0,online,card_present,20.0,5.2,2.0,0.0,1,2763,0,0
TXN007817,6.32,12,6,clothing,card_present,3.6,6.9,3.0,1.0,1,113,0,0
TXN007818,23.87,10,2,electronics,contactless,18.2,3.8,3.0,0.0,0,473,0,0
TXN007819,40.03,9,4,clothing,card_present,21.3,1.2,3.0,0.0,1,2704,1,0
TXN007820,57.62,10,2,travel,contactless,9.9,4.0,7.0,2.0,1,3097,0,0
TXN007821,56.49,11,6,travel,card_present,12.1,4.1,2.0,1.0,0,2586,1,0
TXN007822,28.01,11,6,electronics,card_present,31.5,23.7,2.0,0.0,0,1874,0,0
TXN007823,197.18,9,3,online,online,28.4,13.1,5.0,2.0,0,3420,0,0
TXN007824,131.93,14,4,grocery,online,20.0,6.1,3.0,0.0,0,1614,0,0
TXN007825,90.47,8,5,travel,contactless,16.8,6.7,1.0,1.0,1,1511,0,0
TXN007826,130.61,18,3,electronics,online,16.6,13.5,3.0,1.0,0,3619,0,0
TXN007827,14.06,10,1,online,online,17.0,21.7,6.0,0.0,1,1541,0,0
TXN007828,65.75,21,0,clothing,contactless,28.9,19.5,1.0,0.0,0,2143,1,0
TXN007829,51.42,16,0,electronics,card_present,2.7,18.5,4.0,0.0,1,726,0,0
TXN007830,104.7,7,3,travel,online,6.0,14.0,2.0,2.0,0,136,1,0
TXN007831,82.95,7,0,electronics,card_present,16.0,7.1,3.0,0.0,1,2531,0,0
TXN007832,32.82,13,2,travel,card_present,7.1,24.6,4.0,0.0,1,3347,0,0
TXN007833,18.05,10,3,gas,card_present,7.2,1.0,2.0,1.0,0,1479,1,0
TXN007834,102.76,13,1,online,card_present,18.3,2.7,4.0,2.0,0,1151,0,0
TXN007835,30.37,14,0,gas,contactless,8.0,1.7,5.0,1.0,0,2749,0,0
TXN007836,91.3,4,3,travel,online,138.7,426.8,12.0,7.0,3,38,1,1
TXN007837,6.11,6,4,grocery,card_present,28.0,7.6,3.0,2.0,0,1008,0,0
TXN007838,130.47,16,6,travel,card_present,40.1,16.9,4.0,0.0,0,264,0,0
TXN007839,51.88,8,6,travel,online,10.2,21.1,3.0,1.0,0,1926,0,0
TXN007840,13.77,11,2,travel,card_present,11.4,12.9,2.0,1.0,0,2435,0,0
TXN007841,62.52,8,4,online,card_present,3.5,13.3,3.0,1.0,0,843,0,0
TXN007842,31.86,7,6,gas,card_present,20.8,8.7,6.0,1.0,0,1050,0,0
TXN007843,809.76,3,2,online,online,227.9,102.4,9.0,2.0,4,10,1,1
TXN007844,140.5,16,6,clothing,online,4.8,7.3,1.0,2.0,0,3624,0,0
TXN007845,274.62,15,5,electronics,online,6.1,8.3,2.0,2.0,0,2004,0,0
TXN007846,8.71,20,3,electronics,card_present,20.4,1.8,3.0,2.0,0,874,0,0
TXN007847,36.55,6,5,gas,contactless,18.8,1.3,1.0,3.0,0,2975,0,0
TXN007848,26.23,8,2,online,online,20.9,0.5,4.0,1.0,0,1749,0,0
TXN007849,6.92,8,1,grocery,card_present,18.5,19.5,4.0,1.0,0,2146,0,0
TXN007850,134.36,11,3,grocery,card_present,14.8,12.2,0.0,0.0,0,2486,1,0
TXN007851,861.4,3,4,jewelry,online,70.3,371.5,10.0,4.0,2,42,1,1
TXN007852,14.58,9,6,gas,online,6.1,14.7,4.0,2.0,0,982,0,0
TXN007853,126.55,21,0,restaurant,online,33.2,17.3,4.0,2.0,0,397,0,0
TXN007854,7.76,11,2,clothing,card_present,8.9,8.6,2.0,1.0,0,725,1,0
TXN007855,84.37,14,6,electronics,online,7.5,5.1,1.0,3.0,0,242,0,0
TXN007856,164.63,13,0,online,card_present,11.9,27.1,3.0,0.0,0,1706,0,0
TXN007857,47.35,9,6,grocery,card_present,18.4,4.5,1.0,2.0,0,1399,1,0
TXN007858,972.75,3,5,jewelry,card_present,95.9,8.6,10.0,5.0,5,35,1,1
TXN007859,51.53,6,1,restaurant,card_present,12.5,21.2,3.0,1.0,1,2684,0,0
TXN007860,162.19,6,1,restaurant,contactless,1.2,4.8,1.0,1.0,0,2619,0,0
TXN007861,82.83,7,3,clothing,online,24.8,7.8,4.0,1.0,0,2534,0,0
TXN007862,23.42,18,2,electronics,card_present,13.6,10.7,6.0,1.0,0,1835,0,0
TXN007863,23.76,17,0,gas,card_present,6.7,0.2,1.0,2.0,0,810,0,0
TXN007864,22.81,17,4,electronics,card_present,2.5,4.9,3.0,1.0,0,2135,0,0
TXN007865,98.23,8,6,grocery,card_present,19.7,1.6,4.0,0.0,0,1940,0,0
TXN007866,10.29,9,5,gas,online,3.1,4.0,7.0,0.0,1,1063,0,0
TXN007867,9.32,10,5,travel,contactless,1.2,0.9,3.0,0.0,1,2751,0,0
TXN007868,73.05,21,1,gas,contactless,4.2,16.7,1.0,2.0,0,1954,0,0
TXN007869,237.41,21,1,online,card_present,21.8,5.4,2.0,2.0,0,2425,1,0
TXN007870,113.76,14,1,gas,card_present,0.9,14.9,1.0,0.0,0,477,0,0
TXN007871,1222.03,1,3,travel,card_present,231.4,299.5,13.0,3.0,1,52,0,1
TXN007872,33.14,16,2,grocery,online,1.9,10.9,2.0,0.0,0,2122,0,0
TXN007873,59.32,19,0,restaurant,online,6.0,15.1,1.0,0.0,0,3256,1,0
TXN007874,35.74,14,5,online,card_present,11.4,11.1,2.0,0.0,0,2580,0,0
TXN007875,30.85,16,4,clothing,card_present,10.3,16.1,1.0,0.0,1,1840,0,0
TXN007876,142.64,6,1,travel,online,15.0,9.3,6.0,0.0,1,3081,0,0
TXN007877,177.48,22,6,restaurant,online,16.3,5.3,2.0,2.0,0,2024,0,0
TXN007878,59.85,6,4,clothing,online,19.9,19.5,4.0,1.0,1,94,0,0
TXN007879,57.57,8,3,electronics,card_present,9.7,5.9,5.0,2.0,1,3362,0,0
TXN007880,14.44,9,0,restaurant,online,9.7,0.2,1.0,1.0,0,1257,0,0
TXN007881,50.08,21,3,travel,card_present,31.1,3.7,3.0,0.0,0,1304,1,0
TXN007882,25.0,7,4,restaurant,online,12.4,16.9,1.0,2.0,0,2383,0,0
TXN007883,1344.51,5,0,travel,card_present,59.0,355.0,11.0,6.0,2,28,0,1
TXN007884,231.06,0,1,jewelry,online,6.1,268.0,12.0,2.0,4,49,0,1
TXN007885,20.19,15,5,travel,contactless,6.4,24.6,4.0,1.0,0,2486,1,0
TXN007886,52.58,6,0,clothing,card_present,13.5,23.1,3.0,0.0,0,87,0,0
TXN007887,87.82,18,4,online,card_present,15.7,3.2,2.0,1.0,0,1648,0,0
TXN007888,50.9,17,0,online,card_present,11.7,8.3,5.0,1.0,0,1077,0,0
TXN007889,86.71,17,3,clothing,card_present,12.0,5.7,5.0,3.0,1,3498,0,0
TXN007890,19.45,17,1,electronics,card_present,16.6,20.9,5.0,2.0,0,1513,0,0
TXN007891,111.11,12,3,gas,card_present,22.1,10.9,3.0,1.0,0,1839,0,0
TXN007892,82.4,22,0,restaurant,online,7.2,12.5,2.0,1.0,0,1258,0,0
TXN007893,20.81,7,4,grocery,card_present,14.9,4.4,6.0,0.0,0,1491,0,0
TXN007894,39.03,10,4,travel,card_present,11.7,3.5,0.0,0.0,1,2468,0,0
TXN007895,29.2,22,2,grocery,online,22.9,24.6,5.0,1.0,0,1627,0,0
TXN007896,28.95,14,1,travel,card_present,12.6,10.2,3.0,0.0,0,2982,0,0
TXN007897,151.71,21,6,travel,card_present,11.4,3.0,4.0,0.0,0,1510,0,0
TXN007898,18.94,12,2,restaurant,online,3.0,5.6,4.0,0.0,0,2273,0,0
TXN007899,49.8,14,5,gas,card_present,4.0,10.3,3.0,0.0,1,2242,1,0
TXN007900,104.1,19,5,travel,online,4.7,0.8,2.0,0.0,0,2192,1,0
TXN007901,14.58,16,3,travel,card_present,13.4,8.1,8.0,1.0,1,2747,0,0
TXN007902,111.31,7,5,gas,card_present,17.8,22.2,1.0,0.0,0,3555,0,0
TXN007903,19.83,11,1,grocery,card_present,15.0,9.8,4.0,2.0,0,3504,0,0
TXN007904,59.39,11,5,clothing,online,21.7,13.7,1.0,1.0,0,2049,1,0
TXN007905,69.66,18,6,clothing,card_present,38.5,4.0,0.0,0.0,0,2513,0,0
TXN007906,70.84,17,0,gas,online,21.2,17.8,4.0,3.0,0,3213,0,0
TXN007907,33.02,14,6,online,card_present,17.5,7.3,6.0,0.0,0,2932,1,0
TXN007908,168.57,9,2,restaurant,online,16.2,8.9,2.0,1.0,1,249,1,0
TXN007909,264.92,13,0,clothing,online,4.5,15.4,2.0,3.0,0,950,0,0
TXN007910,101.46,6,2,gas,online,6.6,15.9,4.0,0.0,0,1770,0,0
TXN007911,31.97,12,1,online,online,23.8,5.9,2.0,1.0,0,3498,0,0
TXN007912,60.92,21,4,restaurant,card_present,0.2,1.7,3.0,1.0,0,1217,0,0
TXN007913,107.04,20,4,grocery,online,5.0,5.0,2.0,0.0,0,1777,1,0
TXN007914,22.36,22,0,grocery,online,24.2,3.4,1.0,0.0,0,936,0,0
TXN007915,297.35,0,5,electronics,online,519.2,699.9,8.0,4.0,4,35,1,1
TXN007916,57.06,12,3,grocery,contactless,18.3,2.9,1.0,1.0,1,3240,0,0
TXN007917,28.4,11,3,travel,contactless,10.7,14.9,2.0,2.0,0,92,0,0
TXN007918,7.91,19,1,restaurant,contactless,11.4,20.6,3.0,1.0,0,1505,1,0
TXN007919,36.69,10,6,grocery,card_present,17.5,11.8,4.0,0.0,0,3151,0,0
TXN007920,50.09,18,2,gas,card_present,4.8,6.1,6.0,0.0,0,1278,0,0
TXN007921,57.27,10,1,travel,online,20.7,8.0,6.0,1.0,0,1373,1,0
TXN007922,7.73,14,2,travel,card_present,19.6,0.5,0.0,3.0,0,3476,0,0
TXN007923,56.51,20,5,clothing,card_present,10.8,0.2,2.0,2.0,0,2754,0,0
TXN007924,573.15,2,6,jewelry,online,289.0,263.3,7.0,7.0,5,32,1,1
TXN007925,50.35,17,6,grocery,card_present,1.1,4.3,5.0,0.0,0,46,0,0
TXN007926,235.5,15,2,restaurant,card_present,3.3,8.0,3.0,1.0,0,2002,0,0
TXN007927,23.71,22,6,travel,card_present,2.9,4.2,5.0,0.0,1,1531,0,0
TXN007928,70.9,19,6,electronics,online,19.3,2.8,4.0,0.0,0,410,1,0
TXN007929,129.35,20,3,electronics,online,10.9,11.4,4.0,4.0,0,2608,0,0
TXN007930,7.03,14,2,electronics,card_present,23.9,0.3,5.0,0.0,1,3306,0,0
TXN007931,15.0,17,2,online,contactless,37.0,6.0,2.0,1.0,0,2647,0,0
TXN007932,7.61,15,4,restaurant,contactless,14.3,13.9,6.0,1.0,0,427,0,0
TXN007933,94.23,10,3,clothing,card_present,7.4,14.8,7.0,1.0,0,605,0,0
TXN007934,24.83,12,0,restaurant,card_present,6.5,7.2,2.0,0.0,1,144,0,0
TXN007935,48.8,7,1,electronics,card_present,20.3,12.7,2.0,1.0,0,1136,0,0
TXN007936,24.03,22,4,gas,card_present,2.2,2.3,6.0,1.0,0,3493,1,0
TXN007937,243.16,9,5,online,online,3.1,4.1,1.0,1.0,0,2141,1,0
TXN007938,28.88,6,1,grocery,online,13.1,9.7,2.0,3.0,1,2681,1,0
TXN007939,5.13,18,4,gas,card_present,1.6,5.1,1.0,1.0,0,1403,1,0
TXN007940,124.32,2,1,online,card_present,280.0,382.6,3.0,4.0,3,20,1,1
TXN007941,61.6,19,3,travel,online,45.6,33.5,1.0,2.0,0,1976,0,0
TXN007942,138.61,12,5,clothing,card_present,10.6,3.9,4.0,0.0,1,624,0,0
TXN007943,80.03,9,6,clothing,card_present,1.0,6.9,2.0,0.0,0,2905,0,0
TXN007944,48.68,8,3,electronics,contactless,23.2,3.2,1.0,0.0,0,315,0,0
TXN007945,139.43,15,4,gas,card_present,5.7,3.7,3.0,0.0,0,1954,1,0
TXN007946,466.76,8,6,electronics,card_present,19.2,2.9,2.0,1.0,0,687,1,0
TXN007947,45.34,18,4,electronics,contactless,18.8,28.9,6.0,0.0,0,2597,0,0
TXN007948,51.25,22,3,restaurant,contactless,14.3,7.9,3.0,2.0,0,950,0,0
TXN007949,78.94,13,6,gas,contactless,0.6,13.9,6.0,0.0,1,2918,0,0
TXN007950,185.67,17,2,travel,card_present,14.7,0.9,1.0,4.0,1,1527,0,0
TXN007951,11.18,15,3,online,contactless,0.3,14.2,5.0,0.0,0,893,0,0
TXN007952,229.42,16,2,grocery,contactless,7.0,6.1,5.0,3.0,0,1371,0,0
TXN007953,29.75,14,4,electronics,contactless,3.0,3.9,3.0,0.0,0,1043,0,0
TXN007954,13.93,19,6,restaurant,card_present,12.7,7.1,0.0,0.0,0,2046,1,0
TXN007955,13.37,20,5,gas,card_present,27.4,23.3,3.0,0.0,0,2974,1,0
TXN007956,25.57,7,3,electronics,card_present,18.3,15.8,4.0,0.0,0,3288,1,0
TXN007957,24.33,16,4,grocery,card_present,39.9,8.8,2.0,1.0,0,3248,0,0
TXN007958,80.74,21,0,gas,card_present,6.4,8.2,4.0,2.0,0,2524,0,0
TXN007959,14.29,19,3,travel,card_present,2.1,3.9,2.0,1.0,0,1186,1,0
TXN007960,112.51,16,3,clothing,contactless,20.5,11.1,2.0,0.0,0,2981,1,0
TXN007961,72.66,18,4,online,card_present,4.8,3.0,0.0,0.0,1,3253,1,0
TXN007962,128.75,21,6,electronics,card_present,3.1,10.0,2.0,0.0,1,931,0,0
TXN007963,42.37,18,0,clothing,online,16.7,6.3,6.0,0.0,0,503,1,0
TXN007964,1398.41,13,4,restaurant,card_present,5.0,0.4,1.0,1.0,0,2022,0,0
TXN007965,32.44,21,4,clothing,card_present,6.8,4.6,4.0,0.0,0,2712,0,0
TXN007966,33.64,9,6,online,card_present,20.5,8.2,4.0,1.0,1,1892,0,0
TXN007967,42.69,22,4,electronics,contactless,9.0,2.6,1.0,0.0,0,3089,0,0
TXN007968,9.34,6,0,clothing,card_present,17.0,1.6,3.0,2.0,1,552,0,0
TXN007969,186.22,9,2,gas,online,34.1,3.7,3.0,3.0,0,1237,0,0
TXN007970,56.51,21,2,online,online,7.6,9.0,4.0,0.0,0,3586,0,0
TXN007971,47.57,19,1,restaurant,online,10.3,18.7,5.0,0.0,0,2046,1,0
TXN007972,38.6,18,1,gas,card_present,3.5,6.5,5.0,1.0,0,1062,0,0
TXN007973,129.57,12,4,gas,card_present,20.2,29.2,3.0,0.0,0,3216,0,0
TXN007974,79.32,11,1,gas,contactless,21.1,4.0,4.0,0.0,0,2727,1,0
TXN007975,23.99,9,6,electronics,card_present,5.3,8.8,2.0,3.0,1,931,0,0
TXN007976,320.79,18,6,clothing,online,3.9,19.5,0.0,0.0,1,1806,0,0
TXN007977,19.16,15,4,electronics,online,8.4,5.1,2.0,0.0,0,2211,1,0
TXN007978,251.34,22,4,gas,card_present,5.1,12.0,1.0,0.0,0,1321,0,0
TXN007979,180.11,7,3,grocery,contactless,19.9,8.5,3.0,1.0,0,972,0,0
TXN007980,59.64,19,3,electronics,online,14.0,5.6,8.0,1.0,1,187,0,0
TXN007981,19.32,9,6,clothing,contactless,26.1,15.0,3.0,1.0,0,1238,0,0
TXN007982,22.51,8,3,electronics,card_present,19.5,32.6,3.0,2.0,1,2164,0,0
TXN007983,67.8,16,5,online,card_present,16.0,27.6,6.0,2.0,0,1463,0,0
TXN007984,77.02,14,5,clothing,card_present,43.4,3.1,2.0,1.0,0,2851,0,0
TXN007985,8.99,13,4,gas,card_present,24.8,0.8,4.0,0.0,0,1459,0,0
TXN007986,18.81,18,0,grocery,card_present,23.2,8.3,2.0,1.0,0,2676,1,0
TXN007987,154.71,0,0,travel,card_present,149.8,254.4,13.0,4.0,2,45,1,1
TXN007988,195.77,6,3,grocery,card_present,35.6,21.3,2.0,1.0,0,678,0,0
TXN007989,158.46,8,6,gas,card_present,27.6,7.6,2.0,3.0,0,690,0,0
TXN007990,112.05,14,4,travel,card_present,10.7,4.9,0.0,1.0,0,725,0,0
TXN007991,472.16,15,2,restaurant,online,1.9,10.5,4.0,2.0,1,1063,0,0
TXN007992,49.24,16,1,travel,online,10.2,0.1,4.0,4.0,0,835,0,0
TXN007993,51.05,19,2,travel,card_present,24.1,2.7,0.0,0.0,0,1192,0,0
TXN007994,57.17,17,0,grocery,online,1.9,14.4,2.0,1.0,0,2035,0,0
TXN007995,429.46,22,4,clothing,card_present,0.7,1.3,2.0,2.0,0,1208,0,0
TXN007996,111.66,20,2,restaurant,card_present,12.0,2.8,6.0,0.0,0,1559,0,0
TXN007997,16.93,20,6,online,contactless,22.5,0.6,1.0,0.0,1,436,0,0
TXN007998,9.22,17,4,electronics,card_present,33.6,12.5,3.0,2.0,1,2102,0,0
TXN007999,38.17,18,3,grocery,contactless,17.6,16.5,1.0,0.0,0,1683,0,0
TXN008000,188.26,20,5,gas,card_present,9.7,7.0,4.0,2.0,1,1313,0,0
TXN008001,55.42,16,1,restaurant,contactless,42.5,12.4,0.0,1.0,0,1411,1,0
TXN008002,50.29,15,5,gas,card_present,24.8,8.2,5.0,2.0,1,1686,0,0
TXN008003,33.47,8,4,electronics,online,15.3,23.3,1.0,1.0,0,2206,0,0
TXN008004,57.49,8,0,clothing,card_present,35.4,4.5,2.0,0.0,0,52,1,0
TXN008005,66.9,21,2,electronics,contactless,17.0,6.6,1.0,0.0,0,1181,0,0
TXN008006,18.11,7,0,gas,online,1.2,6.0,4.0,1.0,0,215,0,0
TXN008007,75.19,11,3,clothing,card_present,34.2,0.9,5.0,2.0,1,3642,0,0
TXN008008,55.99,8,5,gas,online,26.9,8.4,4.0,2.0,0,2934,0,0
TXN008009,32.66,18,6,travel,online,27.5,17.5,4.0,1.0,0,2152,0,0
TXN008010,90.58,20,6,restaurant,card_present,0.5,16.7,3.0,2.0,0,1412,1,0
TXN008011,84.65,13,3,gas,online,14.0,4.0,0.0,3.0,0,3027,0,0
TXN008012,76.28,16,1,grocery,online,23.2,10.6,1.0,1.0,0,38,1,0
TXN008013,49.06,20,1,gas,online,10.2,25.8,3.0,0.0,0,2250,1,0
TXN008014,282.46,19,3,grocery,card_present,29.8,5.0,4.0,1.0,0,3371,0,0
TXN008015,330.77,7,6,travel,card_present,7.0,11.3,3.0,0.0,1,803,0,0
TXN008016,9.27,10,5,grocery,online,29.1,16.7,2.0,1.0,1,515,0,0
TXN008017,18.24,20,1,travel,online,8.5,8.1,3.0,1.0,0,862,1,0
TXN008018,85.14,7,1,travel,contactless,29.5,6.0,4.0,0.0,1,2002,0,0
TXN008019,10.33,17,3,travel,card_present,18.8,20.0,3.0,2.0,0,1221,0,0
TXN008020,72.46,19,6,travel,card_present,5.9,3.5,1.0,0.0,0,406,1,0
TXN008021,14.07,5,1,travel,card_present,253.5,141.0,8.0,4.0,1,24,0,1
TXN008022,81.64,9,2,clothing,card_present,0.9,2.1,4.0,1.0,0,851,0,0
TXN008023,29.05,8,5,restaurant,online,6.4,14.1,1.0,3.0,0,1507,0,0
TXN008024,28.4,7,5,online,contactless,15.6,15.7,6.0,1.0,0,2840,1,0
TXN008025,347.94,20,6,gas,card_present,32.9,14.5,3.0,3.0,0,533,1,0
TXN008026,439.09,22,5,gas,online,37.7,13.0,2.0,0.0,1,2414,1,0
TXN008027,37.13,10,0,gas,card_present,6.9,10.6,3.0,1.0,1,1094,0,0
TXN008028,100.83,7,0,electronics,card_present,17.4,6.5,4.0,1.0,0,2580,0,0
TXN008029,107.96,10,6,clothing,card_present,4.0,9.9,4.0,1.0,0,1265,1,0
TXN008030,24.08,21,5,online,contactless,40.2,7.9,5.0,4.0,1,3328,0,0
TXN008031,34.77,6,3,electronics,online,11.5,1.4,6.0,0.0,0,1111,1,0
TXN008032,83.55,12,1,grocery,card_present,11.9,1.0,2.0,0.0,0,1522,0,0
TXN008033,31.16,17,0,online,online,13.6,8.2,5.0,1.0,0,1371,0,0
TXN008034,133.13,10,0,restaurant,card_present,6.9,3.0,4.0,2.0,0,1394,0,0
TXN008035,53.18,8,2,travel,contactless,6.0,8.7,1.0,1.0,0,3275,0,0
TXN008036,29.49,20,3,online,contactless,18.1,9.4,4.0,1.0,0,1281,0,0
TXN008037,11.08,8,1,gas,card_present,9.9,1.1,7.0,2.0,0,1003,0,0
TXN008038,15.54,11,1,clothing,contactless,15.2,2.1,3.0,0.0,0,1458,1,0
TXN008039,175.2,18,2,online,online,38.0,6.4,0.0,0.0,0,2409,0,0
TXN008040,38.76,9,2,electronics,online,14.0,4.4,3.0,2.0,0,546,0,0
TXN008041,38.25,14,3,online,card_present,9.9,4.6,4.0,2.0,1,2920,0,0
TXN008042,54.64,12,4,clothing,online,5.7,0.1,4.0,3.0,0,343,0,0
TXN008043,89.34,7,6,gas,contactless,35.8,4.7,1.0,2.0,0,1141,0,0
TXN008044,92.74,13,5,grocery,card_present,15.8,9.8,2.0,1.0,1,1755,0,0
TXN008045,29.31,8,0,restaurant,card_present,20.7,6.3,4.0,1.0,0,3597,1,0
TXN008046,26.68,11,1,travel,online,7.7,17.8,5.0,3.0,0,1656,1,0
TXN008047,50.21,11,6,online,card_present,26.2,10.9,4.0,1.0,1,2023,1,0
TXN008048,101.83,11,2,grocery,card_present,2.8,14.7,3.0,4.0,0,2237,0,0
TXN008049,37.34,10,1,clothing,card_present,33.5,5.0,4.0,2.0,0,1397,0,0
TXN008050,116.42,21,6,travel,online,19.4,9.3,2.0,0.0,0,2687,0,0
TXN008051,25.26,8,4,clothing,online,3.7,11.1,5.0,0.0,1,2471,1,0
TXN008052,29.97,19,1,clothing,online,16.5,4.2,3.0,1.0,0,673,0,0
TXN008053,33.79,6,1,electronics,online,2.2,27.3,2.0,0.0,0,1416,1,0
TXN008054,48.54,12,2,travel,card_present,12.6,4.0,4.0,0.0,0,2967,0,0
TXN008055,39.99,4,0,jewelry,online,143.6,28.5,9.0,4.0,4,27,1,1
TXN008056,49.98,21,2,electronics,contactless,4.7,3.6,0.0,0.0,0,63,0,0
TXN008057,29.63,9,6,online,card_present,14.1,8.2,1.0,1.0,0,1059,1,0
TXN008058,185.51,7,2,grocery,online,5.5,9.6,4.0,1.0,0,987,0,0
TXN008059,44.1,17,2,travel,card_present,4.1,8.7,4.0,0.0,1,1236,0,0
TXN008060,17.62,16,0,grocery,contactless,9.2,2.1,0.0,1.0,1,2395,0,0
TXN008061,190.51,15,2,electronics,online,12.9,1.7,1.0,1.0,0,1092,0,0
TXN008062,109.68,6,2,travel,online,0.1,23.9,4.0,1.0,0,1288,0,0
TXN008063,239.02,17,3,restaurant,card_present,15.8,9.7,3.0,0.0,1,374,0,0
TXN008064,31.34,22,1,gas,contactless,21.0,12.3,3.0,2.0,0,2016,0,0
TXN008065,51.68,14,1,online,online,6.2,16.7,2.0,2.0,1,2549,0,0
TXN008066,87.67,21,4,travel,card_present,17.8,17.9,6.0,0.0,0,3304,1,0
TXN008067,45.0,21,2,grocery,card_present,30.4,8.1,5.0,1.0,0,36,0,0
TXN008068,23.36,22,0,grocery,card_present,16.2,12.2,4.0,0.0,1,1071,0,0
TXN008069,167.28,20,2,travel,card_present,21.2,10.2,2.0,1.0,0,526,0,0
TXN008070,65.79,16,6,restaurant,online,28.3,14.3,2.0,0.0,0,3626,1,0
TXN008071,37.5,20,1,clothing,card_present,11.4,6.5,3.0,0.0,1,739,1,0
TXN008072,73.31,13,3,clothing,card_present,27.3,9.4,2.0,2.0,0,1433,0,0
TXN008073,85.93,11,5,travel,online,1.4,7.7,7.0,1.0,1,230,0,0
TXN008074,75.26,20,1,electronics,online,8.6,12.4,2.0,0.0,0,1246,0,0
TXN008075,4.38,11,5,gas,card_present,14.7,9.7,5.0,0.0,0,850,0,0
TXN008076,48.67,16,5,gas,card_present,1.0,2.0,3.0,0.0,0,387,0,0
TXN008077,22.47,6,3,restaurant,contactless,15.3,2.9,4.0,0.0,0,3040,0,0
TXN008078,26.93,20,6,grocery,card_present,20.3,17.3,5.0,0.0,0,605,0,0
TXN008079,93.45,6,4,travel,online,4.5,3.6,4.0,2.0,0,2035,0,0
TXN008080,440.37,5,4,jewelry,online,322.1,135.1,6.0,10.0,5,22,0,1
TXN008081,71.63,19,2,gas,online,17.1,24.4,2.0,1.0,0,2481,1,0
TXN008082,91.2,13,1,online,card_present,10.2,0.6,3.0,2.0,0,2017,0,0
TXN008083,149.95,12,6,electronics,card_present,0.9,2.6,2.0,2.0,0,2301,0,0
TXN008084,12.4,13,3,restaurant,online,5.7,10.2,4.0,0.0,0,2190,0,0
TXN008085,127.69,16,6,grocery,card_present,33.1,1.5,2.0,0.0,1,2141,0,0
TXN008086,59.59,11,0,electronics,online,13.7,13.2,4.0,2.0,0,1835,1,0
TXN008087,3.01,10,4,online,online,25.7,0.8,3.0,2.0,1,3587,0,0
TXN008088,8.09,19,3,restaurant,online,8.9,4.3,2.0,0.0,0,1312,1,0
TXN008089,45.51,13,6,online,card_present,29.6,3.8,4.0,3.0,1,2116,0,0
TXN008090,94.02,21,3,restaurant,contactless,14.4,16.0,2.0,1.0,1,2822,0,0
TXN008091,62.52,14,2,electronics,online,4.3,5.1,3.0,1.0,0,1886,0,0
TXN008092,127.34,15,1,electronics,contactless,3.8,5.5,3.0,1.0,0,3463,0,0
TXN008093,161.8,7,5,restaurant,card_present,0.7,1.0,2.0,2.0,0,3625,0,0
TXN008094,105.44,13,5,gas,contactless,2.8,4.2,2.0,2.0,0,2512,1,0
TXN008095,23.19,18,6,gas,online,19.6,9.9,2.0,1.0,0,1966,0,0
TXN008096,66.16,18,6,gas,contactless,12.5,5.0,3.0,0.0,0,1806,1,0
TXN008097,50.46,20,2,clothing,online,16.7,5.3,2.0,1.0,0,3569,0,0
TXN008098,74.08,9,1,gas,online,5.5,5.7,7.0,1.0,0,307,1,0
TXN008099,83.02,14,1,restaurant,contactless,30.9,10.2,2.0,2.0,0,173,0,0
TXN008100,215.86,21,4,online,card_present,7.7,2.0,4.0,0.0,1,707,0,0
TXN008101,51.45,11,3,grocery,card_present,4.7,7.0,3.0,1.0,0,1069,0,0
TXN008102,87.66,17,2,electronics,online,14.5,0.4,0.0,2.0,0,1788,0,0
TXN008103,309.22,10,2,electronics,card_present,23.7,6.3,3.0,3.0,1,344,1,0
TXN008104,371.87,22,6,online,online,296.7,181.4,9.0,4.0,3,55,1,1
TXN008105,60.02,22,1,online,card_present,8.1,9.3,0.0,1.0,1,2684,0,0
TXN008106,47.23,20,3,clothing,card_present,8.6,4.3,1.0,1.0,0,956,0,0
TXN008107,44.18,8,2,grocery,card_present,6.4,10.7,5.0,1.0,0,807,0,0
TXN008108,52.51,17,6,gas,card_present,30.2,19.8,4.0,2.0,0,2713,0,0
TXN008109,18.35,19,5,restaurant,online,5.2,2.2,0.0,3.0,0,1302,0,0
TXN008110,33.38,13,4,grocery,card_present,26.8,0.9,4.0,3.0,0,2344,0,0
TXN008111,76.22,14,0,online,online,12.2,18.5,3.0,0.0,0,2367,0,0
TXN008112,54.8,17,3,online,card_present,16.4,9.9,5.0,0.0,0,2268,0,0
TXN008113,76.55,10,6,online,contactless,1.0,10.4,3.0,0.0,0,2308,0,0
TXN008114,72.95,6,5,clothing,card_present,14.2,17.1,4.0,2.0,0,2707,0,0
TXN008115,37.51,12,2,clothing,card_present,13.6,13.5,3.0,1.0,0,1828,0,0
TXN008116,22.95,10,5,restaurant,card_present,7.9,10.7,5.0,3.0,1,932,0,0
TXN008117,278.7,19,3,grocery,contactless,19.1,4.2,3.0,0.0,0,231,0,0
TXN008118,129.77,12,2,online,card_present,27.1,25.3,2.0,2.0,0,46,0,0
TXN008119,65.56,14,1,online,contactless,35.6,25.7,0.0,3.0,1,1985,1,0
TXN008120,29.58,21,6,travel,card_present,16.1,3.1,1.0,0.0,0,1514,0,0
TXN008121,41.57,13,4,online,online,1.1,1.1,2.0,1.0,0,1794,1,0
TXN008122,197.82,4,5,electronics,online,126.0,233.2,7.0,9.0,4,43,1,1
TXN008123,52.55,15,1,clothing,card_present,28.4,15.8,0.0,1.0,1,3608,0,0
TXN008124,101.78,7,2,gas,card_present,17.6,4.3,3.0,0.0,0,1235,0,0
TXN008125,65.43,13,6,grocery,card_present,23.0,4.6,4.0,2.0,0,1113,0,0
TXN008126,51.44,20,0,restaurant,contactless,1.9,5.4,1.0,1.0,1,3501,0,0
TXN008127,48.66,15,1,gas,contactless,6.6,9.5,3.0,0.0,0,119,1,0
TXN008128,110.42,9,5,online,online,37.0,2.4,5.0,1.0,0,296,1,0
TXN008129,185.82,1,0,electronics,online,139.3,453.4,10.0,2.0,5,23,1,1
TXN008130,42.14,15,0,restaurant,online,1.2,16.5,2.0,0.0,0,2712,1,0
TXN008131,486.08,0,3,electronics,card_present,175.7,218.8,5.0,6.0,1,30,1,1
TXN008132,161.74,11,4,grocery,online,26.4,3.6,4.0,0.0,0,3292,0,0
TXN008133,53.55,18,3,travel,card_present,10.0,6.1,3.0,0.0,1,724,0,0
TXN008134,163.46,13,4,restaurant,card_present,12.4,4.8,5.0,2.0,0,851,0,0
TXN008135,56.54,9,1,clothing,card_present,33.6,12.2,1.0,0.0,0,1420,0,0
TXN008136,41.31,16,4,grocery,contactless,13.4,1.8,3.0,0.0,0,1031,0,0
TXN008137,44.08,10,6,gas,card_present,0.7,11.1,4.0,1.0,0,2386,0,0
TXN008138,37.82,7,1,grocery,card_present,9.4,18.8,3.0,2.0,0,2130,0,0
TXN008139,565.57,20,5,electronics,card_present,6.6,1.1,3.0,2.0,0,2255,0,0
TXN008140,1.18,8,5,grocery,online,36.0,8.7,4.0,0.0,0,3298,0,0
TXN008141,23.99,11,0,grocery,online,9.8,20.2,0.0,1.0,0,3233,0,0
TXN008142,122.9,12,5,online,online,20.3,15.8,6.0,1.0,0,2311,0,0
TXN008143,215.91,14,3,clothing,card_present,14.3,4.1,2.0,1.0,0,1541,0,0
TXN008144,28.85,3,3,online,online,244.9,76.9,9.0,2.0,2,26,1,1
TXN008145,30.18,6,6,electronics,card_present,6.2,11.1,2.0,0.0,1,2469,1,0
TXN008146,86.26,12,5,clothing,online,14.4,9.3,1.0,0.0,1,2857,0,0
TXN008147,16.83,9,3,online,card_present,8.7,16.9,5.0,1.0,0,2561,0,0
TXN008148,104.03,13,3,electronics,contactless,0.9,29.0,4.0,1.0,0,1145,1,0
TXN008149,97.78,19,2,online,card_present,6.4,0.9,1.0,1.0,0,968,0,0
TXN008150,3.91,12,6,gas,online,11.8,18.4,2.0,0.0,0,2174,0,0
TXN008151,38.4,15,6,restaurant,online,5.7,1.3,2.0,1.0,0,906,0,0
TXN008152,20.92,9,0,online,contactless,25.0,18.1,3.0,2.0,1,1023,0,0
TXN008153,177.4,15,0,gas,card_present,44.6,15.8,8.0,1.0,0,2470,0,0
TXN008154,189.56,18,5,gas,card_present,20.4,4.7,2.0,2.0,1,1524,0,0
TXN008155,21.66,16,1,online,card_present,4.1,20.2,2.0,0.0,1,2666,0,0
TXN008156,434.96,13,3,online,contactless,6.9,4.3,1.0,1.0,0,2297,0,0
TXN008157,28.76,19,5,electronics,online,1.0,16.2,2.0,1.0,0,2170,1,0
TXN008158,54.06,14,4,gas,card_present,6.9,1.5,7.0,0.0,0,769,1,0
TXN008159,478.64,15,6,online,card_present,17.2,11.7,5.0,1.0,0,546,0,0
TXN008160,126.39,7,0,electronics,card_present,4.4,18.3,1.0,1.0,1,370,0,0
TXN008161,23.54,18,1,grocery,contactless,7.1,3.9,2.0,1.0,0,607,0,0
TXN008162,97.69,18,1,electronics,card_present,7.9,2.0,4.0,1.0,0,1157,0,0
TXN008163,43.75,21,3,gas,card_present,10.3,2.5,3.0,0.0,0,3415,1,0
TXN008164,12.47,17,6,grocery,online,18.8,18.4,5.0,1.0,0,2386,1,0
TXN008165,92.01,13,3,gas,contactless,21.1,9.5,1.0,2.0,0,876,0,0
TXN008166,7.75,9,0,travel,card_present,24.2,1.7,4.0,1.0,0,2721,0,0
TXN008167,23.72,22,3,electronics,online,36.5,6.4,4.0,0.0,0,3614,0,0
TXN008168,1916.97,23,3,online,online,134.8,465.3,7.0,4.0,4,46,1,1
TXN008169,81.59,22,4,grocery,card_present,16.7,5.2,3.0,1.0,0,1782,1,0
TXN008170,40.3,11,3,grocery,contactless,5.2,3.5,0.0,0.0,1,2816,0,0
TXN008171,154.68,4,6,jewelry,online,20.1,186.1,10.0,5.0,1,18,0,1
TXN008172,47.16,10,6,restaurant,contactless,21.8,8.4,2.0,1.0,0,1517,0,0
TXN008173,68.71,11,1,gas,online,5.9,5.2,3.0,2.0,1,762,0,0
TXN008174,2.29,19,2,clothing,contactless,20.4,1.4,1.0,1.0,0,2502,0,0
TXN008175,69.14,15,5,online,online,13.8,15.8,2.0,2.0,0,1728,0,0
TXN008176,52.88,11,5,electronics,card_present,0.9,14.3,3.0,2.0,1,1127,0,0
TXN008177,107.79,14,1,gas,card_present,4.8,2.2,4.0,2.0,0,252,0,0
TXN008178,118.66,14,0,gas,contactless,9.5,2.8,2.0,1.0,0,890,1,0
TXN008179,7.21,14,6,travel,online,30.6,1.6,9.0,0.0,0,430,0,0
TXN008180,22.7,8,2,restaurant,card_present,3.5,9.4,1.0,4.0,0,3597,0,0
TXN008181,93.61,22,1,electronics,online,53.2,396.2,7.0,5.0,1,53,1,1
TXN008182,21.64,19,4,travel,card_present,11.1,9.0,2.0,1.0,0,3337,0,0
TXN008183,52.22,6,5,travel,card_present,11.4,8.7,3.0,0.0,0,630,0,0
TXN008184,103.39,17,6,clothing,card_present,1.3,6.0,7.0,2.0,0,3002,0,0
TXN008185,198.11,23,1,online,online,348.1,25.2,9.0,7.0,5,3,1,1
TXN008186,12.15,11,0,clothing,card_present,1.5,12.3,2.0,1.0,0,1367,0,0
TXN008187,369.34,4,1,online,online,80.8,103.5,10.0,6.0,5,44,1,1
TXN008188,17.86,12,2,electronics,online,32.6,3.0,1.0,0.0,0,1220,0,0
TXN008189,18.06,9,6,grocery,card_present,43.0,5.9,0.0,7.0,0,2782,0,0
TXN008190,22.88,22,1,clothing,card_present,38.2,8.2,5.0,1.0,0,3094,0,0
TXN008191,46.62,13,5,travel,card_present,1.5,7.4,4.0,0.0,0,807,0,0
TXN008192,6.64,21,1,electronics,card_present,1.8,6.2,1.0,0.0,0,618,0,0
TXN008193,231.28,7,4,restaurant,contactless,14.1,5.3,3.0,0.0,0,2851,1,0
TXN008194,13.91,17,5,clothing,card_present,7.2,17.2,0.0,0.0,0,628,0,0
TXN008195,20.34,9,5,grocery,online,18.6,1.6,0.0,0.0,0,1146,0,0
TXN008196,52.85,9,2,restaurant,card_present,22.9,11.8,6.0,0.0,0,2880,0,0
TXN008197,42.65,18,1,restaurant,contactless,8.6,0.9,3.0,1.0,0,1803,0,0
TXN008198,31.88,7,3,electronics,contactless,0.3,5.6,1.0,2.0,0,2639,0,0
TXN008199,26.07,16,5,restaurant,contactless,9.9,5.6,3.0,1.0,1,2332,0,0
TXN008200,78.94,9,4,travel,online,3.3,21.3,1.0,1.0,0,289,0,0
TXN008201,25.77,16,3,gas,online,12.0,1.0,4.0,0.0,1,2918,0,0
TXN008202,386.62,22,6,electronics,card_present,425.6,44.5,9.0,4.0,2,50,1,1
TXN008203,39.39,20,6,grocery,card_present,30.1,6.7,3.0,0.0,0,2836,0,0
TXN008204,724.86,12,6,clothing,online,1.8,5.1,0.0,0.0,0,2964,0,0
TXN008205,30.65,20,1,electronics,card_present,14.0,24.2,1.0,1.0,0,132,0,0
TXN008206,10.84,16,2,electronics,card_present,12.7,1.1,5.0,0.0,0,3432,1,0
TXN008207,62.95,11,5,electronics,card_present,0.2,7.4,4.0,0.0,0,2348,0,0
TXN008208,153.77,15,2,gas,card_present,16.8,19.1,5.0,2.0,1,3546,1,0
TXN008209,28.97,15,2,grocery,card_present,12.5,11.8,1.0,1.0,0,1648,0,0
TXN008210,112.34,14,1,clothing,online,9.0,15.9,5.0,0.0,0,2164,0,0
TXN008211,526.36,2,0,electronics,online,156.1,127.3,6.0,7.0,2,13,1,1
TXN008212,6.47,16,4,gas,online,26.9,19.9,4.0,0.0,1,2908,0,0
TXN008213,102.06,13,0,electronics,card_present,23.0,24.0,2.0,0.0,0,3034,0,0
TXN008214,9.0,13,5,grocery,card_present,0.6,11.6,5.0,0.0,0,3417,0,0
TXN008215,315.7,15,4,gas,card_present,11.5,20.0,2.0,3.0,1,420,0,0
TXN008216,8.95,14,4,electronics,contactless,3.9,7.4,3.0,0.0,1,2100,0,0
TXN008217,308.33,6,0,grocery,card_present,3.9,1.5,6.0,1.0,0,1499,1,0
TXN008218,37.59,11,2,grocery,contactless,28.2,4.9,5.0,1.0,0,2810,0,0
TXN008219,52.68,10,4,restaurant,card_present,2.5,11.6,2.0,4.0,0,1266,0,0
TXN008220,36.77,14,1,clothing,online,17.7,5.1,0.0,1.0,0,1040,0,0
TXN008221,90.17,9,6,electronics,online,13.8,14.7,1.0,0.0,0,2256,0,0
TXN008222,6.53,13,3,clothing,card_present,12.3,3.9,2.0,2.0,1,2987,0,0
TXN008223,17.35,21,3,grocery,card_present,0.7,4.1,2.0,1.0,1,1431,0,0
TXN008224,44.54,12,0,gas,card_present,30.6,7.8,2.0,1.0,0,2831,0,0
TXN008225,19.59,10,3,restaurant,online,9.7,14.2,1.0,1.0,0,1280,0,0
TXN008226,36.89,22,4,travel,card_present,1.8,12.5,3.0,1.0,0,891,0,0
TXN008227,136.0,16,6,clothing,card_present,8.2,11.9,2.0,3.0,1,3115,0,0
TXN008228,181.62,18,4,restaurant,contactless,20.5,20.9,3.0,0.0,0,1331,0,0
TXN008229,98.64,9,0,gas,online,10.6,6.1,5.0,1.0,0,711,0,0
TXN008230,179.58,17,6,clothing,card_present,1.2,2.6,2.0,0.0,0,1988,1,0
TXN008231,5535.62,22,0,travel,online,159.4,78.3,11.0,3.0,5,22,1,1
TXN008232,10.97,20,5,online,card_present,14.1,7.6,5.0,1.0,0,1650,0,0
TXN008233,120.44,3,6,jewelry,online,303.1,400.7,6.0,4.0,4,15,1,1
TXN008234,25.81,14,5,electronics,online,18.9,10.7,1.0,2.0,0,272,0,0
TXN008235,148.12,14,6,gas,contactless,3.6,16.4,0.0,1.0,0,756,0,0
TXN008236,82.12,14,2,gas,card_present,24.7,16.5,3.0,1.0,1,2317,0,0
TXN008237,24.46,11,4,grocery,online,18.5,8.2,5.0,3.0,0,1890,0,0
TXN008238,131.28,21,1,gas,contactless,10.4,7.2,2.0,0.0,0,1785,1,0
TXN008239,18.09,13,4,online,online,18.5,2.9,2.0,2.0,0,1867,1,0
TXN008240,10.05,11,4,travel,card_present,13.5,4.8,5.0,1.0,1,3318,0,0
TXN008241,11.52,11,1,travel,card_present,0.2,8.4,3.0,0.0,0,1066,0,0
TXN008242,91.43,8,5,grocery,online,3.4,18.0,1.0,1.0,1,952,0,0
TXN008243,10.95,18,4,restaurant,card_present,1.8,3.9,4.0,0.0,0,3069,0,0
TXN008244,100.51,7,4,restaurant,card_present,15.0,1.7,2.0,1.0,0,3035,0,0
TXN008245,269.97,6,5,restaurant,card_present,17.4,9.3,2.0,1.0,0,450,0,0
TXN008246,135.2,18,1,restaurant,card_present,6.5,3.4,2.0,1.0,0,164,0,0
TXN008247,119.72,12,4,clothing,contactless,21.2,7.2,0.0,1.0,0,2755,0,0
TXN008248,112.3,7,1,grocery,contactless,6.7,0.0,1.0,1.0,0,926,0,0
TXN008249,51.89,8,6,grocery,card_present,7.9,6.6,3.0,1.0,0,3333,1,0
TXN008250,186.65,13,5,grocery,contactless,0.4,12.9,3.0,2.0,0,1303,1,0
TXN008251,139.22,20,1,online,card_present,15.5,1.4,3.0,0.0,1,2271,0,0
TXN008252,109.42,9,1,online,contactless,28.3,18.4,4.0,1.0,0,900,1,0
TXN008253,608.76,1,5,jewelry,online,345.2,113.7,6.0,5.0,2,4,1,1
TXN008254,18.82,8,2,restaurant,card_present,6.3,15.4,6.0,4.0,0,1503,0,0
TXN008255,20.33,6,4,gas,card_present,18.7,18.1,5.0,0.0,0,1309,0,0
TXN008256,58.96,15,5,restaurant,card_present,2.8,5.1,4.0,2.0,1,326,1,0
TXN008257,42.62,15,6,electronics,card_present,6.7,11.6,3.0,2.0,0,2832,0,0
TXN008258,267.61,18,2,electronics,online,18.9,0.9,4.0,1.0,0,2996,1,0
TXN008259,219.42,7,3,electronics,card_present,13.7,14.2,3.0,0.0,0,2552,0,0
TXN008260,9.93,6,0,travel,card_present,21.0,1.1,1.0,1.0,0,2572,0,0
TXN008261,171.75,15,3,travel,card_present,21.1,7.8,1.0,2.0,1,626,0,0
TXN008262,97.86,10,3,online,card_present,5.8,10.0,2.0,0.0,0,2890,0,0
TXN008263,14.55,9,5,restaurant,card_present,33.6,4.7,1.0,1.0,0,2389,0,0
TXN008264,27.99,9,2,gas,online,4.7,2.6,0.0,2.0,0,2511,0,0
TXN008265,18.98,20,6,grocery,card_present,15.8,11.9,1.0,1.0,0,414,0,0
TXN008266,30.14,15,0,electronics,contactless,30.7,15.2,3.0,1.0,0,2369,0,0
TXN008267,15.25,15,2,clothing,online,12.4,7.0,3.0,1.0,0,3519,0,0
TXN008268,86.2,8,6,electronics,card_present,21.7,12.0,1.0,2.0,0,596,0,0
TXN008269,160.13,7,5,grocery,card_present,12.6,4.4,4.0,1.0,0,3524,0,0
TXN008270,118.01,10,5,electronics,card_present,0.4,0.9,6.0,0.0,0,1199,0,0
TXN008271,485.77,6,5,clothing,online,13.0,1.2,3.0,0.0,1,1378,0,0
TXN008272,53.41,18,4,restaurant,card_present,20.7,0.7,4.0,1.0,1,1767,0,0
TXN008273,48.03,15,3,online,card_present,27.3,7.1,2.0,4.0,0,3140,0,0
TXN008274,7.53,7,4,grocery,card_present,22.0,10.3,2.0,0.0,0,3179,0,0
TXN008275,82.16,22,6,clothing,online,17.6,7.5,3.0,2.0,0,2024,0,0
TXN008276,54.48,11,3,electronics,card_present,45.8,7.4,3.0,1.0,0,1127,0,0
TXN008277,63.39,6,3,online,card_present,10.1,16.7,2.0,4.0,0,1115,0,0
TXN008278,156.03,21,1,online,contactless,25.7,6.4,2.0,0.0,1,3128,0,0
TXN008279,8.7,13,3,clothing,card_present,2.2,9.3,6.0,1.0,1,3041,1,0
TXN008280,96.64,9,0,online,online,3.4,7.0,2.0,1.0,0,903,0,0
TXN008281,25.5,10,2,online,card_present,10.1,6.5,1.0,1.0,0,2306,0,0
TXN008282,256.99,9,5,grocery,online,9.5,13.8,4.0,1.0,0,800,0,0
TXN008283,17.6,22,6,electronics,contactless,19.4,4.8,3.0,0.0,1,2552,0,0
TXN008284,719.01,5,4,online,card_present,479.9,333.0,9.0,7.0,4,48,1,1
TXN008285,54.77,16,2,restaurant,card_present,9.7,9.3,2.0,0.0,0,149,0,0
TXN008286,1562.22,4,6,travel,card_present,299.6,323.5,8.0,7.0,5,42,0,1
TXN008287,26.91,20,3,clothing,online,19.0,13.9,2.0,1.0,0,257,0,0
TXN008288,9.75,14,6,online,online,3.7,3.8,1.0,0.0,0,1955,0,0
TXN008289,114.56,7,3,clothing,online,15.8,10.2,4.0,1.0,0,2672,0,0
TXN008290,110.94,15,4,travel,card_present,8.9,17.2,1.0,2.0,0,1084,0,0
TXN008291,66.66,21,4,restaurant,card_present,29.0,12.2,2.0,1.0,1,1553,0,0
TXN008292,23.28,18,5,grocery,card_present,7.2,2.8,3.0,0.0,0,3435,0,0
TXN008293,68.54,10,4,grocery,online,1.2,4.1,3.0,0.0,0,2094,0,0
TXN008294,89.05,7,5,electronics,card_present,18.9,21.9,5.0,1.0,1,1128,0,0
TXN008295,231.96,9,5,gas,online,0.4,5.6,4.0,1.0,0,1681,0,0
TXN008296,9.48,14,0,grocery,online,13.5,34.4,8.0,0.0,0,1293,0,0
TXN008297,105.05,11,6,online,contactless,1.4,11.5,3.0,3.0,0,3608,0,0
TXN008298,5.87,11,0,restaurant,contactless,26.5,6.6,1.0,1.0,0,2886,1,0
TXN008299,18.77,17,2,grocery,online,2.0,20.1,3.0,0.0,0,2788,1,0
TXN008300,24.85,19,0,electronics,card_present,11.7,9.8,3.0,0.0,0,2580,0,0
TXN008301,13.95,12,5,restaurant,card_present,19.4,9.4,2.0,1.0,0,2348,1,0
TXN008302,142.73,16,2,travel,card_present,10.4,3.0,3.0,2.0,1,2451,1,0
TXN008303,156.98,11,6,clothing,contactless,28.5,17.2,2.0,0.0,1,1975,0,0
TXN008304,140.16,17,1,restaurant,online,19.3,5.5,2.0,0.0,0,2621,0,0
TXN008305,34.23,16,6,electronics,online,18.9,14.6,2.0,1.0,0,3392,0,0
TXN008306,34.27,17,4,gas,online,11.1,7.7,0.0,0.0,0,3007,0,0
TXN008307,15.33,12,3,electronics,card_present,10.3,3.8,4.0,0.0,0,2300,0,0
TXN008308,49.48,21,3,electronics,online,7.3,2.7,1.0,2.0,1,884,0,0
TXN008309,107.92,10,6,restaurant,contactless,7.2,1.2,3.0,2.0,0,1978,0,0
TXN008310,39.86,10,2,clothing,contactless,24.8,8.1,2.0,1.0,0,3068,0,0
TXN008311,125.13,16,6,travel,card_present,0.5,8.1,1.0,1.0,1,889,0,0
TXN008312,608.91,14,2,clothing,online,1.9,4.4,3.0,1.0,0,3555,0,0
TXN008313,37.9,18,6,gas,online,4.7,2.0,1.0,1.0,1,3368,0,0
TXN008314,73.07,14,3,travel,online,19.1,4.1,2.0,1.0,0,600,0,0
TXN008315,467.92,18,1,online,online,0.1,0.4,4.0,2.0,0,3155,0,0
TXN008316,105.94,19,5,restaurant,contactless,20.3,4.2,1.0,2.0,0,3408,0,0
TXN008317,134.02,1,4,electronics,card_present,388.0,93.1,3.0,3.0,4,5,0,1
TXN008318,21.98,13,3,travel,card_present,7.8,3.7,5.0,1.0,0,1852,0,0
TXN008319,60.78,20,2,gas,card_present,35.4,8.7,7.0,0.0,0,1372,0,0
TXN008320,107.69,14,4,clothing,contactless,19.2,6.0,2.0,0.0,1,1039,0,0
TXN008321,69.76,17,3,online,card_present,5.7,4.9,3.0,2.0,1,1884,0,0
TXN008322,89.74,8,0,gas,card_present,14.0,1.5,3.0,0.0,1,2219,1,0
TXN008323,45.75,6,5,electronics,online,15.9,15.2,3.0,1.0,0,1617,0,0
TXN008324,32.13,7,5,travel,card_present,24.2,8.8,3.0,0.0,0,660,0,0
TXN008325,140.69,13,6,clothing,card_present,44.8,11.8,4.0,0.0,0,1171,1,0
TXN008326,21.47,21,5,clothing,card_present,12.8,14.1,2.0,0.0,0,680,1,0
TXN008327,72.31,17,3,electronics,card_present,19.5,18.7,1.0,1.0,1,2163,1,0
TXN008328,197.5,22,3,online,card_present,180.7,161.4,13.0,3.0,4,1,1,1
TXN008329,56.37,21,0,grocery,online,33.4,4.9,3.0,1.0,1,1728,0,0
TXN008330,221.26,12,3,online,card_present,15.8,7.6,1.0,2.0,0,706,0,0
TXN008331,111.42,6,3,travel,card_present,2.6,3.2,2.0,3.0,0,3140,0,0
TXN008332,672.87,19,2,online,card_present,16.9,13.0,1.0,1.0,1,73,1,0
TXN008333,278.56,17,2,online,online,2.0,13.6,3.0,0.0,0,2829,1,0
TXN008334,32.96,17,4,grocery,contactless,12.1,20.9,2.0,1.0,0,2148,0,0
TXN008335,118.63,15,3,travel,online,6.5,12.1,6.0,1.0,0,1454,0,0
TXN008336,33.95,19,1,travel,card_present,19.7,5.1,3.0,1.0,0,1763,0,0
TXN008337,295.05,14,0,online,contactless,13.3,10.0,1.0,1.0,0,2603,0,0
TXN008338,35.95,21,6,online,card_present,1.8,5.7,0.0,1.0,0,1025,0,0
TXN008339,178.02,12,3,electronics,contactless,7.0,1.1,2.0,4.0,0,3464,0,0
TXN008340,95.72,9,0,online,online,7.3,10.6,2.0,1.0,1,1752,0,0
TXN008341,19.57,16,0,gas,online,11.3,0.5,4.0,1.0,0,1362,0,0
TXN008342,28.48,22,5,electronics,card_present,9.3,1.5,7.0,0.0,0,3587,0,0
TXN008343,38.74,21,1,restaurant,contactless,6.8,3.1,3.0,1.0,0,2200,0,0
TXN008344,1178.46,3,4,electronics,online,250.4,630.5,8.0,4.0,4,28,1,1
TXN008345,341.23,14,6,gas,card_present,3.5,2.4,3.0,1.0,0,3200,0,0
TXN008346,13.35,6,2,travel,online,8.1,14.8,5.0,0.0,1,126,0,0
TXN008347,66.8,18,6,travel,card_present,11.5,9.7,3.0,0.0,1,1070,1,0
TXN008348,18.62,18,0,online,card_present,10.3,7.7,6.0,0.0,0,820,0,0
TXN008349,4.54,13,3,grocery,card_present,9.8,5.8,7.0,1.0,1,3348,0,0
TXN008350,132.32,19,3,grocery,card_present,1.7,6.0,4.0,1.0,0,374,1,0
TXN008351,655.74,1,1,jewelry,online,175.6,754.4,8.0,3.0,4,25,1,1
TXN008352,272.62,13,5,restaurant,card_present,12.3,7.1,2.0,0.0,0,369,1,0
TXN008353,23.96,22,5,travel,card_present,6.5,16.6,2.0,2.0,0,374,0,0
TXN008354,14.06,14,0,electronics,card_present,25.1,16.4,1.0,0.0,0,731,0,0
TXN008355,245.52,12,1,online,card_present,1.5,6.9,3.0,1.0,0,1671,0,0
TXN008356,93.35,16,6,electronics,contactless,2.5,17.6,3.0,0.0,0,74,0,0
TXN008357,160.46,2,3,online,online,302.2,329.5,6.0,8.0,5,40,1,1
TXN008358,40.46,20,5,restaurant,online,34.3,11.9,4.0,1.0,1,3471,0,0
TXN008359,14.22,17,2,online,online,30.4,19.6,1.0,0.0,0,955,0,0
TXN008360,52.44,16,0,online,card_present,28.7,14.1,5.0,1.0,0,1865,0,0
TXN008361,65.36,15,3,online,card_present,12.0,12.5,4.0,0.0,0,717,0,0
TXN008362,68.3,15,0,grocery,card_present,12.5,5.4,1.0,3.0,0,1969,0,0
TXN008363,137.41,6,1,travel,card_present,3.3,25.2,5.0,0.0,0,1977,0,0
TXN008364,106.7,19,3,electronics,card_present,11.0,26.5,2.0,1.0,1,1106,0,0
TXN008365,23.63,21,5,gas,card_present,23.4,20.6,3.0,3.0,0,3227,1,0
TXN008366,7.31,22,1,electronics,online,0.8,2.8,1.0,2.0,0,1425,0,0
TXN008367,78.23,10,5,electronics,contactless,6.9,18.2,1.0,3.0,1,1016,0,0
TXN008368,75.43,13,4,online,contactless,25.8,5.4,1.0,1.0,0,664,0,0
TXN008369,90.67,7,4,travel,card_present,7.6,1.7,3.0,1.0,0,971,0,0
TXN008370,169.66,22,6,travel,card_present,31.2,8.8,4.0,0.0,1,362,0,0
TXN008371,39.2,17,0,gas,contactless,29.6,3.5,3.0,2.0,0,2627,0,0
TXN008372,52.39,13,4,online,card_present,0.7,12.4,2.0,0.0,0,1176,0,0
TXN008373,16.59,15,6,grocery,card_present,18.0,9.4,3.0,0.0,0,555,1,0
TXN008374,28.2,16,4,travel,contactless,5.4,13.3,1.0,0.0,1,3587,0,0
TXN008375,8.52,13,5,clothing,online,49.3,8.3,5.0,0.0,0,2617,0,0
TXN008376,47.8,9,1,restaurant,card_present,12.7,12.9,6.0,0.0,0,1754,0,0
TXN008377,36.7,9,5,gas,card_present,24.3,1.8,0.0,0.0,0,2723,0,0
TXN008378,61.96,8,2,electronics,online,12.6,3.7,4.0,4.0,0,1252,1,0
TXN008379,102.64,10,6,travel,card_present,3.8,9.3,4.0,0.0,0,1547,1,0
TXN008380,195.28,8,4,online,card_present,8.8,3.6,2.0,2.0,0,410,1,0
TXN008381,499.57,0,1,electronics,card_present,97.8,209.2,10.0,8.0,5,24,1,1
TXN008382,180.12,13,1,restaurant,online,4.3,17.1,1.0,0.0,0,724,0,0
TXN008383,278.22,21,0,online,card_present,11.9,2.1,6.0,0.0,0,3620,0,0
TXN008384,226.42,16,1,electronics,contactless,2.8,8.4,2.0,1.0,0,498,1,0
TXN008385,82.67,20,3,restaurant,contactless,7.7,6.1,6.0,0.0,0,1114,1,0
TXN008386,180.03,9,3,grocery,card_present,2.3,7.1,5.0,0.0,0,3179,0,0
TXN008387,497.96,22,2,grocery,online,7.3,2.7,1.0,0.0,0,3323,0,0
TXN008388,14.65,8,3,clothing,contactless,11.5,4.7,5.0,2.0,0,2912,0,0
TXN008389,48.19,12,0,travel,online,23.1,2.6,2.0,0.0,0,3468,0,0
TXN008390,44.32,19,6,online,card_present,6.2,1.8,2.0,2.0,0,722,1,0
TXN008391,94.03,18,4,grocery,contactless,0.2,2.9,4.0,0.0,1,1256,0,0
TXN008392,46.63,17,1,travel,card_present,28.3,15.9,2.0,1.0,1,2354,0,0
TXN008393,105.86,13,4,travel,card_present,14.9,2.2,4.0,0.0,0,250,0,0
TXN008394,52.45,12,2,online,online,0.2,9.1,4.0,2.0,0,2349,0,0
TXN008395,96.59,20,4,restaurant,contactless,36.8,0.1,3.0,1.0,0,794,0,0
TXN008396,60.22,21,6,grocery,card_present,9.9,10.0,2.0,1.0,0,1863,0,0
TXN008397,146.73,9,5,electronics,online,12.0,18.4,3.0,0.0,0,3133,0,0
TXN008398,183.66,18,4,gas,contactless,23.0,11.6,2.0,2.0,0,465,0,0
TXN008399,68.3,16,3,travel,contactless,25.5,7.1,3.0,3.0,0,3082,0,0
TXN008400,40.22,22,2,gas,online,29.0,1.2,2.0,1.0,0,1797,0,0
TXN008401,58.56,13,0,travel,card_present,28.2,20.1,1.0,1.0,0,83,0,0
TXN008402,86.49,7,5,travel,card_present,23.6,6.6,1.0,0.0,0,687,0,0
TXN008403,14.98,18,4,grocery,online,2.4,7.1,4.0,1.0,0,812,0,0
TXN008404,68.33,16,3,online,contactless,0.1,0.6,2.0,0.0,0,2274,0,0
TXN008405,124.26,22,2,travel,card_present,6.1,4.1,4.0,2.0,0,1052,0,0
TXN008406,3402.72,23,1,electronics,card_present,354.9,234.6,10.0,5.0,5,58,0,1
TXN008407,37.97,16,3,travel,card_present,4.0,2.1,5.0,0.0,0,3297,0,0
TXN008408,144.79,16,1,clothing,online,14.9,5.9,1.0,1.0,0,1246,0,0
TXN008409,534.67,16,6,clothing,card_present,15.9,8.0,0.0,0.0,1,832,0,0
TXN008410,26.63,16,4,clothing,card_present,11.6,2.4,2.0,2.0,0,3275,1,0
TXN008411,75.38,17,6,restaurant,card_present,13.2,27.8,4.0,0.0,0,3214,0,0
TXN008412,5.98,15,2,grocery,contactless,19.1,3.8,1.0,1.0,1,1966,0,0
TXN008413,15.34,16,0,online,card_present,26.9,6.8,4.0,1.0,1,367,0,0
TXN008414,35.4,22,4,online,contactless,5.8,3.0,5.0,1.0,0,700,1,0
TXN008415,89.71,11,1,online,online,12.9,12.8,1.0,0.0,0,1223,0,0
TXN008416,135.67,13,5,grocery,online,1.3,13.6,1.0,0.0,0,1022,0,0
TXN008417,43.58,10,3,grocery,card_present,15.4,1.2,0.0,0.0,0,145,0,0
TXN008418,161.02,18,0,online,card_present,11.4,1.7,3.0,0.0,0,2065,0,0
TXN008419,34.88,19,3,clothing,online,14.8,11.5,4.0,1.0,0,2439,0,0
TXN008420,62.22,13,5,clothing,card_present,7.3,6.5,4.0,1.0,0,2582,0,0
TXN008421,163.07,8,0,gas,online,2.6,2.4,3.0,1.0,0,1079,0,0
TXN008422,62.83,10,1,travel,card_present,16.7,11.2,1.0,1.0,0,1010,0,0
TXN008423,36.17,21,5,grocery,card_present,14.6,2.6,3.0,1.0,0,3378,0,0
TXN008424,29.12,12,3,gas,card_present,25.5,13.4,7.0,1.0,1,2191,0,0
TXN008425,21.05,19,0,clothing,card_present,3.7,10.0,2.0,1.0,0,3520,0,0
TXN008426,26.81,22,3,restaurant,contactless,31.1,10.1,4.0,1.0,0,2698,0,0
TXN008427,1504.09,4,6,jewelry,card_present,310.4,327.7,8.0,1.0,4,14,1,1
TXN008428,44.81,17,4,grocery,online,9.3,2.8,1.0,0.0,1,2366,0,0
TXN008429,68.51,15,1,gas,contactless,6.0,10.2,3.0,0.0,0,1858,0,0
TXN008430,20.04,20,3,clothing,online,6.6,16.7,3.0,1.0,0,491,0,0
TXN008431,14.4,11,5,electronics,card_present,0.3,0.8,2.0,0.0,0,254,0,0
TXN008432,10.42,6,0,grocery,card_present,30.6,14.2,4.0,3.0,0,386,0,0
TXN008433,15.42,21,2,travel,contactless,9.6,5.7,4.0,3.0,0,3010,0,0
TXN008434,14.53,14,3,gas,contactless,4.0,0.9,6.0,0.0,0,471,0,0
TXN008435,44.28,14,1,gas,card_present,14.7,10.0,5.0,1.0,0,651,0,0
TXN008436,106.31,19,4,electronics,card_present,0.7,0.9,0.0,0.0,1,3620,0,0
TXN008437,202.39,16,6,restaurant,online,20.9,14.4,2.0,2.0,0,1002,0,0
TXN008438,8.06,11,6,travel,online,15.5,8.2,8.0,1.0,0,2410,0,0
TXN008439,65.42,13,3,gas,card_present,18.7,21.3,4.0,0.0,1,3341,0,0
TXN008440,162.19,19,3,online,card_present,1.7,12.4,5.0,1.0,0,56,0,0
TXN008441,253.09,7,6,travel,card_present,7.3,0.2,2.0,2.0,0,1339,0,0
TXN008442,10.84,9,1,travel,card_present,2.3,0.4,3.0,0.0,0,1613,0,0
TXN008443,470.21,20,2,travel,card_present,16.3,7.4,4.0,1.0,0,2079,0,0
TXN008444,66.82,17,0,electronics,contactless,10.6,3.6,2.0,1.0,0,2540,0,0
TXN008445,21.97,11,0,travel,card_present,37.2,3.3,8.0,0.0,0,912,0,0
TXN008446,8.98,22,2,clothing,card_present,16.3,12.6,0.0,0.0,0,3468,1,0
TXN008447,31.86,11,3,grocery,card_present,4.6,2.9,5.0,0.0,0,42,0,0
TXN008448,99.9,6,3,clothing,card_present,17.1,2.9,4.0,1.0,0,1765,0,0
TXN008449,166.11,14,4,restaurant,card_present,2.4,6.2,3.0,0.0,0,2688,0,0
TXN008450,169.97,22,4,clothing,card_present,14.3,1.9,5.0,0.0,0,1304,0,0
TXN008451,22.1,16,6,electronics,card_present,8.2,22.9,4.0,2.0,0,761,0,0
TXN008452,150.3,22,4,clothing,card_present,5.3,2.9,2.0,1.0,0,1206,0,0
TXN008453,19.18,20,4,gas,online,6.2,2.3,2.0,0.0,0,3395,1,0
TXN008454,37.89,6,2,restaurant,card_present,20.9,11.3,1.0,1.0,0,2400,1,0
TXN008455,129.65,15,5,online,card_present,19.1,7.0,3.0,4.0,0,1679,0,0
TXN008456,237.84,19,2,gas,card_present,4.2,22.4,2.0,1.0,0,2380,0,0
TXN008457,97.32,20,5,electronics,online,1.8,5.5,3.0,0.0,0,667,1,0
TXN008458,6.22,18,6,restaurant,card_present,21.4,5.9,2.0,2.0,0,813,0,0
TXN008459,184.68,23,3,jewelry,online,370.0,257.7,8.0,6.0,2,59,1,1
TXN008460,166.88,8,6,electronics,contactless,3.6,15.0,3.0,1.0,0,741,1,0
TXN008461,118.74,11,5,restaurant,card_present,9.6,3.5,3.0,1.0,1,754,0,0
TXN008462,31.17,19,2,gas,online,20.1,5.8,1.0,0.0,0,2514,0,0
TXN008463,187.94,19,0,grocery,online,12.4,10.7,3.0,0.0,0,1121,1,0
TXN008464,2487.84,4,4,online,online,134.8,397.4,9.0,1.0,4,27,1,1
TXN008465,16.59,13,2,electronics,card_present,25.0,14.3,1.0,2.0,0,616,1,0
TXN008466,118.74,20,5,clothing,online,24.7,7.0,1.0,0.0,0,1448,0,0
TXN008467,128.72,17,5,electronics,contactless,5.1,6.2,5.0,0.0,0,1166,0,0
TXN008468,14.35,6,6,online,card_present,12.3,2.6,0.0,1.0,0,1744,1,0
TXN008469,29.04,7,1,travel,card_present,9.9,4.2,6.0,1.0,0,1862,0,0
TXN008470,26.61,6,2,restaurant,online,1.9,3.5,2.0,1.0,0,2894,0,0
TXN008471,103.27,7,2,electronics,online,6.8,1.9,2.0,2.0,0,2268,0,0
TXN008472,31.6,15,3,online,online,26.0,1.8,2.0,0.0,0,3367,0,0
TXN008473,53.12,9,3,clothing,online,22.1,0.4,2.0,1.0,0,3641,0,0
TXN008474,15.52,17,4,gas,contactless,5.5,15.4,0.0,0.0,1,2252,0,0
TXN008475,9.82,14,3,grocery,online,23.6,7.0,2.0,0.0,0,274,1,0
TXN008476,195.91,15,6,grocery,card_present,8.2,6.0,4.0,1.0,0,3358,0,0
TXN008477,41.86,18,5,gas,online,2.7,4.5,2.0,3.0,1,3513,0,0
TXN008478,37.74,20,3,electronics,contactless,13.1,12.1,3.0,1.0,0,1539,1,0
TXN008479,41.02,13,4,electronics,card_present,8.1,2.4,1.0,0.0,1,1068,0,0
TXN008480,183.74,22,4,jewelry,online,60.1,352.0,3.0,7.0,2,47,0,1
TXN008481,218.01,8,3,grocery,card_present,20.3,2.4,1.0,1.0,0,3255,0,0
TXN008482,48.24,19,3,grocery,card_present,30.2,0.0,2.0,2.0,0,2446,0,0
TXN008483,48.85,16,1,restaurant,card_present,12.8,1.1,1.0,1.0,1,1443,0,0
TXN008484,53.44,6,1,electronics,card_present,22.3,0.7,2.0,0.0,1,2005,0,0
TXN008485,26.46,9,5,gas,contactless,3.9,17.1,1.0,0.0,0,2747,0,0
TXN008486,68.84,15,1,restaurant,online,2.2,2.4,4.0,2.0,0,2403,0,0
TXN008487,122.76,9,2,restaurant,card_present,2.8,1.4,3.0,2.0,0,3405,0,0
TXN008488,104.01,11,6,clothing,card_present,23.5,15.8,3.0,1.0,1,928,0,0
TXN008489,61.7,17,1,clothing,contactless,11.6,20.6,4.0,1.0,0,2954,1,0
TXN008490,30.67,11,1,online,card_present,3.7,11.4,5.0,1.0,0,2331,0,0
TXN008491,217.49,20,6,online,card_present,35.6,12.3,2.0,0.0,0,3173,0,0
TXN008492,43.56,17,3,restaurant,card_present,12.2,5.3,8.0,0.0,0,2597,0,0
TXN008493,24.12,15,6,clothing,card_present,2.0,17.9,1.0,0.0,0,1078,0,0
TXN008494,91.27,8,6,grocery,online,35.0,17.1,3.0,1.0,0,1283,0,0
TXN008495,31.39,16,3,clothing,card_present,11.7,2.8,2.0,1.0,0,2523,1,0
TXN008496,96.02,9,1,gas,contactless,7.6,13.2,5.0,1.0,0,2826,0,0
TXN008497,43.1,12,6,travel,card_present,8.9,12.2,6.0,0.0,0,761,1,0
TXN008498,62.74,17,3,online,card_present,9.2,9.7,4.0,1.0,1,1774,0,0
TXN008499,67.93,8,4,travel,card_present,10.0,1.1,5.0,2.0,1,1795,1,0
TXN008500,294.28,14,3,clothing,online,3.5,1.7,2.0,1.0,0,2752,0,0
TXN008501,175.53,9,3,online,contactless,2.4,7.0,3.0,0.0,0,388,0,0
TXN008502,84.12,9,5,travel,card_present,14.3,14.6,4.0,0.0,0,2755,0,0
TXN008503,706.63,7,5,grocery,online,33.0,7.2,4.0,2.0,0,1480,0,0
TXN008504,33.91,17,3,gas,online,3.5,8.1,1.0,1.0,0,3078,1,0
TXN008505,21.77,17,0,clothing,online,9.1,9.2,5.0,2.0,0,2237,0,0
TXN008506,19.84,8,1,electronics,card_present,19.3,6.1,3.0,1.0,0,1112,0,0
TXN008507,185.17,20,5,clothing,contactless,2.1,6.1,5.0,0.0,0,3461,0,0
TXN008508,243.61,12,6,electronics,card_present,26.2,7.4,1.0,1.0,1,2632,0,0
TXN008509,506.02,0,2,travel,online,61.5,250.6,12.0,4.0,2,4,1,1
TXN008510,81.78,13,5,travel,online,1.3,7.3,4.0,2.0,0,997,0,0
TXN008511,63.88,7,0,travel,card_present,16.8,8.1,4.0,1.0,0,1356,1,0
TXN008512,20.6,22,4,restaurant,online,21.2,9.1,2.0,0.0,0,3629,1,0
TXN008513,91.22,15,1,clothing,online,11.7,17.7,4.0,0.0,0,2398,1,0
TXN008514,40.08,22,4,online,contactless,6.1,12.4,0.0,0.0,0,906,0,0
TXN008515,20.04,16,4,online,online,33.8,16.6,6.0,2.0,0,2389,0,0
TXN008516,65.8,17,3,electronics,online,9.6,8.0,1.0,0.0,0,3439,0,0
TXN008517,41.67,7,4,online,online,5.8,6.5,6.0,1.0,0,2764,0,0
TXN008518,63.26,19,2,grocery,contactless,11.0,13.4,4.0,0.0,0,1696,1,0
TXN008519,51.86,17,5,electronics,card_present,3.0,0.8,5.0,1.0,0,1897,0,0
TXN008520,24.03,22,6,travel,online,3.7,3.0,7.0,1.0,0,846,0,0
TXN008521,47.55,6,4,gas,online,15.4,13.5,4.0,0.0,0,3167,0,0
TXN008522,223.94,9,2,grocery,online,31.6,16.2,2.0,2.0,1,1884,0,0
TXN008523,252.87,7,6,grocery,contactless,22.8,7.1,5.0,0.0,0,1803,0,0
TXN008524,385.35,16,3,gas,card_present,32.8,12.1,0.0,3.0,0,438,0,0
TXN008525,207.14,23,5,travel,online,212.2,609.6,8.0,5.0,3,41,1,1
TXN008526,25.64,9,4,electronics,contactless,38.1,2.8,5.0,0.0,0,2389,0,0
TXN008527,15.65,17,3,online,online,1.8,23.5,2.0,2.0,0,2817,1,0
TXN008528,24.22,6,4,gas,contactless,10.2,15.3,4.0,2.0,1,2626,1,0
TXN008529,104.73,21,5,clothing,contactless,25.9,5.1,3.0,0.0,0,3218,0,0
TXN008530,50.68,9,0,electronics,contactless,4.6,3.5,2.0,0.0,0,2455,0,0
TXN008531,123.41,15,3,electronics,card_present,17.2,9.7,5.0,1.0,0,2323,0,0
TXN008532,59.22,15,6,grocery,card_present,3.4,3.5,6.0,2.0,0,2680,0,0
TXN008533,63.58,20,5,electronics,card_present,16.7,4.4,4.0,1.0,0,180,0,0
TXN008534,56.48,8,6,electronics,card_present,37.4,4.0,3.0,0.0,0,1586,0,0
TXN008535,112.68,22,1,travel,card_present,22.1,0.3,3.0,1.0,0,1043,1,0
TXN008536,22.41,6,0,gas,card_present,9.8,7.8,1.0,1.0,0,2752,0,0
TXN008537,82.2,21,6,clothing,card_present,1.4,16.0,2.0,0.0,0,2351,0,0
TXN008538,37.3,9,5,clothing,card_present,36.1,2.1,1.0,1.0,0,2881,0,0
TXN008539,42.68,8,1,online,card_present,2.7,1.6,6.0,1.0,0,2669,0,0
TXN008540,65.44,6,4,electronics,online,15.1,4.1,7.0,0.0,1,1779,0,0
TXN008541,528.84,13,3,grocery,card_present,26.6,6.9,2.0,0.0,0,2120,1,0
TXN008542,732.62,5,1,online,card_present,349.5,102.5,3.0,3.0,2,45,1,1
TXN008543,1136.37,0,1,electronics,online,436.4,489.4,14.0,7.0,2,46,1,1
TXN008544,52.74,17,6,online,contactless,24.9,3.4,4.0,0.0,0,1247,0,0
TXN008545,20.53,12,0,gas,contactless,16.1,6.9,5.0,2.0,0,2084,0,0
TXN008546,16.78,18,1,restaurant,card_present,2.4,10.7,2.0,0.0,1,711,1,0
TXN008547,2301.54,2,4,travel,card_present,608.5,427.7,9.0,5.0,5,45,1,1
TXN008548,40.45,15,6,clothing,card_present,19.6,12.6,2.0,3.0,0,1444,0,0
TXN008549,11.0,8,4,grocery,card_present,7.4,0.4,2.0,0.0,0,2446,0,0
TXN008550,220.45,14,4,gas,card_present,13.0,2.0,5.0,1.0,0,766,0,0
TXN008551,72.51,22,3,restaurant,contactless,17.1,4.6,1.0,0.0,0,3222,0,0
TXN008552,10.72,13,5,grocery,card_present,45.6,4.4,0.0,2.0,1,182,0,0
TXN008553,13.05,6,2,travel,online,9.0,12.8,3.0,0.0,0,580,0,0
TXN008554,59.45,19,2,gas,card_present,1.9,5.9,3.0,1.0,0,2229,0,0
TXN008555,94.09,9,5,online,online,6.1,4.8,2.0,1.0,1,956,0,0
TXN008556,24.39,17,6,online,card_present,14.8,0.5,2.0,2.0,1,1281,0,0
TXN008557,99.3,13,4,electronics,online,13.4,17.3,2.0,1.0,0,1884,1,0
TXN008558,85.43,8,1,electronics,online,10.2,7.0,5.0,0.0,1,2000,0,0
TXN008559,47.29,18,6,clothing,contactless,9.6,7.8,3.0,3.0,0,2825,0,0
TXN008560,114.91,13,4,restaurant,online,3.6,20.7,4.0,2.0,0,2124,0,0
TXN008561,29.21,19,0,gas,card_present,22.3,27.4,2.0,1.0,0,2542,0,0
TXN008562,475.83,21,6,restaurant,online,6.0,13.0,4.0,1.0,0,2239,1,0
TXN008563,58.74,15,6,restaurant,card_present,4.3,4.2,4.0,0.0,0,1594,0,0
TXN008564,85.8,7,1,grocery,card_present,21.8,8.6,3.0,0.0,0,3537,0,0
TXN008565,12.37,20,0,travel,card_present,24.1,1.3,1.0,2.0,0,829,0,0
TXN008566,34.13,13,4,gas,card_present,18.6,11.7,1.0,0.0,1,3261,0,0
TXN008567,55.46,12,0,travel,contactless,28.8,1.3,1.0,0.0,0,2503,0,0
TXN008568,277.18,8,1,gas,online,8.4,7.8,3.0,0.0,0,2588,0,0
TXN008569,56.49,9,6,online,card_present,16.8,0.0,4.0,0.0,0,2022,1,0
TXN008570,738.14,22,1,online,online,13.3,580.0,6.0,6.0,4,22,0,1
TXN008571,36.83,6,5,travel,card_present,4.0,20.4,4.0,0.0,0,1309,0,0
TXN008572,761.81,1,0,electronics,online,23.5,306.9,8.0,6.0,2,21,1,1
TXN008573,67.2,17,3,online,online,27.8,8.4,6.0,2.0,0,1236,0,0
TXN008574,31.33,20,1,restaurant,card_present,9.0,1.3,8.0,0.0,0,3001,0,0
TXN008575,20.66,7,1,electronics,online,10.7,10.8,3.0,2.0,0,203,0,0
TXN008576,76.41,12,5,grocery,online,8.4,7.3,3.0,1.0,0,1687,1,0
TXN008577,6.06,8,6,electronics,card_present,6.3,6.9,3.0,0.0,1,831,0,0
TXN008578,9.08,13,2,electronics,contactless,39.6,14.5,5.0,1.0,0,1363,1,0
TXN008579,75.78,19,2,online,card_present,6.1,7.6,3.0,1.0,0,3098,1,0
TXN008580,22.12,12,3,travel,contactless,8.7,23.4,2.0,2.0,0,599,1,0
TXN008581,38.75,21,1,gas,card_present,7.6,1.3,1.0,1.0,0,3500,0,0
TXN008582,25.38,8,2,electronics,card_present,9.7,10.7,4.0,0.0,0,2052,1,0
TXN008583,42.83,13,2,restaurant,card_present,17.0,11.2,4.0,0.0,0,2875,0,0
TXN008584,43.77,10,0,grocery,card_present,17.8,3.8,2.0,1.0,0,3435,0,0
TXN008585,6.79,19,3,electronics,online,4.9,1.2,1.0,0.0,1,61,1,0
TXN008586,6.85,8,5,restaurant,card_present,1.2,2.5,1.0,0.0,0,66,0,0
TXN008587,216.69,15,2,travel,contactless,12.1,0.4,3.0,1.0,0,2675,0,0
TXN008588,83.06,17,4,clothing,card_present,18.3,4.7,5.0,0.0,0,3199,0,0
TXN008589,10.68,20,2,gas,online,17.4,22.7,5.0,1.0,0,862,0,0
TXN008590,28.5,8,1,travel,card_present,6.4,1.6,3.0,1.0,0,2473,1,0
TXN008591,130.96,23,2,electronics,online,301.7,353.2,5.0,1.0,2,24,0,1
TXN008592,136.5,7,3,restaurant,contactless,29.1,1.6,3.0,1.0,0,3131,1,0
TXN008593,67.81,16,3,restaurant,contactless,46.2,8.7,1.0,2.0,0,3542,0,0
TXN008594,19.56,9,0,travel,card_present,18.5,3.7,1.0,0.0,0,1369,0,0
TXN008595,14.47,11,6,online,card_present,20.3,1.7,6.0,1.0,0,3020,0,0
TXN008596,72.24,10,5,clothing,online,8.4,10.4,2.0,1.0,1,3626,0,0
TXN008597,32.86,17,4,electronics,online,3.6,10.7,1.0,1.0,0,1157,1,0
TXN008598,59.06,21,5,travel,card_present,13.3,19.3,1.0,0.0,0,2711,0,0
TXN008599,36.66,9,3,restaurant,contactless,14.5,2.2,0.0,0.0,1,3486,1,0
TXN008600,10.46,13,1,gas,card_present,17.0,8.6,2.0,0.0,0,1409,0,0
TXN008601,29.16,10,5,gas,card_present,24.7,10.6,1.0,1.0,0,2436,1,0
TXN008602,168.07,15,2,electronics,card_present,3.2,19.3,2.0,3.0,0,720,0,0
TXN008603,24.22,16,4,electronics,card_present,4.3,4.1,0.0,0.0,1,326,0,0
TXN008604,41.48,9,6,grocery,card_present,32.0,5.9,7.0,0.0,0,2757,0,0
TXN008605,8.05,10,6,electronics,card_present,25.8,12.9,2.0,2.0,0,1885,0,0
TXN008606,63.59,22,1,grocery,card_present,1.9,2.6,2.0,2.0,0,1221,0,0
TXN008607,42.93,8,0,electronics,card_present,9.0,18.1,2.0,0.0,0,2284,1,0
TXN008608,114.34,8,2,online,card_present,10.3,6.0,6.0,0.0,1,2764,0,0
TXN008609,51.52,20,2,clothing,online,16.0,6.5,0.0,4.0,0,1075,0,0
TXN008610,13.93,6,4,gas,card_present,1.5,10.7,4.0,1.0,0,3628,0,0
TXN008611,113.8,14,0,clothing,card_present,11.4,11.9,4.0,1.0,0,1755,0,0
TXN008612,55.38,8,6,travel,contactless,21.4,6.9,3.0,1.0,0,3419,0,0
TXN008613,20.53,7,3,restaurant,card_present,14.3,9.6,2.0,1.0,0,3190,0,0
TXN008614,34.27,13,5,travel,contactless,16.5,10.5,2.0,0.0,0,2351,0,0
TXN008615,24.66,16,5,online,contactless,15.7,14.5,3.0,0.0,1,93,0,0
TXN008616,294.1,9,5,travel,contactless,22.5,8.5,3.0,1.0,0,2868,0,0
TXN008617,25.17,21,1,electronics,online,7.4,6.4,3.0,0.0,0,1701,0,0
TXN008618,13.28,8,5,gas,contactless,32.9,4.3,2.0,1.0,0,2219,0,0
TXN008619,107.07,9,3,restaurant,online,26.6,9.5,2.0,0.0,0,1171,0,0
TXN008620,108.52,12,2,electronics,card_present,17.4,4.5,2.0,1.0,1,1029,0,0
TXN008621,29.96,8,0,travel,online,4.1,15.7,3.0,0.0,0,244,0,0
TXN008622,142.07,19,3,grocery,online,2.4,3.2,6.0,0.0,0,1459,0,0
TXN008623,77.0,8,2,online,card_present,16.2,13.1,3.0,2.0,0,686,0,0
TXN008624,291.91,17,0,gas,online,13.3,4.3,3.0,2.0,0,1382,0,0
TXN008625,72.43,15,1,travel,card_present,10.3,20.6,6.0,1.0,0,1202,0,0
TXN008626,64.56,6,0,grocery,card_present,3.5,6.6,1.0,1.0,0,499,0,0
TXN008627,43.73,13,6,electronics,card_present,18.3,2.4,1.0,3.0,1,2749,0,0
TXN008628,103.05,10,1,electronics,card_present,17.5,17.6,3.0,1.0,1,1585,1,0
TXN008629,30.03,10,1,gas,online,12.7,21.1,5.0,0.0,0,157,0,0
TXN008630,41.75,19,4,electronics,online,7.9,15.4,3.0,0.0,0,2896,0,0
TXN008631,71.19,15,6,online,online,11.2,5.1,4.0,2.0,0,1384,0,0
TXN008632,179.37,11,6,electronics,card_present,24.6,11.6,2.0,0.0,0,685,0,0
TXN008633,31.15,21,5,gas,contactless,18.5,0.2,4.0,2.0,0,3378,0,0
TXN008634,78.02,12,4,electronics,online,13.2,18.5,2.0,0.0,0,1259,1,0
TXN008635,41.61,15,0,gas,card_present,1.0,0.1,3.0,3.0,1,1912,0,0
TXN008636,282.42,17,2,travel,contactless,9.6,9.8,2.0,0.0,0,826,0,0
TXN008637,91.95,10,5,travel,card_present,19.5,30.7,4.0,1.0,1,1767,0,0
TXN008638,139.62,14,5,clothing,card_present,10.6,2.6,1.0,1.0,0,1729,0,0
TXN008639,61.78,19,0,restaurant,online,8.0,10.7,2.0,1.0,1,3141,0,0
TXN008640,34.53,18,4,electronics,contactless,3.8,24.7,2.0,1.0,0,1199,0,0
TXN008641,531.56,15,4,online,online,19.1,10.3,1.0,1.0,0,3141,0,0
TXN008642,136.37,12,3,restaurant,online,5.0,3.6,7.0,2.0,0,30,0,0
TXN008643,33.53,14,1,restaurant,contactless,1.4,15.3,3.0,1.0,0,3402,1,0
TXN008644,103.84,9,5,grocery,contactless,0.3,23.7,3.0,2.0,0,735,0,0
TXN008645,15.43,21,1,restaurant,online,16.2,15.5,3.0,1.0,0,2220,0,0
TXN008646,44.29,21,6,electronics,online,10.1,12.1,4.0,2.0,0,734,0,0
TXN008647,37.69,7,1,grocery,card_present,1.2,7.4,3.0,0.0,0,2267,1,0
TXN008648,34.55,9,4,clothing,online,15.4,0.7,1.0,2.0,0,2400,0,0
TXN008649,29.24,13,2,grocery,card_present,8.4,4.5,1.0,1.0,0,1943,0,0
TXN008650,48.97,21,2,grocery,card_present,15.9,28.9,3.0,1.0,0,702,0,0
TXN008651,7.15,9,5,restaurant,online,9.7,7.6,3.0,0.0,0,3288,1,0
TXN008652,82.25,18,6,travel,card_present,18.9,7.9,4.0,1.0,0,1217,0,0
TXN008653,12.58,22,0,grocery,online,22.2,15.0,3.0,1.0,1,2303,0,0
TXN008654,139.48,10,2,electronics,card_present,27.4,4.1,0.0,1.0,0,848,1,0
TXN008655,52.01,22,4,gas,card_present,4.9,4.9,2.0,0.0,0,324,0,0
TXN008656,17.85,9,4,grocery,card_present,37.1,6.6,1.0,1.0,0,1939,0,0
TXN008657,9.53,13,0,online,card_present,12.3,0.7,6.0,1.0,0,3617,0,0
TXN008658,219.25,9,5,restaurant,online,8.4,11.2,6.0,1.0,1,3108,1,0
TXN008659,106.86,11,5,electronics,card_present,5.6,16.6,2.0,3.0,0,2924,0,0
TXN008660,384.87,7,5,travel,card_present,11.1,11.9,4.0,1.0,0,789,0,0
TXN008661,2.94,7,4,online,card_present,10.9,3.2,7.0,1.0,0,3602,0,0
TXN008662,313.09,9,4,clothing,card_present,32.9,2.9,4.0,1.0,0,1355,0,0
TXN008663,89.86,15,6,grocery,card_present,48.5,8.2,5.0,0.0,0,1928,0,0
TXN008664,21.72,14,3,online,card_present,2.5,0.4,1.0,2.0,1,928,1,0
TXN008665,40.03,13,6,electronics,online,25.3,33.6,2.0,1.0,0,1172,1,0
TXN008666,42.23,16,2,electronics,card_present,21.5,10.2,1.0,2.0,1,1514,1,0
TXN008667,53.49,16,3,electronics,online,11.9,17.8,2.0,0.0,0,2680,1,0
TXN008668,91.56,17,1,online,card_present,36.2,14.4,2.0,2.0,0,2137,0,0
TXN008669,181.32,20,1,electronics,contactless,6.0,13.5,2.0,0.0,0,1660,0,0
TXN008670,42.67,6,4,clothing,card_present,2.3,13.0,2.0,1.0,0,2082,0,0
TXN008671,46.1,14,0,gas,card_present,27.5,2.0,4.0,0.0,1,886,0,0
TXN008672,77.29,20,2,gas,card_present,41.4,1.0,4.0,3.0,1,3292,0,0
TXN008673,15.76,10,3,clothing,card_present,12.1,5.5,3.0,0.0,0,2647,0,0
TXN008674,194.78,12,3,clothing,card_present,23.9,20.2,3.0,1.0,0,574,0,0
TXN008675,34.95,16,4,electronics,card_present,26.2,6.0,1.0,1.0,0,1390,0,0
TXN008676,28.74,14,4,online,card_present,8.6,5.6,2.0,1.0,0,2493,0,0
TXN008677,50.29,17,0,grocery,card_present,32.9,8.3,5.0,3.0,1,1152,0,0
TXN008678,125.23,21,5,electronics,contactless,13.6,16.4,0.0,4.0,0,703,1,0
TXN008679,6.65,7,4,online,contactless,8.4,8.8,2.0,1.0,0,3482,1,0
TXN008680,1726.62,5,0,jewelry,online,142.3,772.8,11.0,4.0,5,2,1,1
TXN008681,41.92,21,0,travel,card_present,0.4,11.6,3.0,0.0,1,3283,0,0
TXN008682,55.94,9,5,gas,contactless,10.3,18.2,6.0,0.0,1,1106,0,0
TXN008683,80.53,15,5,travel,online,1.8,5.1,6.0,1.0,0,3317,0,0
TXN008684,107.55,22,4,grocery,contactless,15.5,2.1,3.0,2.0,0,812,1,0
TXN008685,49.11,11,1,electronics,contactless,4.9,6.2,5.0,0.0,0,2307,0,0
TXN008686,20.85,9,0,travel,contactless,8.4,3.3,2.0,2.0,1,1802,0,0
TXN008687,158.65,17,5,online,card_present,7.1,3.8,4.0,0.0,1,3289,0,0
TXN008688,155.6,16,1,online,online,18.6,17.3,3.0,0.0,0,2420,0,0
TXN008689,14.3,8,2,electronics,online,2.1,7.8,2.0,0.0,0,1590,1,0
TXN008690,59.48,22,2,electronics,card_present,37.7,23.4,2.0,3.0,0,1647,0,0
TXN008691,60.81,21,4,restaurant,online,8.6,6.2,1.0,0.0,1,543,0,0
TXN008692,63.89,21,1,restaurant,contactless,44.3,0.5,2.0,1.0,0,755,1,0
TXN008693,25.45,10,6,electronics,online,22.1,0.5,4.0,0.0,0,3586,0,0
TXN008694,6.45,9,3,electronics,online,46.0,6.3,3.0,1.0,1,3283,1,0
TXN008695,90.09,13,2,online,online,21.9,14.5,6.0,0.0,0,1979,0,0
TXN008696,39.05,13,6,electronics,card_present,6.5,5.7,3.0,2.0,0,1693,0,0
TXN008697,55.61,13,0,electronics,contactless,12.3,16.8,5.0,2.0,0,2051,0,0
TXN008698,55.37,19,5,clothing,contactless,1.2,8.5,3.0,1.0,0,2242,0,0
TXN008699,14.16,19,0,clothing,card_present,3.9,13.5,4.0,2.0,0,1780,1,0
TXN008700,39.68,6,4,travel,card_present,13.7,3.3,4.0,3.0,0,924,0,0
TXN008701,124.99,18,4,electronics,card_present,26.5,12.0,7.0,1.0,0,444,1,0
TXN008702,37.88,15,5,gas,card_present,33.1,18.0,3.0,1.0,0,3378,0,0
TXN008703,19.66,20,5,online,contactless,26.6,10.1,2.0,1.0,0,2650,1,0
TXN008704,179.92,16,0,grocery,contactless,18.1,1.8,2.0,0.0,0,1406,0,0
TXN008705,34.97,12,0,travel,online,13.8,13.9,1.0,3.0,0,1139,0,0
TXN008706,229.62,9,4,grocery,card_present,15.9,0.3,3.0,0.0,0,823,0,0
TXN008707,25.7,15,4,electronics,online,0.5,5.7,0.0,1.0,0,1888,0,0
TXN008708,142.36,10,0,clothing,card_present,0.2,3.4,2.0,2.0,0,1424,0,0
TXN008709,9.26,18,4,clothing,card_present,20.8,9.1,6.0,1.0,1,3639,0,0
TXN008710,43.78,16,1,grocery,card_present,1.7,21.9,3.0,0.0,0,1025,1,0
TXN008711,58.46,8,2,restaurant,card_present,36.6,10.7,7.0,1.0,0,2870,0,0
TXN008712,30.51,12,3,grocery,card_present,13.6,13.3,4.0,0.0,0,2316,1,0
TXN008713,18.34,21,5,electronics,online,22.1,8.2,3.0,1.0,0,2036,0,0
TXN008714,31.81,13,2,grocery,card_present,28.6,15.7,4.0,2.0,0,2324,0,0
TXN008715,186.58,10,6,online,online,26.1,3.9,2.0,2.0,0,2232,0,0
TXN008716,68.18,9,1,grocery,contactless,10.9,0.5,3.0,0.0,0,1807,0,0
TXN008717,11.07,20,0,travel,card_present,21.5,2.3,1.0,1.0,0,1486,0,0
TXN008718,147.73,15,4,grocery,card_present,29.7,7.0,4.0,0.0,0,2112,0,0
TXN008719,604.76,17,6,restaurant,online,22.5,13.4,2.0,0.0,0,777,1,0
TXN008720,59.09,20,5,electronics,contactless,15.8,18.3,4.0,0.0,0,559,1,0
TXN008721,128.6,14,1,online,card_present,13.3,1.7,0.0,1.0,0,1004,0,0
TXN008722,66.51,19,6,clothing,card_present,13.2,15.4,7.0,2.0,0,1509,0,0
TXN008723,48.59,11,5,restaurant,contactless,23.3,11.7,2.0,1.0,0,2008,1,0
TXN008724,179.55,13,0,restaurant,card_present,10.9,0.7,6.0,1.0,0,2846,0,0
TXN008725,103.75,12,1,restaurant,online,3.9,10.1,4.0,1.0,1,3232,1,0
TXN008726,63.17,7,2,electronics,card_present,1.2,5.0,3.0,0.0,0,1355,1,0
TXN008727,119.32,18,2,restaurant,online,2.4,17.6,4.0,3.0,1,1834,0,0
TXN008728,33.68,7,6,online,online,12.6,10.3,3.0,1.0,0,786,0,0
TXN008729,90.51,7,5,gas,contactless,8.8,9.4,0.0,1.0,1,3592,1,0
TXN008730,24.18,6,6,travel,card_present,4.6,0.3,3.0,3.0,0,2003,0,0
TXN008731,626.25,11,1,gas,contactless,17.2,6.7,2.0,0.0,0,2274,0,0
TXN008732,124.6,17,6,online,online,9.4,10.1,4.0,0.0,0,3317,1,0
TXN008733,75.35,6,1,grocery,contactless,2.1,14.9,1.0,2.0,1,2557,0,0
TXN008734,109.49,8,6,grocery,card_present,21.5,1.7,5.0,0.0,0,3189,0,0
TXN008735,87.06,10,1,grocery,online,27.3,28.7,2.0,1.0,0,3342,0,0
TXN008736,99.89,7,5,travel,card_present,26.5,0.0,2.0,2.0,1,2779,0,0
TXN008737,37.51,12,6,grocery,contactless,35.9,10.8,3.0,1.0,0,683,0,0
TXN008738,6.82,20,3,grocery,online,1.7,4.4,3.0,2.0,1,3257,0,0
TXN008739,23.94,9,4,gas,online,23.0,9.3,3.0,2.0,0,240,0,0
TXN008740,297.39,20,1,travel,online,0.6,5.7,4.0,2.0,1,272,0,0
TXN008741,22.72,11,5,clothing,contactless,2.6,14.3,5.0,1.0,0,2130,1,0
TXN008742,12.99,12,4,travel,card_present,42.0,7.6,2.0,1.0,0,2844,1,0
TXN008743,63.92,18,3,online,card_present,0.6,17.4,2.0,0.0,0,3515,0,0
TXN008744,87.91,13,5,online,card_present,22.7,8.3,4.0,1.0,0,2974,0,0
TXN008745,399.48,22,1,electronics,card_present,261.9,25.0,15.0,3.0,1,43,0,1
TXN008746,20.21,20,5,gas,contactless,11.4,2.6,1.0,0.0,0,701,0,0
TXN008747,52.07,8,6,gas,online,6.6,5.8,3.0,2.0,0,2508,0,0
TXN008748,24.61,21,0,electronics,card_present,28.6,24.5,3.0,1.0,0,52,0,0
TXN008749,961.41,13,4,online,card_present,14.7,0.1,3.0,2.0,0,110,0,0
TXN008750,363.27,6,1,travel,online,5.0,17.2,5.0,1.0,0,62,0,0
TXN008751,141.42,0,3,electronics,online,178.9,352.0,11.0,3.0,2,50,1,1
TXN008752,78.49,11,5,online,card_present,17.4,9.5,3.0,0.0,0,1019,0,0
TXN008753,159.75,12,0,restaurant,contactless,18.2,12.1,8.0,0.0,0,2888,0,0
TXN008754,50.24,19,4,gas,card_present,10.5,3.1,2.0,0.0,0,1764,0,0
TXN008755,18.19,17,5,gas,card_present,22.0,1.6,2.0,1.0,0,821,0,0
TXN008756,101.33,20,1,clothing,online,13.2,8.9,1.0,1.0,0,2161,0,0
TXN008757,54.95,21,3,gas,online,8.6,4.4,2.0,0.0,0,877,0,0
TXN008758,55.87,8,4,grocery,contactless,8.4,21.6,3.0,1.0,1,3336,0,0
TXN008759,51.0,21,6,grocery,contactless,22.3,5.6,5.0,3.0,1,1952,1,0
TXN008760,72.87,21,1,grocery,online,19.5,4.4,4.0,1.0,0,2281,0,0
TXN008761,11.58,17,0,online,online,20.6,8.6,1.0,2.0,0,905,0,0
TXN008762,21.57,11,4,restaurant,card_present,22.8,17.6,1.0,1.0,1,446,0,0
TXN008763,15.92,11,2,electronics,card_present,30.5,15.6,4.0,1.0,0,2862,0,0
TXN008764,32.2,17,3,restaurant,card_present,8.9,11.9,6.0,1.0,0,3447,0,0
TXN008765,109.42,14,6,restaurant,card_present,11.6,9.1,4.0,0.0,0,554,0,0
TXN008766,46.52,8,2,online,online,29.8,25.7,2.0,2.0,1,466,0,0
TXN008767,60.51,17,0,clothing,contactless,6.9,18.6,7.0,0.0,0,1849,0,0
TXN008768,630.02,19,2,online,contactless,21.3,3.5,7.0,0.0,0,2314,0,0
TXN008769,252.89,1,0,jewelry,card_present,240.2,371.8,8.0,5.0,1,32,1,1
TXN008770,290.01,20,0,online,contactless,12.7,2.6,1.0,0.0,1,1017,0,0
TXN008771,160.27,15,5,online,online,4.4,3.5,4.0,1.0,0,935,0,0
TXN008772,30.37,21,6,grocery,card_present,5.3,4.2,0.0,1.0,0,2924,1,0
TXN008773,14.49,6,2,clothing,card_present,1.7,0.7,0.0,1.0,1,1801,0,0
TXN008774,558.18,11,6,gas,contactless,22.1,5.3,1.0,0.0,0,2700,0,0
TXN008775,16.33,19,5,restaurant,card_present,9.1,27.3,3.0,3.0,0,1783,0,0
TXN008776,76.09,20,0,online,online,7.6,1.5,2.0,1.0,0,1655,1,0
TXN008777,118.91,19,4,restaurant,contactless,17.6,15.1,3.0,0.0,0,1775,0,0
TXN008778,97.72,14,0,gas,contactless,16.6,17.4,3.0,1.0,0,96,0,0
TXN008779,113.21,17,6,online,contactless,11.6,5.9,3.0,0.0,0,3018,0,0
TXN008780,29.64,19,1,online,contactless,10.0,17.3,4.0,0.0,0,3588,0,0
TXN008781,33.12,12,2,clothing,online,25.8,2.7,4.0,2.0,1,2109,0,0
TXN008782,9.2,17,4,clothing,online,19.4,0.4,7.0,0.0,1,2779,0,0
TXN008783,22.23,10,2,grocery,card_present,4.6,11.2,4.0,0.0,0,2221,0,0
TXN008784,110.56,1,5,online,online,138.8,238.7,6.0,5.0,1,48,1,1
TXN008785,208.97,20,4,gas,contactless,38.3,14.7,2.0,0.0,0,391,1,0
TXN008786,81.95,15,1,travel,online,6.0,7.9,7.0,0.0,1,3089,0,0
TXN008787,378.37,21,4,restaurant,online,10.1,7.4,0.0,1.0,0,3484,0,0
TXN008788,26.07,12,4,clothing,card_present,2.0,2.7,4.0,1.0,1,2854,0,0
TXN008789,41.17,15,0,grocery,online,0.3,4.2,3.0,3.0,0,3446,1,0
TXN008790,274.75,9,5,online,card_present,23.2,11.6,2.0,0.0,1,143,0,0
TXN008791,141.62,6,0,online,online,21.0,3.1,4.0,2.0,0,1335,0,0
TXN008792,210.94,3,6,jewelry,online,524.7,296.1,13.0,8.0,4,8,1,1
TXN008793,115.71,21,0,electronics,card_present,11.0,15.0,6.0,2.0,0,590,0,0
TXN008794,114.0,3,6,online,online,193.9,140.7,7.0,5.0,2,42,1,1
TXN008795,66.91,11,0,travel,card_present,12.3,10.2,4.0,1.0,0,1635,0,0
TXN008796,93.72,21,0,clothing,card_present,8.6,9.2,1.0,1.0,0,2899,1,0
TXN008797,108.55,16,5,electronics,card_present,14.7,5.2,4.0,2.0,0,974,0,0
TXN008798,175.84,13,0,online,online,16.9,18.2,2.0,0.0,0,727,1,0
TXN008799,82.99,8,0,restaurant,online,17.7,5.6,2.0,1.0,0,2973,0,0
TXN008800,3.66,13,6,clothing,card_present,19.3,2.0,1.0,1.0,0,2913,1,0
TXN008801,20.55,19,6,travel,card_present,8.6,17.3,1.0,0.0,0,552,1,0
TXN008802,585.6,0,6,online,card_present,353.7,254.1,7.0,5.0,2,46,1,1
TXN008803,82.51,15,4,grocery,online,3.1,4.1,3.0,2.0,0,1837,0,0
TXN008804,9.91,15,5,online,card_present,26.9,5.9,2.0,0.0,0,1237,1,0
TXN008805,54.76,14,1,gas,card_present,31.3,4.8,7.0,0.0,0,916,1,0
TXN008806,571.87,4,4,electronics,online,21.0,243.9,11.0,6.0,2,2,1,1
TXN008807,50.76,8,4,restaurant,online,22.3,1.9,2.0,1.0,0,788,0,0
TXN008808,33.22,19,4,clothing,card_present,7.9,22.7,5.0,0.0,0,2889,0,0
TXN008809,102.34,21,0,grocery,card_present,31.0,7.5,1.0,0.0,0,242,0,0
TXN008810,91.51,8,1,restaurant,card_present,16.6,10.0,4.0,1.0,1,2330,0,0
TXN008811,95.25,17,3,travel,contactless,16.9,9.3,3.0,1.0,0,496,1,0
TXN008812,166.78,8,2,online,contactless,15.8,14.1,6.0,2.0,1,581,0,0
TXN008813,18.2,9,4,grocery,online,2.8,3.3,3.0,0.0,0,1447,0,0
TXN008814,86.3,8,0,electronics,card_present,4.1,7.1,2.0,0.0,0,1768,0,0
TXN008815,44.04,16,4,online,card_present,15.4,11.1,1.0,2.0,0,827,0,0
TXN008816,231.29,18,1,electronics,contactless,21.4,9.4,5.0,0.0,0,2495,0,0
TXN008817,11.41,13,3,online,contactless,1.5,8.3,1.0,0.0,0,3013,0,0
TXN008818,52.68,7,3,gas,card_present,14.0,2.0,4.0,4.0,0,2989,0,0
TXN008819,35.31,7,5,restaurant,card_present,2.9,6.4,5.0,1.0,0,775,1,0
TXN008820,20.7,15,3,restaurant,contactless,11.0,6.3,4.0,2.0,1,677,1,0
TXN008821,373.72,12,1,restaurant,card_present,1.8,17.2,3.0,0.0,1,3364,1,0
TXN008822,20.32,8,3,clothing,card_present,22.5,2.8,7.0,1.0,0,3538,0,0
TXN008823,25.82,19,2,gas,card_present,21.2,13.5,2.0,0.0,0,2133,0,0
TXN008824,18.77,15,3,clothing,card_present,16.5,3.7,2.0,1.0,0,417,0,0
TXN008825,33.81,18,0,travel,card_present,11.2,3.5,5.0,0.0,0,3514,0,0
TXN008826,37.37,22,5,clothing,online,15.4,4.3,0.0,1.0,1,1159,0,0
TXN008827,56.23,16,1,gas,card_present,30.1,7.4,3.0,2.0,0,2075,0,0
TXN008828,88.19,16,2,grocery,card_present,2.9,19.1,3.0,1.0,0,1061,0,0
TXN008829,32.26,9,2,travel,contactless,36.8,7.5,4.0,0.0,0,2597,0,0
TXN008830,609.49,14,0,clothing,online,16.1,12.5,3.0,1.0,0,2832,0,0
TXN008831,37.63,7,5,electronics,card_present,13.5,0.7,4.0,2.0,0,1712,1,0
TXN008832,243.48,14,0,travel,card_present,11.1,4.9,4.0,0.0,0,1709,0,0
TXN008833,68.87,13,3,travel,card_present,10.8,3.1,3.0,2.0,0,1450,0,0
TXN008834,21.0,9,5,gas,card_present,11.2,8.0,4.0,0.0,0,3583,0,0
TXN008835,25.49,21,6,grocery,card_present,23.7,7.8,2.0,3.0,0,1393,0,0
TXN008836,23.61,13,6,electronics,card_present,18.4,6.2,2.0,0.0,0,2785,1,0
TXN008837,48.07,8,2,travel,online,21.0,8.3,2.0,1.0,0,105,0,0
TXN008838,58.88,19,6,restaurant,card_present,21.7,10.1,1.0,1.0,0,1597,1,0
TXN008839,106.44,18,4,gas,card_present,14.6,5.6,4.0,1.0,0,885,1,0
TXN008840,271.97,21,1,electronics,card_present,5.3,26.4,3.0,1.0,0,1908,1,0
TXN008841,38.35,12,3,clothing,online,3.0,9.0,4.0,1.0,1,3538,0,0
TXN008842,33.9,21,3,travel,contactless,0.4,8.4,2.0,1.0,0,2403,0,0
TXN008843,63.36,21,3,gas,online,12.3,10.2,4.0,1.0,0,3110,0,0
TXN008844,252.74,14,6,gas,online,5.9,9.3,5.0,1.0,0,2131,0,0
TXN008845,462.01,12,1,gas,online,15.8,5.2,3.0,1.0,0,531,0,0
TXN008846,51.4,9,3,online,card_present,20.8,9.1,3.0,1.0,0,2126,0,0
TXN008847,242.43,11,4,travel,online,12.9,15.7,2.0,0.0,0,581,1,0
TXN008848,122.69,8,2,clothing,online,2.9,21.2,4.0,2.0,1,3458,0,0
TXN008849,122.53,21,3,restaurant,card_present,21.0,12.4,4.0,0.0,1,124,0,0
TXN008850,5752.26,2,0,travel,online,195.1,409.1,9.0,5.0,4,44,0,1
TXN008851,13.17,20,6,restaurant,card_present,17.4,8.1,3.0,4.0,1,2692,0,0
TXN008852,32.31,9,4,grocery,card_present,6.1,6.3,5.0,0.0,0,893,1,0
TXN008853,59.58,21,4,travel,online,13.3,30.2,3.0,1.0,0,1053,0,0
TXN008854,74.27,12,2,grocery,contactless,14.7,1.9,3.0,0.0,1,2333,0,0
TXN008855,43.45,9,1,electronics,online,16.6,2.4,3.0,0.0,0,1695,0,0
TXN008856,6.75,12,3,electronics,card_present,11.8,7.6,1.0,0.0,0,3485,0,0
TXN008857,23.6,19,6,restaurant,card_present,21.0,18.3,1.0,3.0,0,66,0,0
TXN008858,200.69,22,0,grocery,card_present,8.3,19.2,5.0,1.0,0,1354,1,0
TXN008859,118.08,13,6,electronics,online,20.3,15.0,2.0,2.0,0,3403,0,0
TXN008860,55.61,19,4,restaurant,online,22.8,2.9,3.0,1.0,0,3553,0,0
TXN008861,12.4,14,2,electronics,card_present,12.4,5.3,4.0,0.0,0,2023,0,0
TXN008862,29.0,11,4,electronics,contactless,20.3,15.8,4.0,3.0,0,1921,0,0
TXN008863,26.25,22,0,gas,contactless,3.9,8.8,7.0,1.0,0,440,0,0
TXN008864,95.57,22,2,travel,card_present,19.4,0.4,3.0,2.0,0,2192,0,0
TXN008865,32.79,6,5,restaurant,card_present,4.9,14.5,5.0,2.0,1,2580,0,0
TXN008866,71.53,16,3,restaurant,contactless,20.4,5.0,6.0,3.0,0,1995,0,0
TXN008867,6.03,20,6,clothing,card_present,10.3,3.5,4.0,0.0,0,2261,0,0
TXN008868,162.37,7,2,travel,card_present,13.7,2.2,0.0,1.0,0,1533,1,0
TXN008869,17.22,13,4,travel,card_present,22.5,8.7,4.0,0.0,0,2358,0,0
TXN008870,40.78,18,5,clothing,contactless,0.4,8.5,3.0,1.0,0,3574,1,0
TXN008871,41.57,20,2,travel,card_present,12.0,28.4,4.0,2.0,0,2533,0,0
TXN008872,51.72,3,0,travel,card_present,137.5,144.7,11.0,6.0,1,22,0,1
TXN008873,29.44,10,5,electronics,card_present,6.4,0.7,2.0,0.0,0,2464,0,0
TXN008874,69.66,7,3,clothing,card_present,44.8,15.4,0.0,0.0,0,3230,0,0
TXN008875,45.46,14,5,travel,online,26.1,17.7,4.0,1.0,0,2890,0,0
TXN008876,136.9,6,5,travel,card_present,13.7,3.7,2.0,2.0,0,2101,1,0
TXN008877,81.09,22,4,grocery,card_present,6.0,1.0,1.0,1.0,0,97,0,0
TXN008878,1209.91,12,6,gas,online,43.1,12.9,1.0,1.0,0,368,0,0
TXN008879,57.0,11,4,grocery,online,19.0,17.8,1.0,0.0,0,2796,0,0
TXN008880,7.07,21,5,gas,card_present,41.9,13.5,3.0,0.0,0,2126,0,0
TXN008881,280.55,7,4,travel,online,5.0,1.6,2.0,1.0,0,1544,0,0
TXN008882,35.33,17,1,clothing,online,24.1,0.2,4.0,0.0,0,3190,1,0
TXN008883,3.98,9,5,clothing,online,4.2,11.6,1.0,0.0,1,3291,1,0
TXN008884,171.83,18,4,restaurant,online,3.8,2.9,7.0,0.0,1,3643,1,0
TXN008885,55.68,6,6,clothing,card_present,10.9,23.3,4.0,1.0,0,3262,0,0
TXN008886,22.94,8,3,online,online,14.0,12.3,1.0,1.0,0,3019,0,0
TXN008887,15.51,12,1,gas,online,10.2,1.4,2.0,1.0,1,1779,0,0
TXN008888,147.24,21,1,grocery,card_present,12.6,8.3,5.0,2.0,0,3490,0,0
TXN008889,79.9,12,6,grocery,contactless,10.3,0.2,5.0,2.0,0,3273,0,0
TXN008890,15.09,11,1,electronics,card_present,2.9,23.0,1.0,0.0,0,2611,0,0
TXN008891,93.36,7,5,gas,card_present,4.9,17.6,3.0,0.0,0,3260,0,0
TXN008892,9.21,14,6,grocery,card_present,14.6,0.8,1.0,2.0,0,1789,0,0
TXN008893,184.28,7,3,electronics,online,33.9,5.3,4.0,1.0,0,2065,0,0
TXN008894,33.38,8,5,electronics,online,10.0,17.0,4.0,0.0,0,985,0,0
TXN008895,51.92,22,4,online,contactless,3.3,0.7,2.0,0.0,0,2565,0,0
TXN008896,16.5,22,2,gas,card_present,12.7,3.7,2.0,0.0,0,316,1,0
TXN008897,32.58,17,3,grocery,card_present,7.3,7.9,6.0,1.0,0,2345,0,0
TXN008898,16.67,6,2,grocery,contactless,6.0,15.5,2.0,0.0,0,524,0,0
TXN008899,177.42,22,2,online,contactless,33.5,17.2,0.0,0.0,0,3490,0,0
TXN008900,3369.97,2,3,electronics,online,300.6,87.6,7.0,3.0,3,14,1,1
TXN008901,22.18,10,1,travel,online,9.0,1.7,2.0,1.0,0,3249,1,0
TXN008902,41.95,19,1,clothing,card_present,18.9,8.2,3.0,4.0,0,1152,0,0
TXN008903,260.22,18,5,gas,online,14.9,4.3,3.0,0.0,0,3245,0,0
TXN008904,65.15,12,5,electronics,online,4.6,0.8,3.0,1.0,0,1430,0,0
TXN008905,50.56,4,3,online,card_present,314.6,508.3,8.0,5.0,1,27,1,1
TXN008906,28.45,15,2,grocery,card_present,31.3,10.6,5.0,4.0,1,401,0,0
TXN008907,40.08,20,3,gas,contactless,37.7,4.8,4.0,0.0,0,3553,0,0
TXN008908,35.36,20,5,electronics,online,13.8,11.2,3.0,2.0,0,290,0,0
TXN008909,78.84,20,1,grocery,contactless,1.6,6.3,3.0,2.0,0,1124,0,0
TXN008910,46.43,12,3,travel,online,13.8,9.1,4.0,0.0,1,2921,0,0
TXN008911,128.06,12,3,travel,contactless,15.2,3.6,2.0,1.0,1,1093,0,0
TXN008912,181.75,2,4,jewelry,online,132.5,32.7,6.0,4.0,2,51,1,1
TXN008913,58.89,19,3,grocery,online,1.3,4.6,3.0,2.0,1,2346,0,0
TXN008914,192.33,19,3,clothing,card_present,9.2,6.5,1.0,0.0,0,2349,0,0
TXN008915,58.52,6,1,online,online,21.7,4.0,3.0,1.0,0,1576,0,0
TXN008916,56.38,21,3,clothing,card_present,41.0,23.2,6.0,1.0,0,3287,0,0
TXN008917,106.02,7,5,travel,online,2.4,7.7,5.0,1.0,0,149,0,0
TXN008918,74.22,14,3,online,online,5.8,2.7,3.0,1.0,0,2510,0,0
TXN008919,161.72,21,0,clothing,card_present,9.5,9.9,3.0,1.0,0,2563,0,0
TXN008920,48.05,6,2,restaurant,card_present,0.4,2.3,6.0,0.0,0,797,0,0
TXN008921,39.84,13,0,clothing,card_present,22.2,10.7,4.0,2.0,1,2487,0,0
TXN008922,30.27,10,1,clothing,online,7.8,14.2,3.0,1.0,1,1517,0,0
TXN008923,28.75,19,1,restaurant,contactless,6.5,0.4,4.0,2.0,0,268,1,0
TXN008924,17.59,21,0,restaurant,online,14.8,20.3,8.0,2.0,1,1961,0,0
TXN008925,362.2,14,1,electronics,card_present,27.9,7.1,1.0,0.0,0,1032,0,0
TXN008926,49.44,11,6,gas,card_present,8.4,0.6,1.0,2.0,1,205,0,0
TXN008927,543.97,11,2,online,card_present,13.6,6.6,4.0,0.0,1,788,0,0
TXN008928,15.27,8,1,travel,card_present,39.5,0.6,2.0,1.0,0,1389,0,0
TXN008929,16.02,14,6,gas,card_present,8.9,1.4,1.0,0.0,0,792,0,0
TXN008930,51.58,10,4,travel,card_present,23.9,2.4,7.0,3.0,0,2544,0,0
TXN008931,46.81,17,5,grocery,card_present,21.7,12.4,1.0,1.0,0,2888,0,0
TXN008932,51.55,9,2,gas,card_present,21.4,7.5,4.0,2.0,0,991,0,0
TXN008933,15.71,8,2,gas,online,13.2,6.4,7.0,1.0,0,3373,0,0
TXN008934,32.92,22,6,restaurant,card_present,32.0,4.2,2.0,0.0,0,1657,0,0
TXN008935,466.01,4,5,electronics,online,181.4,15.3,8.0,2.0,1,41,1,1
TXN008936,172.1,8,4,restaurant,card_present,33.5,10.9,6.0,3.0,0,3127,1,0
TXN008937,309.49,18,5,gas,card_present,6.0,4.5,5.0,1.0,0,3223,0,0
TXN008938,58.73,17,1,gas,contactless,20.7,2.3,2.0,3.0,0,1076,1,0
TXN008939,154.48,21,6,clothing,online,31.4,22.1,5.0,0.0,0,1707,0,0
TXN008940,17.91,12,6,gas,contactless,12.8,5.5,4.0,1.0,0,2375,0,0
TXN008941,76.2,12,4,travel,card_present,26.5,4.2,0.0,0.0,0,1797,0,0
TXN008942,76.6,18,3,electronics,card_present,22.1,2.3,2.0,2.0,0,1347,1,0
TXN008943,16.75,19,2,travel,contactless,18.1,15.0,2.0,3.0,0,1035,0,0
TXN008944,5.61,15,6,electronics,card_present,12.9,3.4,3.0,1.0,0,1503,0,0
TXN008945,168.82,13,5,online,online,26.4,10.9,4.0,1.0,0,284,0,0
TXN008946,92.84,14,5,grocery,online,34.0,3.6,1.0,1.0,0,535,0,0
TXN008947,20.0,14,0,grocery,contactless,32.9,9.7,4.0,2.0,0,3227,0,0
TXN008948,63.86,19,1,grocery,online,32.1,22.5,2.0,0.0,1,2139,1,0
TXN008949,55.02,13,5,online,online,39.1,0.1,2.0,1.0,0,3473,1,0
TXN008950,153.09,15,4,clothing,online,9.8,4.2,4.0,2.0,0,1765,0,0
TXN008951,15.56,16,5,restaurant,online,22.3,12.4,4.0,0.0,0,1840,0,0
TXN008952,145.25,17,3,clothing,card_present,21.5,0.6,3.0,0.0,0,3636,1,0
TXN008953,37.61,7,6,grocery,card_present,6.4,3.5,1.0,0.0,1,699,1,0
TXN008954,68.91,18,1,online,online,10.4,4.9,3.0,1.0,0,2462,0,0
TXN008955,50.21,19,6,online,card_present,9.5,0.5,2.0,5.0,0,1977,0,0
TXN008956,14.27,18,1,restaurant,online,14.9,16.0,3.0,0.0,0,3608,0,0
TXN008957,482.3,7,1,gas,card_present,5.9,9.0,3.0,0.0,0,3185,1,0
TXN008958,34.86,20,2,restaurant,card_present,15.3,15.2,2.0,1.0,0,541,0,0
TXN008959,42.17,6,6,gas,online,11.3,29.6,1.0,1.0,1,1167,0,0
TXN008960,266.96,22,4,jewelry,card_present,204.3,329.5,8.0,5.0,3,31,1,1
TXN008961,18.74,19,6,grocery,contactless,26.7,0.2,5.0,0.0,1,2966,0,0
TXN008962,329.8,18,1,gas,card_present,23.5,2.0,4.0,1.0,0,3577,0,0
TXN008963,36.2,11,1,restaurant,card_present,7.9,2.8,1.0,0.0,0,2859,0,0
TXN008964,29.17,19,1,online,online,19.5,0.4,6.0,1.0,0,1686,0,0
TXN008965,30.49,20,0,clothing,online,1.8,8.9,3.0,1.0,0,2791,0,0
TXN008966,30.72,23,0,travel,card_present,298.8,497.7,7.0,3.0,4,14,1,1
TXN008967,25.64,14,5,clothing,online,1.8,7.5,3.0,2.0,1,1336,0,0
TXN008968,11.57,8,5,electronics,card_present,28.8,6.7,3.0,1.0,0,3397,1,0
TXN008969,177.71,11,2,online,contactless,15.4,17.6,1.0,0.0,0,450,0,0
TXN008970,132.32,13,6,gas,card_present,0.6,2.5,3.0,2.0,0,3476,1,0
TXN008971,34.81,8,0,online,card_present,5.4,5.8,0.0,0.0,0,663,0,0
TXN008972,46.86,8,5,travel,online,4.2,10.7,4.0,3.0,0,1015,0,0
TXN008973,77.64,11,4,gas,contactless,19.8,1.6,4.0,3.0,0,2604,0,0
TXN008974,65.56,17,5,gas,card_present,11.0,0.6,4.0,2.0,0,417,0,0
TXN008975,400.42,8,2,gas,card_present,19.4,6.9,1.0,1.0,0,1909,1,0
TXN008976,203.35,19,6,restaurant,card_present,10.8,9.0,1.0,1.0,0,3307,0,0
TXN008977,191.6,14,4,electronics,online,3.1,12.1,2.0,2.0,1,819,0,0
TXN008978,42.55,22,4,grocery,online,19.0,5.0,4.0,0.0,0,1576,0,0
TXN008979,44.67,20,1,online,card_present,27.4,0.2,2.0,0.0,0,1340,0,0
TXN008980,217.72,17,5,grocery,online,1.5,7.2,4.0,1.0,0,1216,0,0
TXN008981,233.37,8,3,restaurant,online,12.6,14.3,3.0,1.0,0,2547,0,0
TXN008982,109.8,12,4,clothing,card_present,15.7,7.5,2.0,0.0,0,2515,0,0
TXN008983,111.16,15,6,online,contactless,24.8,3.1,3.0,1.0,1,626,0,0
TXN008984,92.04,15,1,electronics,contactless,4.5,10.8,3.0,1.0,0,2040,0,0
TXN008985,313.61,7,3,electronics,card_present,42.6,8.8,4.0,0.0,0,2518,0,0
TXN008986,27.76,18,0,gas,card_present,4.5,5.7,3.0,2.0,0,1974,0,0
TXN008987,12.28,21,2,clothing,online,2.1,15.6,3.0,1.0,0,3502,0,0
TXN008988,13.47,21,1,travel,card_present,22.5,6.3,4.0,2.0,0,1871,0,0
TXN008989,196.55,8,4,restaurant,card_present,13.9,14.7,5.0,1.0,0,824,0,0
TXN008990,326.5,23,1,jewelry,online,343.6,483.3,10.0,7.0,4,40,1,1
TXN008991,187.43,15,3,restaurant,online,4.9,19.4,2.0,2.0,1,2747,0,0
TXN008992,28.83,8,3,travel,online,3.2,1.9,2.0,0.0,0,3407,1,0
TXN008993,75.25,14,4,restaurant,contactless,13.7,2.0,4.0,0.0,0,964,0,0
TXN008994,72.15,19,6,electronics,contactless,2.4,7.5,7.0,0.0,0,2080,0,0
TXN008995,121.56,10,0,electronics,card_present,1.6,9.5,1.0,2.0,0,1166,0,0
TXN008996,56.86,22,1,grocery,online,32.2,21.7,2.0,0.0,0,979,1,0
TXN008997,50.35,16,3,grocery,card_present,19.0,22.5,0.0,2.0,0,1921,1,0
TXN008998,41.86,19,5,clothing,card_present,19.8,10.5,4.0,1.0,1,2403,0,0
TXN008999,23.95,16,6,clothing,card_present,10.0,19.4,4.0,0.0,1,931,1,0
TXN009000,60.83,21,5,electronics,online,10.3,8.2,4.0,1.0,0,3523,0,0
TXN009001,25.31,9,0,online,contactless,35.7,13.6,1.0,2.0,0,2931,1,0
TXN009002,55.48,0,6,electronics,online,434.7,339.2,4.0,4.0,2,47,1,1
TXN009003,140.82,17,6,restaurant,contactless,17.6,6.1,4.0,1.0,1,913,1,0
TXN009004,20.35,19,0,electronics,contactless,4.3,15.0,4.0,0.0,0,178,0,0
TXN009005,32.77,9,2,grocery,card_present,29.3,16.6,4.0,0.0,0,1846,0,0
TXN009006,160.78,8,3,grocery,card_present,6.9,7.9,5.0,0.0,1,2243,0,0
TXN009007,23.09,10,4,grocery,online,36.0,17.3,3.0,3.0,0,559,0,0
TXN009008,150.75,12,3,travel,online,13.7,6.4,3.0,1.0,0,49,0,0
TXN009009,269.72,7,1,electronics,contactless,3.4,25.8,2.0,0.0,0,1824,1,0
TXN009010,121.25,21,0,grocery,contactless,30.8,11.4,1.0,1.0,0,2439,0,0
TXN009011,16.74,21,0,grocery,online,18.0,8.8,3.0,0.0,0,2806,0,0
TXN009012,51.37,6,5,gas,online,22.3,11.7,0.0,3.0,0,542,0,0
TXN009013,38.63,14,5,grocery,contactless,28.9,14.2,2.0,1.0,0,1259,0,0
TXN009014,203.18,7,2,electronics,card_present,20.1,13.6,4.0,3.0,0,301,0,0
TXN009015,38.42,8,2,online,card_present,16.3,8.1,4.0,1.0,0,3289,0,0
TXN009016,191.39,16,3,clothing,card_present,10.0,7.0,5.0,0.0,0,2890,0,0
TXN009017,63.14,17,2,clothing,card_present,8.3,1.2,3.0,0.0,0,2488,0,0
TXN009018,31.01,13,0,travel,contactless,15.8,7.3,2.0,0.0,0,134,0,0
TXN009019,13.15,22,3,electronics,online,3.1,18.1,4.0,2.0,0,2340,0,0
TXN009020,148.5,13,2,online,card_present,6.7,14.0,3.0,3.0,0,3263,1,0
TXN009021,55.87,20,4,grocery,card_present,1.2,5.6,7.0,0.0,0,416,0,0
TXN009022,6.77,15,0,travel,online,29.3,10.4,3.0,1.0,0,918,0,0
TXN009023,4.53,17,6,clothing,online,13.0,10.3,0.0,3.0,1,3035,0,0
TXN009024,83.79,21,5,travel,card_present,29.6,6.6,3.0,0.0,0,1729,0,0
TXN009025,67.21,21,2,electronics,card_present,4.9,6.0,3.0,2.0,0,1943,0,0
TXN009026,145.16,7,6,gas,card_present,52.3,2.3,3.0,0.0,0,1154,0,0
TXN009027,469.18,5,2,online,online,165.9,261.3,3.0,6.0,5,52,0,1
TXN009028,46.52,6,2,grocery,online,19.7,12.6,2.0,2.0,0,3438,0,0
TXN009029,67.5,10,5,gas,online,13.9,5.8,6.0,1.0,0,1022,0,0
TXN009030,81.49,12,1,travel,card_present,17.0,13.4,6.0,0.0,1,3054,0,0
TXN009031,85.64,14,4,clothing,contactless,13.1,2.5,2.0,1.0,0,2773,0,0
TXN009032,863.52,23,5,jewelry,online,99.6,196.7,5.0,7.0,5,11,1,1
TXN009033,59.21,13,2,travel,card_present,24.5,1.1,3.0,0.0,1,997,0,0
TXN009034,39.74,6,4,gas,online,10.5,1.8,2.0,2.0,0,1735,0,0
TXN009035,8.88,20,3,travel,card_present,15.3,1.4,1.0,0.0,0,277,0,0
TXN009036,384.93,9,1,electronics,contactless,25.4,2.3,3.0,0.0,0,3136,0,0
TXN009037,20.28,12,3,online,online,11.9,3.3,3.0,2.0,0,2239,1,0
TXN009038,425.74,12,2,restaurant,online,18.2,5.8,3.0,0.0,1,3466,0,0
TXN009039,141.18,14,4,electronics,card_present,2.2,5.6,3.0,2.0,0,1672,0,0
TXN009040,33.2,17,1,travel,card_present,6.4,3.8,1.0,1.0,0,1837,0,0
TXN009041,3.85,12,0,travel,online,10.2,4.5,1.0,1.0,0,2086,0,0
TXN009042,349.92,15,1,travel,card_present,0.5,0.5,2.0,0.0,1,401,1,0
TXN009043,32.37,13,1,electronics,card_present,30.6,5.4,2.0,1.0,0,1768,0,0
TXN009044,61.19,17,5,online,card_present,4.8,2.0,1.0,2.0,0,1445,0,0
TXN009045,54.4,14,3,restaurant,card_present,5.4,2.0,4.0,1.0,0,3469,1,0
TXN009046,740.15,9,6,clothing,online,16.7,7.3,5.0,1.0,0,3470,0,0
TXN009047,108.82,17,6,gas,card_present,7.5,2.6,2.0,2.0,0,2175,0,0
TXN009048,140.18,11,5,grocery,contactless,7.4,1.5,2.0,2.0,0,782,0,0
TXN009049,68.86,9,3,gas,online,20.3,5.3,1.0,2.0,0,1893,0,0
TXN009050,153.22,21,2,restaurant,contactless,10.7,15.5,5.0,0.0,0,2949,0,0
TXN009051,170.03,16,3,electronics,card_present,31.1,19.0,3.0,0.0,1,2533,1,0
TXN009052,109.72,10,2,online,card_present,5.4,18.3,8.0,2.0,1,2881,0,0
TXN009053,43.44,12,0,grocery,card_present,8.5,1.6,5.0,0.0,1,1352,0,0
TXN009054,15.23,11,5,electronics,card_present,18.9,15.6,0.0,0.0,0,189,0,0
TXN009055,52.39,9,0,restaurant,contactless,3.7,8.6,5.0,0.0,0,3247,0,0
TXN009056,19.91,12,6,gas,card_present,16.3,31.2,2.0,0.0,1,216,0,0
TXN009057,36.89,22,3,clothing,online,10.9,8.4,2.0,1.0,0,2087,0,0
TXN009058,91.83,22,3,electronics,online,1.7,0.2,2.0,1.0,0,1825,0,0
TXN009059,60.55,11,0,grocery,online,2.9,10.9,6.0,0.0,1,3118,0,0
TXN009060,6.48,22,2,grocery,online,23.0,23.0,0.0,1.0,0,1102,0,0
TXN009061,31.55,14,1,grocery,contactless,2.3,2.1,5.0,1.0,1,1676,0,0
TXN009062,152.5,22,5,electronics,online,19.3,15.7,3.0,0.0,0,3029,1,0
TXN009063,119.03,9,3,grocery,card_present,20.2,4.9,1.0,0.0,0,2553,0,0
TXN009064,28.71,7,1,grocery,online,3.9,17.2,3.0,1.0,0,2865,0,0
TXN009065,12.19,9,0,gas,contactless,4.7,12.2,0.0,1.0,0,1804,0,0
TXN009066,254.02,16,1,online,contactless,31.6,10.1,3.0,2.0,0,2511,0,0
TXN009067,177.37,20,3,gas,card_present,9.5,1.3,5.0,2.0,0,1646,0,0
TXN009068,7.65,11,5,restaurant,card_present,9.8,8.9,6.0,2.0,0,3293,1,0
TXN009069,10.36,9,3,gas,card_present,9.2,0.2,7.0,0.0,0,1505,0,0
TXN009070,230.89,17,2,online,online,4.5,4.3,3.0,1.0,0,802,0,0
TXN009071,24.91,12,2,travel,card_present,7.4,1.6,4.0,1.0,0,2378,1,0
TXN009072,11.42,20,2,gas,online,14.9,8.1,5.0,1.0,1,1510,1,0
TXN009073,51.02,9,1,electronics,contactless,9.3,7.6,4.0,1.0,1,3604,0,0
TXN009074,90.08,15,4,gas,card_present,6.0,3.0,0.0,2.0,1,1537,0,0
TXN009075,42.9,20,2,online,card_present,10.7,12.2,2.0,3.0,0,1968,0,0
TXN009076,164.93,11,3,grocery,online,2.4,5.9,4.0,0.0,0,875,0,0
TXN009077,20.98,21,4,travel,card_present,3.3,4.1,2.0,2.0,1,982,0,0
TXN009078,58.41,11,2,travel,online,15.5,24.0,4.0,0.0,0,571,0,0
TXN009079,62.36,22,4,electronics,card_present,6.0,10.5,5.0,2.0,0,1918,0,0
TXN009080,121.34,16,1,online,card_present,3.8,7.1,3.0,0.0,0,3159,0,0
TXN009081,44.47,6,3,gas,card_present,8.3,14.5,5.0,1.0,1,2523,1,0
TXN009082,9.51,13,0,restaurant,card_present,7.6,12.2,4.0,1.0,0,1911,0,0
TXN009083,55.72,19,6,electronics,card_present,25.0,6.7,5.0,1.0,0,276,0,0
TXN009084,33.65,13,1,travel,contactless,30.6,10.9,3.0,0.0,0,2465,0,0
TXN009085,109.03,9,6,online,card_present,21.6,7.7,3.0,2.0,0,580,0,0
TXN009086,48.31,10,0,restaurant,contactless,7.2,0.9,3.0,3.0,0,2216,0,0
TXN009087,61.7,11,1,gas,online,17.4,2.6,2.0,3.0,1,2512,0,0
TXN009088,39.69,11,0,gas,card_present,8.9,3.3,2.0,0.0,0,71,0,0
TXN009089,15.59,18,2,clothing,card_present,18.0,6.9,4.0,1.0,0,1498,0,0
TXN009090,98.85,20,4,gas,contactless,5.3,4.2,4.0,1.0,0,3572,0,0
TXN009091,32.53,12,1,online,card_present,0.4,8.2,3.0,1.0,0,3118,0,0
TXN009092,71.15,14,2,online,online,6.4,10.1,4.0,0.0,0,746,0,0
TXN009093,22.6,18,3,clothing,card_present,17.5,13.3,2.0,1.0,0,2583,0,0
TXN009094,3.19,16,0,gas,online,10.0,2.9,4.0,1.0,0,1272,0,0
TXN009095,68.98,20,1,electronics,card_present,23.2,15.8,4.0,0.0,0,3488,0,0
TXN009096,413.36,20,0,clothing,card_present,25.3,2.4,6.0,0.0,0,886,0,0
TXN009097,90.0,22,3,grocery,online,6.3,0.0,2.0,1.0,0,2238,0,0
TXN009098,11.04,12,1,gas,card_present,10.4,0.1,1.0,1.0,0,2177,0,0
TXN009099,104.83,6,0,electronics,card_present,3.6,0.4,4.0,1.0,1,3059,0,0
TXN009100,153.53,10,3,online,online,0.1,10.6,5.0,1.0,0,2237,0,0
TXN009101,267.84,11,0,clothing,contactless,13.8,6.6,2.0,0.0,0,2698,0,0
TXN009102,110.75,6,5,gas,card_present,24.0,1.1,0.0,2.0,1,997,0,0
TXN009103,46.5,19,6,grocery,online,38.2,9.3,3.0,0.0,0,987,0,0
TXN009104,142.64,6,0,online,online,0.9,0.3,3.0,0.0,0,650,0,0
TXN009105,60.45,18,1,grocery,online,16.2,16.2,5.0,3.0,0,234,1,0
TXN009106,17.82,21,2,gas,card_present,20.4,1.9,6.0,1.0,0,3544,1,0
TXN009107,116.39,19,5,restaurant,online,11.5,4.2,4.0,1.0,1,1186,0,0
TXN009108,83.07,22,2,electronics,online,15.5,20.6,5.0,1.0,0,1974,1,0
TXN009109,52.94,13,5,gas,card_present,28.7,1.2,4.0,1.0,0,2437,1,0
TXN009110,40.49,13,3,electronics,online,14.6,5.5,0.0,1.0,0,3190,0,0
TXN009111,55.25,21,6,electronics,card_present,29.8,7.3,2.0,1.0,1,3580,0,0
TXN009112,40.96,18,5,restaurant,card_present,10.7,13.2,2.0,2.0,0,1110,1,0
TXN009113,46.6,15,5,restaurant,card_present,43.1,4.9,5.0,1.0,1,568,1,0
TXN009114,93.16,18,1,electronics,card_present,14.3,5.4,7.0,0.0,0,2787,0,0
TXN009115,76.06,10,5,clothing,card_present,0.4,7.3,2.0,0.0,1,2682,0,0
TXN009116,86.17,17,1,travel,card_present,7.6,0.5,5.0,3.0,1,1805,0,0
TXN009117,244.21,10,3,clothing,card_present,14.5,9.4,4.0,0.0,0,1457,0,0
TXN009118,39.38,21,3,clothing,contactless,2.7,21.3,5.0,3.0,0,2020,0,0
TXN009119,56.0,21,0,restaurant,online,10.4,8.6,6.0,1.0,0,3408,0,0
TXN009120,24.46,21,5,gas,contactless,10.1,23.9,3.0,1.0,0,2829,0,0
TXN009121,104.02,9,0,grocery,card_present,34.4,14.8,2.0,1.0,0,2025,0,0
TXN009122,19.81,10,0,travel,card_present,15.8,15.9,1.0,0.0,1,3105,0,0
TXN009123,120.39,13,6,gas,online,22.9,2.3,2.0,0.0,0,587,0,0
TXN009124,159.42,18,1,restaurant,online,8.0,16.4,7.0,0.0,0,2020,0,0
TXN009125,36.14,12,2,electronics,card_present,9.0,15.4,7.0,3.0,0,3488,0,0
TXN009126,244.06,6,1,clothing,online,41.4,13.3,1.0,1.0,0,1432,0,0
TXN009127,92.53,19,3,online,contactless,25.7,10.4,1.0,3.0,0,2619,0,0
TXN009128,16.54,13,0,restaurant,contactless,8.1,11.1,2.0,1.0,0,91,0,0
TXN009129,102.92,12,5,online,online,8.9,4.9,3.0,0.0,0,1325,0,0
TXN009130,33.69,16,5,clothing,card_present,29.2,2.2,2.0,1.0,1,2231,0,0
TXN009131,69.28,10,4,travel,contactless,2.5,10.2,1.0,0.0,0,2524,0,0
TXN009132,39.37,6,3,online,card_present,9.8,1.7,3.0,1.0,0,1306,0,0
TXN009133,77.59,18,0,gas,card_present,11.7,9.4,2.0,1.0,1,3071,0,0
TXN009134,51.81,19,6,travel,online,3.6,10.0,3.0,1.0,0,366,0,0
TXN009135,4.39,12,4,electronics,online,24.8,13.4,2.0,0.0,0,1458,0,0
TXN009136,84.52,13,0,clothing,online,20.0,0.7,0.0,1.0,0,696,0,0
TXN009137,69.26,18,1,clothing,contactless,23.9,21.7,4.0,0.0,0,2667,0,0
TXN009138,172.16,13,3,online,card_present,7.4,0.9,3.0,1.0,0,3331,0,0
TXN009139,213.44,15,6,online,online,3.0,2.9,3.0,1.0,0,226,0,0
TXN009140,127.86,15,0,grocery,online,3.3,15.7,1.0,0.0,0,3529,0,0
TXN009141,16.7,23,2,online,online,186.2,424.3,5.0,3.0,2,51,1,1
TXN009142,42.65,14,1,restaurant,contactless,3.4,2.5,3.0,1.0,0,1081,1,0
TXN009143,123.99,16,0,gas,contactless,9.6,2.9,2.0,2.0,0,3374,0,0
TXN009144,21.61,21,4,electronics,card_present,38.3,3.3,6.0,2.0,0,1383,0,0
TXN009145,12.17,7,3,travel,card_present,14.2,8.0,6.0,1.0,0,3307,0,0
TXN009146,196.61,9,5,gas,online,28.1,10.4,4.0,0.0,1,137,1,0
TXN009147,20.18,15,1,gas,online,5.5,18.6,3.0,0.0,0,802,0,0
TXN009148,330.47,20,3,online,card_present,0.6,23.6,2.0,0.0,0,1862,0,0
TXN009149,53.39,17,5,travel,contactless,15.6,3.1,3.0,1.0,1,3474,0,0
TXN009150,11.44,8,0,travel,card_present,24.1,4.7,4.0,0.0,0,2508,1,0
TXN009151,29.35,11,3,grocery,contactless,28.2,12.6,3.0,1.0,0,1461,1,0
TXN009152,49.47,12,0,travel,card_present,17.0,10.8,2.0,2.0,0,2914,0,0
TXN009153,4.54,18,6,gas,card_present,34.3,14.2,4.0,1.0,0,837,0,0
TXN009154,30.74,20,5,clothing,card_present,0.2,2.9,1.0,1.0,1,1039,0,0
TXN009155,151.25,16,2,clothing,card_present,4.8,5.1,2.0,1.0,0,2828,0,0
TXN009156,23.18,6,1,electronics,card_present,17.5,6.8,4.0,2.0,0,3092,0,0
TXN009157,34.06,6,1,gas,contactless,31.0,1.3,4.0,3.0,0,3451,0,0
TXN009158,84.23,11,2,grocery,online,1.6,13.6,1.0,0.0,0,3221,0,0
TXN009159,28.12,6,1,gas,contactless,30.0,4.2,2.0,0.0,0,3256,0,0
TXN009160,36.43,22,5,restaurant,online,24.3,5.2,1.0,1.0,0,992,0,0
TXN009161,72.91,19,5,clothing,online,5.8,16.9,3.0,0.0,0,2789,0,0
TXN009162,100.04,12,3,gas,card_present,6.3,15.0,2.0,3.0,0,121,0,0
TXN009163,19.19,18,5,restaurant,card_present,29.8,1.4,1.0,1.0,0,3450,0,0
TXN009164,8.33,14,5,clothing,card_present,2.7,18.7,8.0,0.0,1,1406,0,0
TXN009165,16.97,19,3,clothing,contactless,25.4,11.2,4.0,2.0,0,1931,0,0
TXN009166,14.16,16,0,travel,card_present,3.9,15.8,1.0,1.0,0,2230,0,0
TXN009167,127.88,11,1,restaurant,card_present,12.3,6.9,2.0,1.0,1,239,0,0
TXN009168,148.15,20,0,clothing,online,18.4,12.5,5.0,2.0,0,3167,0,0
TXN009169,61.95,13,3,travel,online,21.2,0.8,3.0,0.0,0,1103,0,0
TXN009170,122.56,16,6,electronics,card_present,22.3,1.9,2.0,0.0,0,1030,1,0
TXN009171,43.2,8,1,electronics,contactless,4.6,4.8,0.0,2.0,0,3553,1,0
TXN009172,9.96,20,0,clothing,card_present,22.5,2.1,1.0,2.0,1,1881,0,0
TXN009173,93.69,6,4,clothing,card_present,16.7,11.1,2.0,1.0,0,3329,1,0
TXN009174,25.47,16,3,gas,card_present,4.1,8.9,3.0,2.0,0,3337,1,0
TXN009175,9.59,18,4,restaurant,contactless,42.6,17.0,6.0,2.0,1,3618,0,0
TXN009176,188.19,14,0,restaurant,card_present,9.4,12.4,5.0,1.0,0,2972,0,0
TXN009177,40.93,16,4,online,contactless,7.8,8.8,0.0,4.0,1,1344,0,0
TXN009178,48.32,14,4,gas,contactless,22.6,6.8,3.0,1.0,0,720,0,0
TXN009179,83.46,13,5,grocery,card_present,4.0,12.2,4.0,0.0,0,535,0,0
TXN009180,13.43,7,0,grocery,card_present,8.1,4.8,3.0,0.0,0,3368,0,0
TXN009181,72.39,18,5,travel,card_present,6.9,9.7,3.0,1.0,0,871,0,0
TXN009182,21.33,13,2,online,card_present,0.8,11.0,1.0,2.0,1,2351,0,0
TXN009183,21.05,11,2,grocery,card_present,13.5,1.2,0.0,0.0,0,2604,0,0
TXN009184,40.32,6,2,restaurant,card_present,20.5,7.9,3.0,1.0,0,1390,0,0
TXN009185,59.0,16,2,clothing,contactless,8.0,8.3,2.0,3.0,0,2061,0,0
TXN009186,23.18,14,3,online,contactless,29.9,5.8,1.0,0.0,0,3312,0,0
TXN009187,204.49,4,3,online,online,76.0,508.7,4.0,5.0,1,46,1,1
TXN009188,114.68,19,5,gas,contactless,16.5,0.1,2.0,0.0,0,78,0,0
TXN009189,36.7,6,2,clothing,online,12.5,18.3,6.0,1.0,0,3633,0,0
TXN009190,128.25,11,4,clothing,contactless,2.2,2.8,2.0,0.0,0,1080,0,0
TXN009191,24.88,16,0,online,card_present,16.7,3.0,2.0,1.0,1,3009,0,0
TXN009192,1028.04,11,3,online,contactless,26.5,3.8,3.0,2.0,1,2121,1,0
TXN009193,1861.35,9,6,clothing,online,14.1,31.5,4.0,0.0,0,1744,1,0
TXN009194,85.19,14,2,online,online,16.7,11.1,2.0,2.0,0,553,0,0
TXN009195,89.48,10,0,clothing,card_present,29.5,6.6,7.0,2.0,1,1086,0,0
TXN009196,45.25,10,0,gas,card_present,7.5,0.9,1.0,0.0,0,809,0,0
TXN009197,57.14,11,2,restaurant,contactless,12.4,15.9,4.0,1.0,0,887,0,0
TXN009198,39.52,18,2,clothing,contactless,20.1,17.4,3.0,1.0,1,2066,0,0
TXN009199,17.66,19,3,clothing,card_present,4.3,25.1,4.0,1.0,1,3078,0,0
TXN009200,46.43,21,0,travel,card_present,5.5,6.8,3.0,0.0,0,1624,0,0
TXN009201,20.63,12,3,grocery,card_present,2.0,0.7,5.0,2.0,1,2566,1,0
TXN009202,232.48,6,4,online,online,26.3,1.4,1.0,3.0,0,3411,0,0
TXN009203,80.35,6,0,grocery,card_present,6.9,9.0,1.0,1.0,1,2192,1,0
TXN009204,488.07,11,5,clothing,card_present,30.8,4.5,6.0,2.0,1,103,1,0
TXN009205,59.7,16,5,travel,card_present,32.0,14.2,3.0,0.0,0,2038,1,0
TXN009206,29.03,11,5,travel,card_present,8.6,28.0,2.0,1.0,0,562,0,0
TXN009207,136.88,9,0,electronics,card_present,25.3,11.2,3.0,2.0,0,2876,0,0
TXN009208,168.02,11,4,clothing,card_present,13.3,16.4,5.0,1.0,0,1165,0,0
TXN009209,97.89,17,6,electronics,online,6.5,1.8,3.0,1.0,0,1024,1,0
TXN009210,93.33,22,6,travel,card_present,82.8,308.0,12.0,4.0,3,23,1,1
TXN009211,52.18,11,6,electronics,card_present,5.9,8.4,2.0,0.0,0,2383,0,0
TXN009212,32.97,7,1,restaurant,online,24.3,0.2,2.0,3.0,0,1976,0,0
TXN009213,51.59,9,2,electronics,card_present,20.8,5.3,5.0,1.0,0,3161,0,0
TXN009214,35.71,18,3,gas,card_present,6.9,3.3,1.0,1.0,0,1514,0,0
TXN009215,26.34,14,0,electronics,card_present,6.2,5.9,3.0,1.0,0,657,1,0
TXN009216,139.4,9,2,restaurant,card_present,9.6,4.4,2.0,0.0,0,2418,0,0
TXN009217,40.85,7,3,grocery,card_present,19.8,21.8,2.0,0.0,0,2013,1,0
TXN009218,278.24,21,0,electronics,contactless,13.3,21.8,4.0,1.0,0,600,0,0
TXN009219,70.99,11,4,clothing,card_present,10.7,6.0,1.0,0.0,0,861,0,0
TXN009220,72.26,7,6,grocery,card_present,23.9,2.1,7.0,1.0,1,930,0,0
TXN009221,28.92,18,2,gas,contactless,2.6,19.1,2.0,1.0,0,1527,0,0
TXN009222,194.14,7,2,gas,contactless,0.1,3.8,4.0,2.0,0,642,0,0
TXN009223,9.15,16,6,grocery,contactless,40.1,3.4,1.0,0.0,0,1885,0,0
TXN009224,34.94,17,1,travel,card_present,36.4,0.4,8.0,1.0,0,269,0,0
TXN009225,45.28,17,3,online,card_present,11.3,17.5,5.0,4.0,0,2717,0,0
TXN009226,42.2,22,6,clothing,card_present,1.6,3.9,5.0,1.0,1,3427,0,0
TXN009227,41.52,13,2,travel,card_present,15.9,9.9,3.0,0.0,0,1278,0,0
TXN009228,306.81,22,5,electronics,online,19.2,4.9,2.0,1.0,1,2391,1,0
TXN009229,14.81,10,1,gas,online,13.2,0.2,6.0,0.0,0,300,0,0
TXN009230,108.87,8,1,gas,card_present,5.7,9.5,3.0,2.0,0,3277,0,0
TXN009231,94.36,20,5,electronics,online,12.8,2.4,4.0,1.0,0,3271,0,0
TXN009232,87.12,20,6,restaurant,online,9.2,9.0,3.0,0.0,0,1127,0,0
TXN009233,63.21,13,6,grocery,contactless,24.9,8.9,5.0,0.0,0,2365,0,0
TXN009234,138.56,6,5,gas,card_present,27.3,5.2,3.0,1.0,0,1535,1,0
TXN009235,15.03,20,4,travel,online,0.9,11.2,1.0,0.0,0,1674,0,0
TXN009236,115.27,17,2,gas,online,34.1,10.3,8.0,1.0,0,2187,0,0
TXN009237,230.89,16,2,travel,contactless,32.0,0.0,3.0,1.0,0,3300,0,0
TXN009238,555.2,13,4,grocery,online,37.0,3.0,2.0,1.0,0,1850,0,0
TXN009239,68.49,17,0,restaurant,contactless,24.9,6.8,3.0,0.0,0,1928,0,0
TXN009240,24.26,18,0,restaurant,contactless,2.5,0.6,3.0,2.0,0,284,0,0
TXN009241,74.56,13,3,electronics,card_present,3.9,5.5,1.0,2.0,0,483,0,0
TXN009242,73.13,13,6,restaurant,contactless,6.5,2.6,4.0,2.0,1,168,0,0
TXN009243,106.01,10,5,grocery,contactless,10.4,7.1,4.0,0.0,0,2496,0,0
TXN009244,49.3,13,1,gas,card_present,11.7,5.0,1.0,2.0,1,1496,0,0
TXN009245,36.99,6,5,clothing,contactless,2.4,20.3,2.0,2.0,0,1346,0,0
TXN009246,34.47,16,0,grocery,contactless,17.3,13.6,2.0,1.0,0,1353,0,0
TXN009247,108.66,15,4,electronics,card_present,38.2,4.0,3.0,1.0,1,1422,0,0
TXN009248,57.86,9,0,travel,online,12.2,17.4,2.0,1.0,1,1136,0,0
TXN009249,28.5,15,0,grocery,contactless,18.3,23.3,3.0,1.0,0,2415,0,0
TXN009250,96.6,19,0,online,card_present,4.1,6.3,3.0,3.0,1,1451,0,0
TXN009251,78.07,6,3,gas,card_present,18.8,0.9,0.0,1.0,0,953,1,0
TXN009252,202.24,19,1,electronics,card_present,16.7,10.5,3.0,0.0,0,2103,0,0
TXN009253,22.26,8,5,restaurant,online,17.3,10.4,4.0,1.0,0,3059,1,0
TXN009254,31.31,19,4,electronics,contactless,8.6,20.3,5.0,0.0,0,1500,1,0
TXN009255,299.01,23,3,electronics,online,456.7,252.0,12.0,4.0,1,35,1,1
TXN009256,26.47,16,4,gas,card_present,1.6,16.2,5.0,0.0,1,2229,1,0
TXN009257,226.77,14,5,online,card_present,6.4,9.9,2.0,0.0,0,2469,0,0
TXN009258,52.39,8,1,grocery,card_present,12.5,14.3,4.0,2.0,0,2380,1,0
TXN009259,18.44,8,5,electronics,contactless,39.1,3.2,2.0,2.0,1,2801,1,0
TXN009260,75.49,10,0,travel,card_present,23.0,2.0,5.0,0.0,0,2350,0,0
TXN009261,6.87,15,1,online,contactless,10.4,15.5,1.0,1.0,0,1315,0,0
TXN009262,35.99,11,2,clothing,card_present,20.2,0.9,0.0,0.0,0,2241,0,0
TXN009263,42.31,19,2,online,card_present,20.5,11.4,5.0,1.0,0,834,1,0
TXN009264,22.68,16,1,electronics,online,6.2,8.1,2.0,3.0,1,2626,1,0
TXN009265,83.43,12,2,grocery,card_present,1.8,12.1,2.0,1.0,0,1538,0,0
TXN009266,28.26,20,1,restaurant,card_present,5.0,21.2,5.0,0.0,0,2583,0,0
TXN009267,38.57,9,1,clothing,online,14.2,10.4,2.0,1.0,0,925,0,0
TXN009268,93.98,15,4,online,online,7.0,8.9,1.0,2.0,0,274,0,0
TXN009269,35.7,15,2,online,card_present,32.8,0.1,5.0,1.0,0,1849,0,0
TXN009270,115.05,13,2,electronics,card_present,5.0,10.0,1.0,1.0,0,434,1,0
TXN009271,25.64,8,0,clothing,contactless,11.7,13.5,5.0,0.0,0,3196,0,0
TXN009272,21.86,7,2,restaurant,online,42.9,4.1,2.0,2.0,0,1968,0,0
TXN009273,44.99,19,5,electronics,contactless,22.0,0.6,3.0,3.0,1,3426,0,0
TXN009274,30.7,18,6,gas,online,12.1,5.2,0.0,1.0,1,3411,0,0
TXN009275,37.1,19,6,online,contactless,6.9,5.5,1.0,0.0,0,1754,0,0
TXN009276,11.35,10,1,travel,online,3.7,1.1,4.0,3.0,0,253,0,0
TXN009277,36.68,7,4,clothing,online,20.3,2.6,3.0,0.0,0,2217,0,0
TXN009278,89.48,11,5,grocery,online,15.3,3.9,4.0,0.0,0,3557,0,0
TXN009279,35.74,19,1,grocery,online,2.8,0.9,1.0,1.0,0,302,0,0
TXN009280,20.12,15,4,gas,online,0.1,14.7,5.0,1.0,1,3409,0,0
TXN009281,72.82,16,1,grocery,card_present,20.6,17.2,1.0,1.0,0,3539,1,0
TXN009282,35.42,10,0,clothing,card_present,0.4,0.8,5.0,1.0,0,621,0,0
TXN009283,54.64,6,5,travel,online,19.6,11.9,4.0,1.0,0,1187,1,0
TXN009284,18.8,10,1,restaurant,card_present,8.7,15.8,6.0,0.0,0,115,1,0
TXN009285,260.57,17,4,gas,card_present,20.5,0.7,4.0,0.0,0,1765,0,0
TXN009286,13.37,7,3,restaurant,card_present,13.2,10.6,3.0,2.0,0,1036,1,0
TXN009287,57.53,14,5,gas,online,23.5,2.4,0.0,1.0,0,1804,0,0
TXN009288,101.4,21,5,gas,contactless,33.6,12.4,5.0,0.0,0,1429,0,0
TXN009289,39.56,6,3,electronics,card_present,25.8,4.9,2.0,2.0,0,1516,0,0
TXN009290,11.91,12,4,gas,contactless,17.0,4.0,2.0,0.0,1,2527,0,0
TXN009291,30.89,11,6,gas,card_present,9.2,15.9,2.0,2.0,1,1420,1,0
TXN009292,45.15,6,5,grocery,card_present,0.8,18.0,0.0,3.0,1,3284,0,0
TXN009293,255.38,21,4,clothing,contactless,39.2,10.4,3.0,0.0,1,2850,0,0
TXN009294,33.07,10,5,restaurant,card_present,14.9,9.6,2.0,1.0,1,1743,1,0
TXN009295,177.96,21,1,grocery,contactless,11.2,13.8,3.0,1.0,0,1142,0,0
TXN009296,16.11,10,3,electronics,contactless,13.6,8.8,3.0,2.0,0,870,1,0
TXN009297,91.78,14,3,electronics,contactless,29.2,1.1,2.0,0.0,0,3099,0,0
TXN009298,20.14,16,5,grocery,contactless,30.8,16.6,3.0,1.0,1,3224,0,0
TXN009299,40.98,22,4,online,contactless,7.3,8.4,2.0,2.0,1,3129,0,0
TXN009300,184.71,14,3,travel,online,10.1,2.0,3.0,0.0,0,116,0,0
TXN009301,111.58,22,1,restaurant,online,23.2,10.6,3.0,1.0,0,1705,0,0
TXN009302,143.28,18,5,gas,card_present,12.2,5.9,0.0,0.0,0,1684,0,0
TXN009303,26.04,7,3,gas,card_present,31.0,18.8,2.0,0.0,0,90,0,0
TXN009304,21.34,17,2,travel,online,9.2,5.3,1.0,2.0,1,1006,0,0
TXN009305,282.98,1,2,jewelry,online,452.3,81.4,10.0,5.0,1,45,1,1
TXN009306,52.23,9,0,clothing,card_present,29.0,10.3,5.0,1.0,0,209,1,0
TXN009307,64.59,10,6,electronics,online,23.4,4.7,2.0,2.0,0,779,0,0
TXN009308,19.01,6,1,clothing,card_present,9.9,16.5,2.0,2.0,0,2885,0,0
TXN009309,117.81,9,4,electronics,contactless,3.3,2.0,4.0,0.0,1,1047,0,0
TXN009310,7.44,19,5,online,online,11.3,16.0,5.0,2.0,0,443,0,0
TXN009311,10.15,8,1,gas,card_present,24.3,23.5,5.0,3.0,0,1000,1,0
TXN009312,341.23,10,1,grocery,online,14.8,17.7,3.0,1.0,1,1333,0,0
TXN009313,61.06,8,2,gas,card_present,33.0,1.2,3.0,0.0,0,2978,0,0
TXN009314,59.29,14,6,electronics,card_present,2.5,8.4,4.0,0.0,0,1566,0,0
TXN009315,62.22,22,0,grocery,card_present,11.7,4.2,3.0,2.0,0,2611,0,0
TXN009316,17.72,9,4,electronics,card_present,18.3,3.8,2.0,0.0,1,1020,0,0
TXN009317,64.97,14,1,gas,card_present,31.7,0.7,4.0,0.0,0,3241,1,0
TXN009318,22.07,16,4,electronics,card_present,6.0,3.4,1.0,0.0,0,2619,0,0
TXN009319,35.58,18,4,electronics,online,9.7,0.1,4.0,0.0,0,1305,0,0
TXN009320,180.45,9,5,restaurant,card_present,42.9,8.0,1.0,0.0,0,1373,1,0
TXN009321,110.8,11,4,clothing,contactless,8.7,6.7,3.0,1.0,0,75,0,0
TXN009322,194.79,18,5,travel,card_present,5.9,6.8,4.0,1.0,0,3078,0,0
TXN009323,81.86,8,0,electronics,contactless,13.3,8.7,3.0,0.0,0,1525,0,0
TXN009324,20.15,13,2,online,contactless,10.0,0.0,5.0,1.0,0,2583,0,0
TXN009325,32.07,11,5,electronics,card_present,6.9,5.7,0.0,0.0,0,2606,0,0
TXN009326,216.69,21,1,grocery,card_present,17.3,6.5,2.0,1.0,0,2309,1,0
TXN009327,79.06,22,0,grocery,card_present,7.5,3.6,2.0,1.0,0,1488,0,0
TXN009328,108.86,21,2,travel,online,0.1,13.8,3.0,1.0,0,786,0,0
TXN009329,41.07,7,2,online,card_present,3.9,6.1,2.0,2.0,1,3298,0,0
TXN009330,61.2,20,4,restaurant,card_present,27.0,16.6,2.0,0.0,0,3286,0,0
TXN009331,489.92,0,6,electronics,online,319.5,275.4,9.0,4.0,3,29,1,1
TXN009332,39.33,15,1,clothing,online,10.9,1.5,2.0,3.0,0,571,0,0
TXN009333,16.16,17,5,online,card_present,28.7,4.7,5.0,1.0,1,671,0,0
TXN009334,15.04,20,6,restaurant,card_present,25.6,23.0,3.0,2.0,1,3277,0,0
TXN009335,29.11,9,6,grocery,card_present,15.7,9.5,6.0,0.0,0,3576,1,0
TXN009336,334.76,7,2,gas,online,18.9,18.5,3.0,1.0,0,1535,1,0
TXN009337,35.89,15,0,online,card_present,4.7,29.5,4.0,2.0,0,1997,0,0
TXN009338,13.34,11,1,online,card_present,15.7,12.9,3.0,1.0,1,2819,0,0
TXN009339,2.18,7,2,online,card_present,5.8,6.8,3.0,1.0,0,2911,0,0
TXN009340,63.95,9,2,travel,card_present,20.3,6.0,5.0,0.0,1,2588,0,0
TXN009341,47.54,15,0,clothing,contactless,10.0,17.1,4.0,2.0,1,1246,0,0
TXN009342,36.82,15,5,restaurant,card_present,20.4,18.4,1.0,0.0,0,1606,0,0
TXN009343,27.79,12,3,online,card_present,7.0,3.7,4.0,1.0,0,1659,0,0
TXN009344,167.53,8,2,electronics,card_present,38.1,2.2,2.0,0.0,0,3275,0,0
TXN009345,34.81,10,6,clothing,online,1.1,12.2,4.0,2.0,0,864,0,0
TXN009346,25.56,22,1,restaurant,card_present,20.6,2.6,1.0,2.0,0,1967,0,0
TXN009347,37.28,7,0,electronics,card_present,35.8,8.5,5.0,1.0,0,3459,0,0
TXN009348,180.4,21,2,clothing,contactless,6.4,9.6,2.0,4.0,1,156,1,0
TXN009349,152.93,6,4,online,card_present,42.3,11.5,1.0,2.0,1,3045,0,0
TXN009350,103.81,2,1,jewelry,online,140.1,424.7,7.0,4.0,5,44,0,1
TXN009351,858.53,18,0,electronics,card_present,9.0,14.7,5.0,0.0,0,429,0,0
TXN009352,119.27,20,3,travel,card_present,8.0,19.5,5.0,1.0,0,1485,0,0
TXN009353,18.8,22,0,restaurant,contactless,17.3,5.1,3.0,1.0,0,2881,0,0
TXN009354,39.0,7,0,clothing,contactless,14.6,9.5,8.0,0.0,0,3025,0,0
TXN009355,28.51,11,2,online,contactless,6.0,12.2,3.0,1.0,0,2929,0,0
TXN009356,42.33,20,2,restaurant,card_present,36.0,9.1,5.0,1.0,0,1745,0,0
TXN009357,73.34,20,2,restaurant,card_present,4.9,1.9,4.0,2.0,0,1485,0,0
TXN009358,13.97,10,3,gas,card_present,6.0,2.4,6.0,0.0,0,1704,0,0
TXN009359,66.55,17,0,travel,online,27.3,13.7,7.0,0.0,0,2271,1,0
TXN009360,108.76,17,1,grocery,contactless,24.0,16.0,1.0,1.0,0,1774,0,0
TXN009361,53.52,12,4,travel,contactless,10.2,8.5,2.0,1.0,0,1617,0,0
TXN009362,177.68,7,0,electronics,card_present,27.6,14.9,5.0,1.0,0,3581,0,0
TXN009363,34.99,9,3,travel,card_present,11.0,25.6,4.0,0.0,0,1537,0,0
TXN009364,86.35,15,4,restaurant,card_present,13.2,7.3,2.0,1.0,0,2065,0,0
TXN009365,93.93,22,5,electronics,online,9.4,7.6,2.0,0.0,0,813,0,0
TXN009366,52.81,20,6,electronics,card_present,17.6,12.3,4.0,0.0,0,2712,1,0
TXN009367,41.98,12,4,online,online,10.1,1.4,8.0,1.0,0,572,0,0
TXN009368,33.64,8,1,online,card_present,28.2,13.4,8.0,1.0,1,93,0,0
TXN009369,74.48,12,0,electronics,contactless,22.1,9.3,4.0,2.0,0,497,0,0
TXN009370,81.29,8,4,restaurant,contactless,15.9,22.0,1.0,1.0,0,3235,1,0
TXN009371,164.66,14,4,travel,card_present,8.7,27.2,5.0,0.0,0,1799,0,0
TXN009372,200.17,14,6,gas,online,20.1,4.8,3.0,2.0,0,2035,0,0
TXN009373,172.2,12,1,clothing,card_present,30.1,2.3,5.0,2.0,0,1785,1,0
TXN009374,180.38,11,5,grocery,online,34.2,13.7,0.0,3.0,0,2184,0,0
TXN009375,88.19,21,4,travel,card_present,16.8,4.6,5.0,1.0,0,1105,0,0
TXN009376,157.58,13,2,online,card_present,29.1,3.4,4.0,1.0,0,1555,0,0
TXN009377,353.75,18,0,grocery,card_present,3.0,2.7,1.0,0.0,0,2358,0,0
TXN009378,68.26,15,6,gas,online,8.7,12.6,1.0,1.0,0,799,0,0
TXN009379,68.3,21,4,clothing,contactless,4.6,1.4,4.0,2.0,0,2902,0,0
TXN009380,60.5,7,4,clothing,card_present,9.3,5.2,2.0,1.0,0,508,1,0
TXN009381,493.74,22,5,travel,card_present,17.0,4.5,4.0,0.0,0,2650,0,0
TXN009382,87.49,19,2,restaurant,contactless,18.3,10.4,3.0,1.0,0,1548,0,0
TXN009383,59.92,8,6,restaurant,card_present,8.1,5.5,2.0,1.0,0,3173,0,0
TXN009384,28.34,9,6,clothing,card_present,17.0,3.7,5.0,1.0,0,791,0,0
TXN009385,30.66,8,0,online,card_present,16.0,2.9,3.0,2.0,1,557,0,0
TXN009386,39.96,15,0,online,online,1.4,9.9,3.0,1.0,0,510,0,0
TXN009387,40.58,19,6,electronics,card_present,9.0,6.3,4.0,0.0,0,3246,0,0
TXN009388,49.09,9,4,grocery,contactless,2.0,2.8,5.0,2.0,0,311,0,0
TXN009389,31.7,13,2,electronics,contactless,11.6,7.1,3.0,4.0,0,3128,1,0
TXN009390,44.16,8,0,gas,card_present,8.9,1.2,5.0,0.0,0,1721,0,0
TXN009391,60.79,13,0,gas,card_present,11.0,3.0,6.0,0.0,0,2926,1,0
TXN009392,245.67,11,0,online,card_present,23.8,0.9,1.0,0.0,0,877,0,0
TXN009393,13.47,17,1,travel,online,21.9,9.1,3.0,0.0,0,932,1,0
TXN009394,39.98,22,6,grocery,card_present,28.1,4.3,2.0,1.0,0,1934,0,0
TXN009395,14.28,18,1,clothing,card_present,7.1,10.1,1.0,0.0,1,1373,0,0
TXN009396,116.65,18,3,grocery,card_present,18.2,13.1,8.0,2.0,0,410,1,0
TXN009397,157.79,16,3,clothing,contactless,2.8,1.2,3.0,3.0,0,3176,0,0
TXN009398,1368.8,0,0,online,online,248.4,269.1,9.0,8.0,4,21,1,1
TXN009399,121.08,11,1,travel,card_present,5.8,8.5,2.0,0.0,0,1088,0,0
TXN009400,151.97,8,1,electronics,contactless,8.3,5.1,2.0,1.0,1,3439,0,0
TXN009401,136.15,18,5,travel,online,7.9,6.2,0.0,1.0,1,1847,0,0
TXN009402,33.48,20,3,travel,card_present,3.5,8.9,4.0,1.0,0,1001,1,0
TXN009403,58.63,20,5,travel,online,11.8,6.6,6.0,2.0,0,2437,0,0
TXN009404,42.47,15,4,travel,card_present,27.6,6.6,1.0,2.0,0,554,0,0
TXN009405,9.55,11,1,gas,card_present,22.2,4.0,3.0,1.0,0,2166,0,0
TXN009406,41.27,16,4,restaurant,online,0.2,21.6,3.0,1.0,1,1551,0,0
TXN009407,290.78,11,0,online,contactless,41.5,8.1,0.0,1.0,0,297,0,0
TXN009408,161.26,21,4,online,online,35.1,6.8,1.0,0.0,0,514,0,0
TXN009409,7.4,22,6,travel,contactless,5.6,13.2,2.0,4.0,0,2777,0,0
TXN009410,89.26,6,1,grocery,card_present,3.5,4.4,3.0,0.0,1,813,0,0
TXN009411,32.52,20,2,clothing,card_present,13.7,15.8,2.0,1.0,0,453,1,0
TXN009412,16.55,11,4,gas,contactless,13.2,9.2,3.0,0.0,1,226,0,0
TXN009413,558.19,14,6,grocery,card_present,8.7,13.1,5.0,0.0,0,699,0,0
TXN009414,1911.15,4,0,electronics,online,638.0,251.0,12.0,2.0,1,32,1,1
TXN009415,282.22,13,3,clothing,card_present,11.6,11.8,4.0,1.0,0,2706,0,0
TXN009416,87.67,9,1,online,card_present,1.9,20.3,6.0,1.0,0,3204,0,0
TXN009417,55.4,16,2,clothing,card_present,0.1,13.9,0.0,1.0,0,1828,1,0
TXN009418,261.26,13,5,gas,card_present,15.1,0.1,2.0,2.0,0,1783,0,0
TXN009419,37.98,20,4,online,card_present,3.3,1.5,6.0,0.0,0,3031,0,0
TXN009420,6.34,9,4,online,online,27.5,15.5,2.0,3.0,1,1970,0,0
TXN009421,9.31,9,5,clothing,online,0.6,6.8,2.0,2.0,0,2874,1,0
TXN009422,40.65,8,0,gas,contactless,17.5,22.8,6.0,0.0,0,2850,0,0
TXN009423,28.48,18,2,online,online,27.5,3.7,5.0,0.0,0,3594,0,0
TXN009424,97.41,17,4,gas,online,42.5,16.8,1.0,0.0,0,272,1,0
TXN009425,66.84,21,6,online,online,32.0,0.9,5.0,2.0,0,456,0,0
TXN009426,418.02,19,5,gas,card_present,4.4,13.2,4.0,1.0,0,874,0,0
TXN009427,43.79,9,4,gas,contactless,11.9,2.4,1.0,0.0,0,532,0,0
TXN009428,43.59,9,0,clothing,card_present,4.8,4.2,2.0,2.0,0,2492,0,0
TXN009429,153.42,7,1,clothing,contactless,9.4,21.3,5.0,2.0,0,1317,0,0
TXN009430,56.79,14,5,gas,contactless,7.2,13.6,2.0,0.0,0,1658,0,0
TXN009431,88.18,10,1,clothing,online,8.1,6.7,1.0,1.0,0,2202,1,0
TXN009432,22.91,21,3,gas,card_present,2.2,15.2,4.0,0.0,0,3180,0,0
TXN009433,17.79,13,2,clothing,card_present,15.9,15.2,6.0,0.0,0,3568,0,0
TXN009434,905.68,4,2,jewelry,card_present,21.7,41.2,8.0,12.0,4,48,1,1
TXN009435,25.39,7,3,gas,online,3.6,16.3,3.0,1.0,0,422,0,0
TXN009436,571.96,11,1,electronics,card_present,32.7,0.9,1.0,0.0,0,895,0,0
TXN009437,39.94,15,5,gas,contactless,12.0,5.6,4.0,0.0,1,3019,0,0
TXN009438,51.2,15,4,clothing,card_present,6.4,4.7,2.0,1.0,0,1371,0,0
TXN009439,22.65,20,4,electronics,card_present,21.3,4.2,2.0,1.0,0,2398,1,0
TXN009440,33.68,22,1,travel,card_present,15.5,3.9,2.0,2.0,0,1904,0,0
TXN009441,252.19,22,3,gas,card_present,26.3,13.9,2.0,1.0,0,1879,1,0
TXN009442,42.61,15,0,online,card_present,25.4,12.3,4.0,0.0,1,2456,0,0
TXN009443,6.51,18,5,electronics,card_present,9.7,14.4,4.0,0.0,0,2485,0,0
TXN009444,115.56,21,5,electronics,card_present,14.2,9.7,3.0,2.0,0,3186,1,0
TXN009445,58.23,13,0,gas,online,34.5,14.9,4.0,2.0,0,2230,1,0
TXN009446,89.54,15,4,gas,card_present,20.6,7.6,0.0,1.0,0,812,0,0
TXN009447,18.93,19,0,grocery,online,1.8,16.6,4.0,1.0,0,1861,0,0
TXN009448,12.89,20,5,gas,card_present,10.7,1.5,1.0,0.0,0,752,0,0
TXN009449,66.8,10,4,gas,online,14.4,1.7,5.0,0.0,0,1798,1,0
TXN009450,866.11,1,2,jewelry,card_present,254.8,279.5,4.0,1.0,1,14,1,1
TXN009451,290.01,8,0,gas,online,2.4,9.8,7.0,0.0,0,3203,1,0
TXN009452,37.28,9,0,gas,card_present,9.1,10.7,3.0,1.0,0,3200,0,0
TXN009453,53.12,21,3,restaurant,card_present,19.0,21.7,6.0,1.0,0,2606,0,0
TXN009454,211.83,20,3,grocery,online,10.0,6.2,5.0,2.0,0,585,0,0
TXN009455,40.36,21,0,electronics,card_present,11.8,17.2,5.0,1.0,0,1190,0,0
TXN009456,304.27,3,1,jewelry,card_present,127.4,119.6,8.0,3.0,3,51,1,1
TXN009457,100.27,22,0,travel,card_present,25.4,0.4,3.0,1.0,0,2326,0,0
TXN009458,14.38,16,2,travel,online,36.7,5.5,3.0,1.0,0,2263,0,0
TXN009459,21.8,7,1,restaurant,online,25.1,9.7,2.0,0.0,0,947,0,0
TXN009460,287.51,18,5,gas,card_present,0.6,11.4,1.0,0.0,0,2985,0,0
TXN009461,41.66,20,6,gas,online,12.9,8.7,1.0,1.0,0,96,0,0
TXN009462,57.68,21,1,clothing,card_present,23.7,25.1,4.0,0.0,0,1619,0,0
TXN009463,231.31,20,1,grocery,card_present,13.9,2.7,4.0,0.0,0,2108,0,0
TXN009464,35.04,16,6,travel,contactless,4.6,19.3,3.0,0.0,1,2785,0,0
TXN009465,22.56,10,0,grocery,card_present,10.5,0.4,3.0,0.0,0,1972,0,0
TXN009466,6.18,7,6,travel,card_present,5.7,4.1,4.0,2.0,0,912,0,0
TXN009467,22.05,10,4,grocery,card_present,0.1,1.7,2.0,0.0,0,3279,0,0
TXN009468,40.93,12,0,restaurant,card_present,1.0,9.1,2.0,2.0,0,512,0,0
TXN009469,107.92,9,1,grocery,online,3.7,0.8,3.0,1.0,0,1210,1,0
TXN009470,17.84,17,6,clothing,card_present,10.2,9.5,3.0,3.0,0,644,1,0
TXN009471,25.24,19,6,restaurant,card_present,8.3,1.1,4.0,2.0,0,2379,0,0
TXN009472,1035.92,21,6,electronics,card_present,49.9,1.1,1.0,4.0,0,882,1,0
TXN009473,100.41,13,2,restaurant,card_present,7.5,14.5,4.0,1.0,0,760,0,0
TXN009474,55.66,10,5,online,online,3.3,10.4,3.0,2.0,0,2918,0,0
TXN009475,3.76,18,4,online,online,38.4,9.5,0.0,1.0,0,1660,1,0
TXN009476,161.11,19,6,travel,contactless,6.5,11.9,3.0,1.0,1,425,0,0
TXN009477,6.86,6,6,electronics,card_present,2.5,19.2,1.0,1.0,1,816,0,0
TXN009478,425.9,21,4,travel,online,9.6,35.0,3.0,2.0,0,1825,0,0
TXN009479,37.52,18,2,online,card_present,21.3,0.4,4.0,1.0,0,1419,0,0
TXN009480,172.22,14,5,clothing,card_present,13.7,6.1,2.0,2.0,0,2371,0,0
TXN009481,95.96,20,2,clothing,card_present,5.1,18.5,4.0,0.0,0,3556,0,0
TXN009482,38.9,21,1,clothing,contactless,12.2,2.1,1.0,0.0,0,1355,0,0
TXN009483,37.17,9,5,gas,card_present,10.2,25.0,2.0,2.0,0,1844,1,0
TXN009484,178.78,13,0,travel,online,7.0,7.1,2.0,1.0,0,913,0,0
TXN009485,50.31,14,3,gas,online,9.7,5.4,2.0,2.0,1,146,0,0
TXN009486,20.96,11,5,travel,online,13.9,19.2,4.0,1.0,0,385,0,0
TXN009487,130.84,19,5,electronics,contactless,36.9,5.3,5.0,0.0,1,1581,0,0
TXN009488,16.48,8,2,grocery,card_present,38.5,1.4,3.0,2.0,1,2611,0,0
TXN009489,80.49,8,4,electronics,card_present,3.6,22.6,3.0,0.0,1,270,0,0
TXN009490,1774.48,5,6,jewelry,online,267.8,534.6,5.0,7.0,2,2,1,1
TXN009491,26.06,15,5,grocery,card_present,16.5,7.9,7.0,2.0,0,2738,0,0
TXN009492,16.39,9,1,travel,online,19.2,3.6,3.0,2.0,0,2940,0,0
TXN009493,63.45,6,4,clothing,online,1.3,1.3,2.0,1.0,0,801,0,0
TXN009494,39.2,17,0,gas,card_present,17.8,21.1,2.0,3.0,1,1264,0,0
TXN009495,74.25,8,4,electronics,online,0.1,26.6,2.0,3.0,0,466,0,0
TXN009496,46.5,15,6,restaurant,card_present,27.4,9.8,2.0,1.0,0,1182,0,0
TXN009497,32.17,12,4,restaurant,card_present,12.3,4.6,6.0,2.0,0,3566,0,0
TXN009498,310.41,0,2,jewelry,online,431.4,360.6,10.0,6.0,5,46,1,1
TXN009499,34.15,20,2,electronics,card_present,10.1,7.3,2.0,2.0,0,94,0,0
TXN009500,6.92,22,0,online,online,1.1,11.6,6.0,2.0,0,2879,0,0
TXN009501,160.26,3,6,travel,card_present,108.5,207.7,13.0,4.0,2,14,0,1
TXN009502,30.29,12,5,online,card_present,6.4,6.4,6.0,2.0,1,2838,0,0
TXN009503,46.59,11,5,clothing,contactless,33.5,5.1,6.0,2.0,0,3221,0,0
TXN009504,121.4,1,3,travel,online,126.4,662.5,6.0,6.0,5,50,0,1
TXN009505,40.48,22,1,electronics,card_present,6.9,6.9,5.0,0.0,0,482,0,0
TXN009506,8.39,22,0,grocery,contactless,11.8,2.1,5.0,1.0,0,3326,0,0
TXN009507,40.67,22,2,online,card_present,12.7,15.8,2.0,1.0,1,142,0,0
TXN009508,108.37,10,3,gas,contactless,11.3,9.6,4.0,0.0,0,2435,0,0
TXN009509,116.81,16,2,grocery,online,2.7,9.3,3.0,0.0,0,173,0,0
TXN009510,20.59,9,2,gas,card_present,13.5,6.9,1.0,0.0,0,2676,0,0
TXN009511,63.15,20,0,travel,card_present,21.0,20.1,5.0,1.0,0,3268,0,0
TXN009512,43.33,8,4,restaurant,online,10.4,16.4,2.0,1.0,0,2146,0,0
TXN009513,21.97,15,5,restaurant,card_present,14.8,17.4,5.0,3.0,0,1870,0,0
TXN009514,69.68,12,2,grocery,online,13.1,23.7,0.0,0.0,1,3104,1,0
TXN009515,81.47,14,4,restaurant,card_present,20.8,7.0,3.0,1.0,0,3347,0,0
TXN009516,11.53,12,0,grocery,card_present,7.0,18.7,2.0,1.0,0,1029,1,0
TXN009517,15.58,20,6,restaurant,contactless,9.2,3.8,4.0,0.0,1,3578,0,0
TXN009518,40.22,16,5,clothing,contactless,12.0,5.2,6.0,1.0,0,2031,0,0
TXN009519,103.41,21,6,restaurant,card_present,1.5,4.0,0.0,1.0,0,3612,0,0
TXN009520,25.28,9,6,gas,card_present,6.3,3.5,2.0,0.0,1,3498,1,0
TXN009521,30.87,9,1,travel,online,14.8,10.5,4.0,0.0,0,3577,0,0
TXN009522,18.45,21,1,travel,online,17.6,27.4,6.0,1.0,0,313,0,0
TXN009523,84.35,18,6,grocery,online,1.6,8.3,4.0,2.0,1,1300,1,0
TXN009524,23.4,9,4,electronics,card_present,14.9,3.7,1.0,3.0,0,285,0,0
TXN009525,25.99,7,6,gas,card_present,15.0,6.9,5.0,1.0,0,69,0,0
TXN009526,31.82,9,5,grocery,contactless,25.4,18.6,1.0,0.0,0,2633,0,0
TXN009527,123.72,18,4,online,online,12.8,2.2,1.0,2.0,0,3436,1,0
TXN009528,210.43,8,3,grocery,contactless,33.0,6.4,4.0,0.0,0,3138,0,0
TXN009529,11.77,6,6,clothing,online,23.5,16.5,3.0,1.0,1,347,0,0
TXN009530,78.79,21,6,grocery,online,0.8,10.1,1.0,0.0,0,3260,0,0
TXN009531,54.38,12,4,grocery,card_present,9.1,9.6,3.0,1.0,0,2871,0,0
TXN009532,233.55,16,5,travel,online,33.5,2.2,6.0,1.0,0,2812,1,0
TXN009533,37.41,11,3,electronics,card_present,9.3,4.6,6.0,2.0,0,942,1,0
TXN009534,77.92,14,0,grocery,contactless,7.7,11.9,3.0,2.0,0,1599,0,0
TXN009535,88.87,17,6,travel,contactless,34.0,12.6,2.0,0.0,0,3136,0,0
TXN009536,13.14,20,5,clothing,online,7.6,0.6,2.0,0.0,0,3578,0,0
TXN009537,61.29,9,2,restaurant,card_present,7.3,14.3,1.0,1.0,0,1650,0,0
TXN009538,32.91,16,6,travel,card_present,10.7,5.1,3.0,1.0,0,114,0,0
TXN009539,73.45,13,5,restaurant,online,33.1,12.5,5.0,1.0,1,2202,0,0
TXN009540,12.89,8,4,gas,card_present,5.2,0.1,2.0,1.0,0,651,0,0
TXN009541,47.13,10,4,travel,contactless,20.2,14.5,2.0,1.0,0,1919,0,0
TXN009542,332.69,14,0,electronics,online,18.8,9.3,3.0,1.0,0,1970,0,0
TXN009543,6.0,7,0,clothing,online,4.3,1.4,4.0,0.0,1,2689,0,0
TXN009544,212.0,12,0,restaurant,card_present,18.8,0.7,2.0,0.0,1,1851,1,0
TXN009545,63.89,16,1,grocery,online,6.2,10.5,2.0,1.0,0,2374,0,0
TXN009546,55.29,10,5,restaurant,online,40.0,4.4,4.0,1.0,0,1125,0,0
TXN009547,14.96,8,5,grocery,card_present,14.4,4.4,7.0,3.0,0,704,1,0
TXN009548,23.45,8,5,electronics,online,9.1,19.6,6.0,1.0,1,3199,0,0
TXN009549,19.0,22,1,electronics,card_present,16.9,6.3,3.0,4.0,0,1042,0,0
TXN009550,45.95,7,0,clothing,online,4.8,14.9,3.0,1.0,0,2516,0,0
TXN009551,12.03,15,3,online,card_present,22.8,7.2,6.0,1.0,1,2398,0,0
TXN009552,151.84,7,2,electronics,online,2.1,8.5,1.0,1.0,0,3389,1,0
TXN009553,258.31,14,4,clothing,card_present,12.8,4.2,3.0,5.0,0,2775,0,0
TXN009554,76.83,18,2,grocery,online,3.3,2.4,0.0,2.0,0,3575,0,0
TXN009555,23.02,10,0,restaurant,online,15.6,7.6,1.0,2.0,0,2787,0,0
TXN009556,51.31,9,3,restaurant,online,54.1,1.2,2.0,1.0,0,2943,0,0
TXN009557,60.89,22,2,restaurant,card_present,27.0,7.9,3.0,1.0,0,3213,1,0
TXN009558,66.76,15,6,clothing,card_present,4.1,12.9,3.0,1.0,0,69,0,0
TXN009559,31.33,15,3,travel,online,20.5,13.4,2.0,1.0,0,361,0,0
TXN009560,168.63,18,1,travel,contactless,2.3,5.5,6.0,2.0,0,3025,0,0
TXN009561,400.25,20,1,travel,contactless,5.5,13.6,3.0,0.0,0,2728,0,0
TXN009562,24.11,20,6,electronics,card_present,6.5,8.1,2.0,1.0,0,199,0,0
TXN009563,67.48,22,4,gas,online,19.0,9.0,3.0,0.0,0,1970,0,0
TXN009564,46.57,15,5,electronics,online,13.5,7.9,4.0,1.0,0,854,0,0
TXN009565,7.24,22,2,gas,card_present,3.0,17.9,1.0,0.0,0,2914,0,0
TXN009566,768.62,2,0,online,online,242.7,183.3,10.0,2.0,3,47,1,1
TXN009567,8.65,11,4,clothing,contactless,24.4,3.6,3.0,2.0,0,3253,0,0
TXN009568,8.01,17,2,travel,contactless,4.3,18.3,5.0,0.0,0,2723,0,0
TXN009569,72.79,10,1,online,contactless,33.6,1.0,1.0,1.0,0,2500,0,0
TXN009570,196.92,21,1,electronics,contactless,9.4,4.9,3.0,1.0,0,1138,0,0
TXN009571,31.84,7,2,grocery,card_present,27.4,6.5,1.0,0.0,0,101,1,0
TXN009572,21.67,11,6,grocery,contactless,9.6,16.1,6.0,0.0,0,2883,1,0
TXN009573,219.74,22,3,grocery,card_present,30.0,7.0,0.0,2.0,0,2449,0,0
TXN009574,172.37,16,2,electronics,card_present,24.3,9.9,0.0,2.0,0,3072,0,0
TXN009575,54.03,10,6,restaurant,online,14.6,14.4,3.0,2.0,0,2701,0,0
TXN009576,110.29,21,0,travel,online,8.9,3.3,5.0,2.0,0,65,0,0
TXN009577,109.17,12,5,online,online,9.7,6.1,2.0,1.0,0,1568,0,0
TXN009578,581.38,22,6,clothing,card_present,15.3,2.2,3.0,1.0,1,2646,0,0
TXN009579,57.45,10,2,electronics,contactless,6.4,20.5,4.0,0.0,0,1749,0,0
TXN009580,21.8,21,3,gas,card_present,6.0,5.0,4.0,1.0,0,3039,1,0
TXN009581,285.79,0,4,online,online,88.3,245.9,7.0,3.0,4,50,1,1
TXN009582,4.35,12,0,travel,card_present,30.4,12.3,3.0,1.0,1,787,1,0
TXN009583,143.57,12,0,restaurant,contactless,11.0,0.2,4.0,0.0,0,1889,0,0
TXN009584,75.41,22,4,clothing,online,10.5,20.2,4.0,2.0,0,1903,0,0
TXN009585,35.46,9,2,travel,online,3.0,2.3,4.0,1.0,0,2548,0,0
TXN009586,51.55,7,4,travel,contactless,17.9,4.3,2.0,0.0,0,1264,0,0
TXN009587,26.78,19,6,gas,online,14.8,32.9,4.0,1.0,1,2129,0,0
TXN009588,41.55,10,2,travel,card_present,30.6,3.6,4.0,0.0,1,1765,0,0
TXN009589,110.77,18,5,restaurant,online,40.9,5.1,1.0,1.0,1,3011,0,0
TXN009590,76.59,14,1,restaurant,contactless,33.0,3.3,5.0,0.0,0,1477,0,0
TXN009591,96.74,20,1,gas,contactless,20.1,4.9,3.0,1.0,0,755,0,0
TXN009592,186.79,12,0,clothing,card_present,5.8,19.0,1.0,2.0,1,1992,0,0
TXN009593,25.22,14,2,restaurant,card_present,25.9,2.0,4.0,3.0,1,1721,1,0
TXN009594,17.41,10,0,electronics,card_present,8.0,6.7,4.0,1.0,0,2354,1,0
TXN009595,35.84,22,1,grocery,card_present,18.5,6.0,2.0,0.0,0,432,0,0
TXN009596,181.74,22,0,online,contactless,1.8,2.8,3.0,2.0,0,1803,1,0
TXN009597,31.33,10,4,gas,online,1.6,6.3,4.0,0.0,0,1485,0,0
TXN009598,42.99,16,2,travel,online,17.1,3.3,2.0,2.0,0,1786,0,0
TXN009599,38.5,19,4,clothing,card_present,17.5,8.2,0.0,0.0,0,2678,0,0
TXN009600,199.74,16,5,electronics,online,11.3,2.2,2.0,1.0,0,902,0,0
TXN009601,17.8,18,4,grocery,card_present,30.6,8.5,3.0,2.0,0,1855,0,0
TXN009602,89.72,17,4,grocery,card_present,19.1,21.6,5.0,1.0,0,1588,0,0
TXN009603,263.99,5,4,electronics,online,87.0,135.4,7.0,7.0,4,11,1,1
TXN009604,20.26,18,0,electronics,card_present,8.0,4.6,6.0,0.0,0,452,0,0
TXN009605,502.09,13,0,online,online,21.3,12.3,1.0,0.0,1,649,0,0
TXN009606,12.25,21,4,online,online,10.3,13.1,3.0,0.0,0,3588,0,0
TXN009607,28.76,15,6,grocery,online,13.6,23.5,4.0,0.0,1,1297,0,0
TXN009608,55.83,17,6,electronics,contactless,9.6,26.6,3.0,1.0,0,951,0,0
TXN009609,124.24,0,6,travel,card_present,118.1,222.2,11.0,7.0,1,14,1,1
TXN009610,8.56,12,2,online,online,15.1,17.1,3.0,2.0,0,830,1,0
TXN009611,14.23,8,5,electronics,card_present,46.7,14.1,5.0,2.0,1,3445,0,0
TXN009612,811.05,12,5,online,online,18.8,20.3,2.0,1.0,0,3202,1,0
TXN009613,43.12,13,2,clothing,online,35.7,6.9,4.0,0.0,0,1012,0,0
TXN009614,558.11,3,4,online,card_present,421.2,354.3,10.0,5.0,2,3,1,1
TXN009615,10.43,21,2,online,online,10.0,17.3,1.0,0.0,1,1989,1,0
TXN009616,17.18,14,6,restaurant,contactless,37.0,6.6,3.0,1.0,0,348,0,0
TXN009617,186.92,20,1,electronics,online,18.8,6.7,9.0,1.0,0,1528,0,0
TXN009618,38.39,14,3,grocery,card_present,2.2,19.1,4.0,1.0,0,1895,0,0
TXN009619,46.69,14,0,restaurant,online,24.0,12.4,2.0,1.0,0,3144,0,0
TXN009620,30.62,7,2,travel,online,1.2,18.4,1.0,2.0,0,1860,0,0
TXN009621,79.94,9,0,restaurant,online,6.9,13.9,1.0,4.0,1,698,0,0
TXN009622,17.69,20,0,electronics,card_present,8.3,0.5,6.0,1.0,0,3104,0,0
TXN009623,76.25,18,6,electronics,online,12.0,1.3,4.0,1.0,0,1101,0,0
TXN009624,32.54,17,6,grocery,card_present,12.6,0.5,1.0,2.0,0,1334,0,0
TXN009625,32.39,21,3,clothing,card_present,30.5,6.1,2.0,0.0,1,2402,0,0
TXN009626,42.08,8,4,restaurant,card_present,7.3,0.0,2.0,1.0,0,3645,1,0
TXN009627,43.6,12,3,grocery,card_present,21.6,1.2,2.0,1.0,0,1023,0,0
TXN009628,43.2,10,3,travel,contactless,35.4,5.8,4.0,1.0,0,1778,0,0
TXN009629,26.86,20,4,restaurant,card_present,29.8,12.8,3.0,1.0,1,3416,1,0
TXN009630,9.52,6,5,clothing,online,23.6,8.1,5.0,1.0,0,670,0,0
TXN009631,47.49,12,1,grocery,card_present,3.3,9.8,5.0,0.0,0,1435,0,0
TXN009632,27.39,6,6,online,online,0.8,1.2,4.0,0.0,0,1820,0,0
TXN009633,37.88,9,3,gas,contactless,15.7,5.9,7.0,0.0,0,1892,0,0
TXN009634,181.72,11,4,travel,card_present,0.2,0.1,6.0,0.0,0,1966,0,0
TXN009635,33.15,15,2,electronics,contactless,28.3,8.9,1.0,0.0,1,551,1,0
TXN009636,147.82,19,4,grocery,online,3.4,5.9,2.0,1.0,0,3091,0,0
TXN009637,84.46,20,6,travel,contactless,3.3,0.6,3.0,0.0,0,833,0,0
TXN009638,268.94,18,1,travel,card_present,32.2,4.4,4.0,0.0,0,984,0,0
TXN009639,125.14,9,4,restaurant,online,1.9,10.1,1.0,1.0,0,774,0,0
TXN009640,31.41,18,1,grocery,online,2.2,13.6,8.0,0.0,0,1175,1,0
TXN009641,80.51,12,6,electronics,card_present,8.1,1.2,1.0,1.0,0,368,0,0
TXN009642,179.29,7,4,travel,online,9.4,16.1,2.0,1.0,0,3215,0,0
TXN009643,18.19,15,4,grocery,online,4.4,7.3,2.0,1.0,1,222,0,0
TXN009644,36.78,19,2,restaurant,online,25.4,6.8,2.0,1.0,1,1497,1,0
TXN009645,117.62,14,3,travel,card_present,9.6,4.0,6.0,3.0,1,786,0,0
TXN009646,21.28,14,0,online,card_present,29.0,1.0,4.0,1.0,0,3310,0,0
TXN009647,158.86,14,2,clothing,contactless,7.3,19.8,1.0,2.0,0,2741,0,0
TXN009648,292.18,9,3,restaurant,contactless,0.2,3.0,2.0,0.0,0,2038,1,0
TXN009649,24.92,14,0,grocery,card_present,26.1,7.6,1.0,0.0,1,1923,0,0
TXN009650,335.88,22,4,gas,card_present,1.7,12.4,4.0,2.0,1,2830,0,0
TXN009651,17.88,22,4,gas,online,8.1,2.6,4.0,0.0,0,2711,0,0
TXN009652,72.17,11,6,restaurant,online,3.0,14.5,6.0,1.0,0,186,0,0
TXN009653,281.17,12,0,grocery,card_present,38.7,6.1,4.0,1.0,0,698,0,0
TXN009654,182.36,18,3,gas,online,19.3,2.0,3.0,2.0,0,1249,0,0
TXN009655,49.52,7,0,clothing,card_present,10.5,10.1,3.0,2.0,1,2463,0,0
TXN009656,51.86,12,1,grocery,card_present,5.1,9.2,1.0,2.0,0,2226,1,0
TXN009657,103.99,21,5,grocery,contactless,26.0,7.3,3.0,1.0,0,174,0,0
TXN009658,8.32,7,5,grocery,online,8.7,2.7,3.0,1.0,0,1265,1,0
TXN009659,24.6,15,1,clothing,contactless,5.9,13.2,2.0,0.0,0,576,0,0
TXN009660,37.17,13,0,grocery,contactless,20.5,16.3,2.0,0.0,0,3226,0,0
TXN009661,50.37,9,0,online,online,18.8,1.8,3.0,2.0,0,1915,0,0
TXN009662,43.02,15,1,grocery,card_present,8.2,26.1,1.0,2.0,0,3511,0,0
TXN009663,82.22,20,6,online,card_present,13.5,10.0,1.0,0.0,0,975,1,0
TXN009664,72.33,22,2,electronics,online,17.5,4.8,1.0,0.0,0,1253,1,0
TXN009665,21.98,11,0,gas,online,26.1,13.9,3.0,2.0,1,2290,0,0
TXN009666,11.79,20,0,travel,online,12.1,18.2,2.0,1.0,0,1034,0,0
TXN009667,173.04,22,1,restaurant,card_present,23.0,4.4,2.0,0.0,1,2918,0,0
TXN009668,95.56,15,0,gas,contactless,20.4,4.7,3.0,1.0,1,618,0,0
TXN009669,42.49,9,4,travel,online,6.3,1.5,3.0,1.0,0,2141,1,0
TXN009670,73.19,13,3,grocery,card_present,0.6,3.2,6.0,0.0,0,2338,0,0
TXN009671,83.76,13,5,clothing,card_present,7.2,7.4,2.0,1.0,0,480,0,0
TXN009672,34.09,22,5,gas,card_present,21.2,9.2,4.0,1.0,1,3039,0,0
TXN009673,34.31,19,6,online,online,22.3,7.5,2.0,1.0,0,274,0,0
TXN009674,50.45,15,4,travel,online,1.8,15.3,6.0,0.0,0,1797,0,0
TXN009675,19.1,20,5,electronics,online,5.1,27.8,1.0,2.0,1,2336,1,0
TXN009676,44.01,20,3,grocery,contactless,3.5,2.2,3.0,1.0,0,2225,0,0
TXN009677,22.65,6,2,online,card_present,22.8,8.7,6.0,1.0,1,1696,0,0
TXN009678,37.71,10,1,gas,card_present,15.6,2.4,4.0,1.0,1,1552,0,0
TXN009679,23.32,15,5,online,online,32.2,17.2,5.0,0.0,0,3318,0,0
TXN009680,38.42,12,6,online,card_present,18.8,11.9,8.0,0.0,0,2238,0,0
TXN009681,40.84,22,1,electronics,card_present,1.7,2.7,1.0,1.0,0,498,1,0
TXN009682,13.71,12,1,grocery,contactless,5.0,1.0,4.0,1.0,1,2457,0,0
TXN009683,6.35,16,2,gas,card_present,1.4,3.6,6.0,1.0,1,3131,0,0
TXN009684,33.35,8,3,electronics,contactless,0.4,2.7,2.0,3.0,0,365,0,0
TXN009685,392.5,13,0,restaurant,card_present,6.0,13.8,2.0,0.0,0,1715,0,0
TXN009686,30.29,6,4,restaurant,online,4.6,5.8,3.0,1.0,0,3098,0,0
TXN009687,157.28,3,0,travel,card_present,107.2,439.4,7.0,6.0,3,8,1,1
TXN009688,17.58,6,0,online,online,18.1,19.9,2.0,3.0,0,1942,0,0
TXN009689,60.69,22,6,electronics,online,23.3,4.6,5.0,1.0,1,1353,0,0
TXN009690,119.8,8,2,grocery,contactless,29.6,10.1,2.0,1.0,1,743,0,0
TXN009691,34.93,22,4,restaurant,card_present,13.5,2.6,2.0,3.0,0,2996,1,0
TXN009692,40.06,6,6,grocery,online,21.6,4.2,2.0,1.0,0,923,0,0
TXN009693,59.41,22,6,restaurant,card_present,15.9,11.2,1.0,1.0,1,37,0,0
TXN009694,45.38,16,5,online,card_present,7.7,11.0,3.0,0.0,1,210,1,0
TXN009695,188.41,3,6,online,card_present,226.3,194.4,7.0,7.0,4,17,1,1
TXN009696,25.18,6,1,restaurant,card_present,9.0,20.1,4.0,1.0,0,2105,0,0
TXN009697,31.18,14,3,gas,card_present,15.5,14.1,4.0,1.0,0,1085,0,0
TXN009698,29.74,18,2,online,online,16.0,8.4,3.0,3.0,0,1899,0,0
TXN009699,3073.65,22,0,online,card_present,428.4,448.5,8.0,7.0,5,18,1,1
TXN009700,118.12,18,4,clothing,card_present,5.3,20.1,3.0,1.0,0,1697,0,0
TXN009701,109.44,22,2,restaurant,online,14.1,7.8,6.0,0.0,0,2725,0,0
TXN009702,77.21,7,1,restaurant,contactless,8.2,15.6,1.0,1.0,0,1911,0,0
TXN009703,87.57,21,6,clothing,card_present,5.6,8.3,1.0,1.0,1,584,0,0
TXN009704,13.2,20,0,clothing,card_present,23.8,11.4,2.0,0.0,0,1014,0,0
TXN009705,183.22,10,1,gas,card_present,6.6,10.6,2.0,1.0,0,293,0,0
TXN009706,18.58,11,1,clothing,online,34.6,10.0,3.0,3.0,0,2144,1,0
TXN009707,22.74,22,4,online,card_present,30.6,21.9,3.0,3.0,0,1220,0,0
TXN009708,43.57,10,5,gas,card_present,25.6,29.3,1.0,1.0,0,40,0,0
TXN009709,255.26,15,2,restaurant,online,11.9,3.3,5.0,2.0,0,2113,1,0
TXN009710,145.47,7,1,electronics,contactless,25.2,11.8,2.0,1.0,0,1159,0,0
TXN009711,75.72,22,3,travel,online,21.8,2.0,3.0,0.0,0,681,0,0
TXN009712,45.23,22,2,electronics,online,35.3,3.5,3.0,1.0,0,435,0,0
TXN009713,68.87,7,3,online,card_present,3.0,5.0,2.0,0.0,0,1269,1,0
TXN009714,31.29,17,0,online,card_present,0.0,8.3,0.0,0.0,0,2429,0,0
TXN009715,48.23,21,4,online,online,9.0,12.8,9.0,1.0,0,1430,0,0
TXN009716,162.22,15,4,grocery,online,11.4,12.3,3.0,0.0,0,2528,0,0
TXN009717,30.15,22,3,clothing,card_present,4.2,4.4,6.0,0.0,0,1361,0,0
TXN009718,149.42,10,3,grocery,card_present,13.1,13.6,4.0,1.0,1,2722,1,0
TXN009719,28.33,22,4,grocery,card_present,5.5,10.4,4.0,1.0,0,500,1,0
TXN009720,96.91,16,4,electronics,card_present,21.5,5.9,2.0,2.0,0,1958,0,0
TXN009721,14.21,10,6,gas,online,26.3,1.4,2.0,3.0,0,2431,0,0
TXN009722,85.61,12,4,restaurant,card_present,10.2,17.4,1.0,0.0,0,3291,1,0
TXN009723,132.11,8,2,online,card_present,19.5,7.7,3.0,0.0,0,552,0,0
TXN009724,48.84,14,2,clothing,contactless,5.4,7.3,4.0,3.0,1,1402,0,0
TXN009725,18.53,9,1,travel,card_present,16.6,1.9,0.0,1.0,0,3002,1,0
TXN009726,42.61,16,6,restaurant,online,10.6,2.9,4.0,0.0,0,44,0,0
TXN009727,155.76,1,4,travel,card_present,237.7,185.2,6.0,4.0,4,26,0,1
TXN009728,142.29,12,4,restaurant,card_present,0.1,0.5,1.0,0.0,0,1273,1,0
TXN009729,24.41,10,5,gas,contactless,20.6,4.4,4.0,0.0,0,2127,1,0
TXN009730,23.68,7,0,online,card_present,41.2,14.7,2.0,2.0,0,2016,0,0
TXN009731,23.07,7,5,online,card_present,0.9,1.7,1.0,2.0,0,1314,0,0
TXN009732,753.66,23,6,online,online,142.8,319.3,7.0,2.0,5,6,1,1
TXN009733,31.56,9,4,grocery,contactless,3.0,11.7,1.0,0.0,0,459,0,0
TXN009734,205.47,15,3,grocery,card_present,1.9,13.0,4.0,3.0,0,3413,0,0
TXN009735,35.42,8,4,restaurant,card_present,0.1,9.8,1.0,0.0,0,2972,0,0
TXN009736,34.51,11,6,restaurant,card_present,33.7,16.7,3.0,0.0,0,3038,0,0
TXN009737,9.08,6,6,electronics,card_present,1.0,12.1,0.0,1.0,0,3627,0,0
TXN009738,100.76,8,1,gas,online,16.3,23.0,2.0,1.0,1,1660,0,0
TXN009739,83.83,10,1,electronics,card_present,19.9,18.0,2.0,0.0,0,1836,0,0
TXN009740,76.92,15,4,travel,card_present,17.7,1.2,3.0,0.0,1,2192,0,0
TXN009741,186.6,18,6,travel,card_present,1.9,16.4,7.0,1.0,0,1617,0,0
TXN009742,31.14,14,2,restaurant,online,15.6,3.5,2.0,2.0,0,3316,1,0
TXN009743,6.78,19,5,gas,online,16.0,5.6,0.0,1.0,0,2301,1,0
TXN009744,29.71,10,6,electronics,card_present,1.4,17.3,3.0,0.0,0,1193,0,0
TXN009745,331.74,22,2,grocery,card_present,26.7,7.7,1.0,2.0,0,1133,0,0
TXN009746,54.88,11,2,clothing,online,5.3,18.9,3.0,1.0,0,2977,0,0
TXN009747,3147.25,2,0,electronics,online,99.9,200.9,5.0,9.0,4,51,1,1
TXN009748,54.78,21,4,clothing,card_present,21.9,14.2,2.0,1.0,0,3589,0,0
TXN009749,23.31,8,3,gas,online,3.3,15.4,5.0,0.0,0,2013,0,0
TXN009750,96.66,9,6,clothing,contactless,12.8,18.8,4.0,0.0,0,310,0,0
TXN009751,259.48,2,1,travel,online,141.2,447.4,6.0,5.0,2,46,1,1
TXN009752,141.52,8,2,travel,contactless,13.4,2.4,4.0,1.0,0,2921,0,0
TXN009753,179.0,13,2,grocery,card_present,19.3,1.0,3.0,3.0,0,162,0,0
TXN009754,33.9,22,5,online,card_present,1.0,32.6,4.0,1.0,0,3391,1,0
TXN009755,107.63,18,1,online,card_present,2.6,1.6,2.0,2.0,0,1665,0,0
TXN009756,16.54,6,0,gas,contactless,15.8,13.4,6.0,1.0,0,1894,0,0
TXN009757,282.03,10,4,gas,online,2.0,10.5,4.0,1.0,0,1990,0,0
TXN009758,78.54,8,5,online,card_present,18.3,0.2,3.0,1.0,0,1717,0,0
TXN009759,21.21,20,5,restaurant,contactless,17.3,1.1,3.0,0.0,1,1118,0,0
TXN009760,29.07,19,3,electronics,online,7.5,3.1,3.0,2.0,1,3058,0,0
TXN009761,23.23,13,0,grocery,online,22.8,3.6,4.0,1.0,1,1177,0,0
TXN009762,85.68,13,6,clothing,card_present,1.1,2.7,7.0,2.0,0,3147,0,0
TXN009763,82.31,16,1,electronics,online,2.4,10.3,1.0,1.0,0,1091,0,0
TXN009764,49.85,22,1,restaurant,contactless,0.5,11.3,4.0,1.0,1,3416,0,0
TXN009765,63.76,13,3,electronics,card_present,0.1,17.6,3.0,2.0,0,2757,0,0
TXN009766,69.91,12,0,online,card_present,51.2,19.0,4.0,1.0,0,2444,0,0
TXN009767,58.31,7,2,restaurant,card_present,5.2,6.9,1.0,2.0,1,1312,0,0
TXN009768,67.6,3,1,travel,online,162.6,168.7,8.0,5.0,3,18,0,1
TXN009769,2.14,20,2,electronics,card_present,14.5,13.1,5.0,3.0,1,2969,1,0
TXN009770,72.19,9,3,gas,card_present,8.5,2.0,4.0,0.0,0,3168,0,0
TXN009771,46.51,19,2,travel,card_present,8.7,8.4,2.0,0.0,0,737,0,0
TXN009772,162.31,8,4,grocery,card_present,16.6,10.9,3.0,1.0,1,2385,1,0
TXN009773,170.76,16,2,grocery,contactless,12.6,9.8,2.0,1.0,0,595,0,0
TXN009774,37.11,22,6,travel,online,40.1,3.1,6.0,1.0,0,3244,0,0
TXN009775,26.89,10,0,grocery,card_present,15.6,12.0,2.0,0.0,1,732,0,0
TXN009776,24.76,13,2,gas,online,16.6,18.1,2.0,1.0,0,1435,0,0
TXN009777,25.57,7,4,gas,card_present,9.6,17.2,0.0,1.0,0,2796,1,0
TXN009778,91.9,11,5,clothing,card_present,15.8,3.6,1.0,1.0,0,1829,0,0
TXN009779,128.15,10,6,online,card_present,10.2,7.9,2.0,1.0,0,2289,0,0
TXN009780,68.25,8,3,gas,card_present,5.0,1.9,3.0,1.0,1,2691,1,0
TXN009781,193.2,21,0,online,card_present,3.3,11.0,4.0,1.0,0,2559,1,0
TXN009782,17.74,9,3,grocery,online,9.8,12.2,3.0,2.0,1,234,1,0
TXN009783,59.91,8,5,gas,online,6.8,4.7,3.0,2.0,0,2781,0,0
TXN009784,121.5,16,1,clothing,card_present,6.4,12.2,4.0,1.0,0,979,0,0
TXN009785,78.14,9,5,restaurant,card_present,8.8,2.1,1.0,0.0,0,2915,1,0
TXN009786,63.36,10,0,electronics,online,30.0,7.8,7.0,0.0,0,1971,0,0
TXN009787,112.74,16,3,clothing,contactless,33.0,5.0,3.0,2.0,0,181,1,0
TXN009788,270.96,1,0,travel,online,18.7,73.4,3.0,7.0,2,22,1,1
TXN009789,11.25,17,2,travel,card_present,33.6,10.6,6.0,2.0,0,1067,0,0
TXN009790,22.7,20,4,electronics,contactless,11.9,5.0,4.0,2.0,0,2555,0,0
TXN009791,28.92,17,1,gas,card_present,9.5,14.2,4.0,1.0,0,1474,0,0
TXN009792,47.26,13,2,gas,contactless,6.5,7.7,5.0,1.0,0,927,0,0
TXN009793,94.37,14,2,clothing,online,8.6,19.4,3.0,3.0,0,53,0,0
TXN009794,174.06,21,3,gas,card_present,0.2,18.9,3.0,1.0,1,1599,0,0
TXN009795,55.77,10,3,travel,online,3.9,0.9,1.0,1.0,0,626,0,0
TXN009796,24.15,12,3,online,card_present,18.4,3.0,4.0,2.0,0,3432,0,0
TXN009797,109.82,12,3,gas,card_present,5.1,1.3,8.0,2.0,1,879,0,0
TXN009798,15.97,21,0,restaurant,contactless,8.7,3.4,0.0,0.0,0,1221,0,0
TXN009799,7.89,19,4,grocery,card_present,12.7,11.0,3.0,1.0,0,3483,1,0
TXN009800,63.67,21,4,electronics,card_present,44.2,13.2,3.0,0.0,1,2650,0,0
TXN009801,19.71,11,0,restaurant,contactless,21.5,1.3,5.0,0.0,0,131,0,0
TXN009802,34.62,16,6,gas,card_present,2.8,26.3,2.0,0.0,0,3227,0,0
TXN009803,195.95,9,3,online,card_present,1.0,5.4,4.0,1.0,1,179,1,0
TXN009804,37.07,12,1,online,online,2.1,3.1,1.0,0.0,0,926,0,0
TXN009805,98.03,22,0,travel,card_present,13.3,8.9,4.0,0.0,0,119,0,0
TXN009806,141.6,21,2,grocery,online,14.2,11.8,4.0,0.0,0,3373,1,0
TXN009807,75.52,10,3,gas,contactless,20.0,4.2,1.0,1.0,0,1478,0,0
TXN009808,161.27,11,4,grocery,contactless,16.0,25.7,6.0,1.0,0,2364,0,0
TXN009809,185.09,7,3,gas,card_present,31.7,12.7,2.0,1.0,0,3232,1,0
TXN009810,6.1,15,0,clothing,online,24.0,13.2,2.0,2.0,0,1854,0,0
TXN009811,665.74,20,6,clothing,card_present,4.9,14.0,4.0,0.0,0,966,1,0
TXN009812,4.45,14,4,travel,card_present,15.0,11.9,3.0,0.0,0,363,0,0
TXN009813,364.99,7,4,grocery,contactless,12.3,3.9,5.0,0.0,0,166,0,0
TXN009814,36.07,12,0,grocery,card_present,1.5,6.2,3.0,1.0,0,3218,1,0
TXN009815,83.42,7,0,clothing,online,12.4,11.2,6.0,1.0,1,2811,0,0
TXN009816,55.68,12,5,online,card_present,28.5,8.8,2.0,2.0,0,2654,0,0
TXN009817,328.88,22,1,jewelry,card_present,208.8,518.6,11.0,6.0,4,22,1,1
TXN009818,9.04,12,0,grocery,online,9.2,5.2,4.0,0.0,0,1008,0,0
TXN009819,9.32,11,1,gas,online,20.4,9.7,3.0,2.0,0,3132,0,0
TXN009820,225.99,22,4,electronics,contactless,20.1,3.6,3.0,1.0,1,3110,0,0
TXN009821,56.49,12,6,clothing,contactless,13.8,3.5,5.0,1.0,0,335,0,0
TXN009822,137.56,10,0,online,card_present,13.6,11.8,1.0,1.0,0,1693,0,0
TXN009823,30.82,20,0,electronics,online,30.2,5.8,3.0,1.0,0,1729,1,0
TXN009824,21.01,12,3,electronics,online,2.6,0.7,2.0,1.0,1,319,0,0
TXN009825,25.15,18,6,gas,card_present,15.8,2.0,1.0,1.0,0,2538,0,0
TXN009826,128.41,21,6,travel,card_present,17.1,3.7,3.0,1.0,0,2432,1,0
TXN009827,206.71,22,6,online,online,23.7,3.2,2.0,1.0,0,3218,0,0
TXN009828,660.5,11,6,clothing,online,6.9,5.6,1.0,1.0,1,663,1,0
TXN009829,60.55,11,5,restaurant,card_present,25.2,6.2,5.0,2.0,1,3149,0,0
TXN009830,136.89,15,1,gas,card_present,14.1,6.2,5.0,0.0,0,2852,0,0
TXN009831,18.99,21,1,restaurant,online,5.9,2.4,4.0,0.0,0,2706,0,0
TXN009832,124.37,17,6,travel,card_present,5.4,20.8,2.0,1.0,0,67,0,0
TXN009833,164.16,16,3,grocery,online,5.0,5.8,4.0,1.0,0,1765,1,0
TXN009834,405.89,8,0,electronics,card_present,1.4,8.4,5.0,2.0,0,627,1,0
TXN009835,26.91,15,5,gas,card_present,8.3,10.4,1.0,1.0,1,2481,0,0
TXN009836,46.38,12,2,online,contactless,4.1,3.4,3.0,0.0,0,3246,1,0
TXN009837,31.71,16,2,clothing,online,4.1,3.3,0.0,0.0,0,2420,0,0
TXN009838,227.89,19,2,grocery,card_present,15.9,5.7,4.0,0.0,0,2222,0,0
TXN009839,4.49,14,5,travel,card_present,15.1,17.3,1.0,2.0,0,1549,0,0
TXN009840,198.75,6,6,travel,contactless,20.7,5.8,2.0,0.0,0,98,0,0
TXN009841,7.71,8,2,gas,online,1.4,18.9,4.0,0.0,0,472,0,0
TXN009842,67.64,18,2,grocery,card_present,14.3,11.1,3.0,1.0,0,2787,1,0
TXN009843,150.8,6,3,gas,card_present,10.3,7.9,0.0,2.0,0,2457,1,0
TXN009844,6.51,9,3,online,online,32.3,2.1,1.0,1.0,0,2191,0,0
TXN009845,30.98,19,3,travel,online,0.4,4.5,3.0,0.0,0,3179,0,0
TXN009846,130.6,13,5,grocery,card_present,10.5,1.3,2.0,1.0,0,1872,0,0
TXN009847,56.16,18,1,online,card_present,14.1,22.3,8.0,3.0,0,2321,1,0
TXN009848,14.76,16,2,travel,online,11.1,12.7,4.0,2.0,0,2184,0,0
TXN009849,25.69,9,3,gas,contactless,17.3,3.6,2.0,2.0,1,2829,1,0
TXN009850,108.59,22,5,online,online,198.8,21.7,13.0,4.0,3,43,1,1
TXN009851,29.73,20,1,clothing,card_present,11.9,0.3,2.0,0.0,0,3230,0,0
TXN009852,35.1,12,0,electronics,contactless,21.7,23.1,3.0,1.0,0,804,0,0
TXN009853,271.96,0,5,travel,card_present,357.8,599.8,5.0,7.0,2,21,0,1
TXN009854,117.22,22,4,online,card_present,1.3,6.4,3.0,0.0,1,1410,0,0
TXN009855,47.73,22,2,travel,card_present,18.2,0.4,4.0,1.0,0,915,1,0
TXN009856,2711.18,23,4,online,card_present,83.5,352.6,7.0,7.0,2,51,1,1
TXN009857,22.34,7,6,online,online,23.3,8.4,5.0,1.0,0,707,0,0
TXN009858,60.91,6,6,grocery,online,3.4,10.9,0.0,0.0,0,47,0,0
TXN009859,80.3,13,1,electronics,card_present,16.6,10.8,2.0,3.0,0,1229,0,0
TXN009860,37.69,8,4,travel,contactless,5.1,7.7,1.0,1.0,0,105,0,0
TXN009861,92.13,14,5,restaurant,card_present,1.8,5.9,0.0,1.0,0,3213,0,0
TXN009862,10.29,21,1,online,online,4.9,13.3,3.0,1.0,0,3429,0,0
TXN009863,148.16,14,4,clothing,online,3.3,15.9,3.0,3.0,0,3090,0,0
TXN009864,15.73,7,5,gas,contactless,26.8,1.2,5.0,3.0,0,1410,0,0
TXN009865,45.99,21,3,travel,contactless,12.1,11.5,3.0,2.0,0,3491,0,0
TXN009866,26.19,18,3,grocery,contactless,32.2,11.1,3.0,2.0,0,2801,1,0
TXN009867,141.58,10,0,online,card_present,18.7,22.2,6.0,0.0,0,3137,0,0
TXN009868,143.15,21,4,electronics,card_present,11.4,5.3,2.0,2.0,0,661,0,0
TXN009869,291.01,22,2,travel,contactless,28.3,3.5,2.0,0.0,0,982,1,0
TXN009870,194.27,20,5,grocery,online,28.4,11.7,2.0,1.0,1,693,0,0
TXN009871,8.37,16,4,grocery,card_present,2.9,14.5,3.0,0.0,0,2264,1,0
TXN009872,98.99,21,4,electronics,contactless,22.4,1.1,5.0,0.0,0,907,0,0
TXN009873,328.94,15,4,online,card_present,25.4,11.8,3.0,1.0,0,2092,0,0
TXN009874,3.16,18,6,online,card_present,17.1,8.3,2.0,1.0,1,1708,0,0
TXN009875,68.35,9,5,restaurant,online,19.9,17.7,2.0,0.0,0,2467,0,0
TXN009876,185.66,19,1,gas,card_present,14.5,9.0,1.0,1.0,0,1340,0,0
TXN009877,230.02,17,1,travel,card_present,4.0,1.0,1.0,2.0,0,3049,0,0
TXN009878,101.81,8,5,travel,card_present,9.6,7.0,5.0,1.0,1,1312,0,0
TXN009879,11.22,20,2,grocery,card_present,27.4,0.2,3.0,0.0,0,1662,0,0
TXN009880,91.38,13,0,gas,contactless,12.2,0.6,3.0,0.0,0,2053,0,0
TXN009881,131.78,12,0,travel,online,4.5,1.3,2.0,0.0,1,1156,0,0
TXN009882,35.53,15,6,grocery,card_present,4.3,25.3,4.0,0.0,0,1234,0,0
TXN009883,81.5,14,0,restaurant,online,2.4,1.7,6.0,0.0,1,3045,0,0
TXN009884,6.62,18,0,restaurant,online,1.9,22.2,2.0,0.0,0,2795,0,0
TXN009885,13.48,18,4,gas,card_present,0.9,11.0,1.0,1.0,0,649,1,0
TXN009886,74.75,8,4,online,online,1.1,17.9,2.0,2.0,1,2085,0,0
TXN009887,100.84,14,0,gas,online,1.6,7.2,3.0,2.0,0,2664,0,0
TXN009888,29.54,15,5,restaurant,online,9.7,20.3,8.0,3.0,1,3352,1,0
TXN009889,20.83,11,4,restaurant,card_present,3.3,9.0,3.0,2.0,1,46,0,0
TXN009890,110.98,13,4,travel,card_present,3.3,12.5,0.0,1.0,0,1407,0,0
TXN009891,387.13,1,5,electronics,card_present,157.2,784.4,6.0,6.0,4,38,0,1
TXN009892,137.86,13,1,travel,card_present,20.8,3.4,3.0,0.0,1,797,1,0
TXN009893,294.42,17,4,gas,card_present,20.3,5.8,3.0,0.0,1,2151,0,0
TXN009894,175.43,13,5,electronics,online,20.4,21.7,4.0,1.0,0,613,0,0
TXN009895,107.99,10,4,electronics,card_present,23.0,28.2,4.0,2.0,0,1185,0,0
TXN009896,95.95,18,6,restaurant,card_present,16.2,16.1,5.0,1.0,0,672,0,0
TXN009897,26.32,6,0,travel,online,23.9,2.7,2.0,0.0,1,511,0,0
TXN009898,263.52,22,0,travel,contactless,4.1,3.8,4.0,1.0,0,2906,0,0
TXN009899,16.29,19,0,travel,card_present,9.8,17.3,5.0,1.0,0,271,0,0
TXN009900,97.5,11,4,electronics,card_present,7.5,1.0,2.0,0.0,0,1989,1,0
TXN009901,51.36,11,5,restaurant,online,14.3,11.5,4.0,0.0,0,1281,1,0
TXN009902,25.62,21,4,electronics,online,7.2,2.8,5.0,0.0,0,2576,0,0
TXN009903,13.48,6,4,travel,contactless,4.8,18.7,1.0,1.0,0,3312,1,0
TXN009904,89.29,6,1,gas,contactless,1.2,9.1,3.0,1.0,0,2420,0,0
TXN009905,122.94,22,2,gas,card_present,37.6,16.7,4.0,0.0,0,1050,0,0
TXN009906,80.67,11,6,electronics,contactless,4.7,5.6,4.0,2.0,0,1399,0,0
TXN009907,10.73,19,5,restaurant,card_present,11.5,1.1,4.0,0.0,0,2800,0,0
TXN009908,1063.92,1,2,travel,online,418.4,380.5,5.0,2.0,1,7,1,1
TXN009909,228.46,15,6,travel,contactless,25.8,7.9,3.0,2.0,1,1006,0,0
TXN009910,188.47,6,2,gas,card_present,21.0,0.6,3.0,3.0,0,1993,0,0
TXN009911,25.84,11,2,online,card_present,4.5,2.1,7.0,1.0,0,1108,0,0
TXN009912,128.82,18,2,gas,online,2.4,4.3,4.0,1.0,1,1965,1,0
TXN009913,60.44,10,5,online,card_present,21.0,16.4,3.0,0.0,1,3633,0,0
TXN009914,123.04,19,0,grocery,card_present,30.0,6.4,2.0,1.0,0,1958,0,0
TXN009915,80.68,11,4,online,online,5.6,10.0,1.0,0.0,0,2733,0,0
TXN009916,12.55,17,5,restaurant,card_present,13.1,8.0,5.0,1.0,0,2431,0,0
TXN009917,15.33,12,2,electronics,card_present,9.2,8.9,3.0,2.0,0,1204,0,0
TXN009918,130.52,13,5,electronics,online,0.6,2.3,5.0,2.0,0,511,1,0
TXN009919,82.38,16,3,gas,contactless,18.7,6.0,4.0,1.0,0,2465,0,0
TXN009920,14.04,22,1,clothing,contactless,11.5,13.8,2.0,1.0,0,2237,0,0
TXN009921,47.39,6,2,online,online,26.9,8.2,2.0,0.0,0,3177,0,0
TXN009922,273.01,6,4,gas,online,17.1,7.0,4.0,0.0,1,2993,0,0
TXN009923,326.11,18,5,grocery,card_present,24.9,11.3,4.0,0.0,0,2303,1,0
TXN009924,53.71,15,0,travel,card_present,14.2,10.6,0.0,0.0,0,2479,0,0
TXN009925,34.96,21,6,restaurant,online,1.1,2.6,5.0,1.0,1,955,0,0
TXN009926,41.49,17,5,online,card_present,38.0,16.9,2.0,2.0,0,1865,0,0
TXN009927,70.58,18,0,online,contactless,18.8,1.3,0.0,1.0,0,2308,0,0
TXN009928,16.54,17,2,restaurant,online,44.3,22.6,1.0,0.0,0,3188,0,0
TXN009929,92.56,20,4,grocery,card_present,4.5,1.6,3.0,1.0,0,2405,1,0
TXN009930,112.74,18,2,clothing,contactless,9.3,5.4,5.0,0.0,0,2000,0,0
TXN009931,28.46,6,3,restaurant,online,20.3,3.3,5.0,1.0,0,1894,0,0
TXN009932,8.5,21,3,restaurant,card_present,7.7,5.7,2.0,0.0,0,2480,0,0
TXN009933,81.04,6,3,restaurant,contactless,2.5,13.2,5.0,0.0,0,2871,0,0
TXN009934,41.22,7,6,grocery,card_present,6.1,2.1,1.0,0.0,0,86,0,0
TXN009935,61.95,20,2,clothing,online,40.3,6.3,0.0,0.0,1,3237,0,0
TXN009936,119.95,14,4,restaurant,card_present,25.6,6.9,0.0,0.0,0,1459,0,0
TXN009937,55.71,17,2,gas,card_present,2.7,11.7,4.0,0.0,0,1545,0,0
TXN009938,34.63,8,1,grocery,contactless,31.7,3.9,5.0,2.0,0,974,0,0
TXN009939,655.52,23,3,jewelry,online,329.4,394.7,3.0,10.0,3,19,1,1
TXN009940,97.57,12,3,restaurant,online,11.8,7.2,2.0,2.0,0,3169,0,0
TXN009941,13.85,10,6,grocery,online,1.2,10.3,4.0,1.0,1,2663,1,0
TXN009942,30.76,13,4,clothing,contactless,11.3,11.8,0.0,3.0,0,1348,0,0
TXN009943,279.18,9,2,restaurant,contactless,18.1,13.0,3.0,0.0,0,1690,0,0
TXN009944,71.11,15,4,travel,card_present,2.6,11.9,2.0,0.0,0,3180,0,0
TXN009945,5.0,7,5,clothing,online,5.9,2.8,2.0,1.0,0,1916,1,0
TXN009946,109.19,21,0,travel,card_present,11.7,6.3,3.0,0.0,0,2366,0,0
TXN009947,2.98,6,6,clothing,card_present,11.1,1.8,5.0,0.0,0,1664,0,0
TXN009948,35.42,21,2,online,card_present,12.0,16.1,1.0,0.0,0,2552,0,0
TXN009949,11.36,22,5,restaurant,online,2.6,11.0,4.0,0.0,1,92,0,0
TXN009950,43.69,23,6,electronics,card_present,129.2,43.8,3.0,9.0,1,46,0,1
TXN009951,13.37,21,0,grocery,online,40.2,20.2,3.0,0.0,0,145,0,0
TXN009952,62.44,10,5,online,card_present,8.7,6.9,5.0,1.0,1,1213,0,0
TXN009953,143.94,19,4,grocery,card_present,21.4,6.0,4.0,1.0,1,984,0,0
TXN009954,330.78,1,2,jewelry,online,347.5,119.8,6.0,3.0,3,41,1,1
TXN009955,36.09,10,0,travel,card_present,7.7,2.9,5.0,3.0,0,1632,0,0
TXN009956,44.63,14,5,gas,card_present,21.4,2.4,2.0,2.0,1,860,0,0
TXN009957,34.3,15,0,online,card_present,20.5,11.1,6.0,2.0,0,2885,0,0
TXN009958,114.55,22,6,travel,card_present,10.4,3.7,3.0,0.0,1,966,0,0
TXN009959,58.16,16,3,grocery,contactless,17.8,17.1,3.0,0.0,0,1532,0,0
TXN009960,63.39,21,5,gas,contactless,2.0,0.6,2.0,0.0,0,414,0,0
TXN009961,225.92,7,2,clothing,online,34.1,8.4,3.0,2.0,1,2189,1,0
TXN009962,109.16,12,1,gas,card_present,42.0,11.1,1.0,0.0,0,246,0,0
TXN009963,103.6,8,5,restaurant,card_present,23.9,13.4,2.0,1.0,0,610,0,0
TXN009964,33.49,12,1,clothing,contactless,13.6,0.7,2.0,1.0,0,862,0,0
TXN009965,22.11,15,6,online,online,3.2,1.4,2.0,0.0,1,1509,0,0
TXN009966,61.42,9,2,online,online,7.4,0.9,3.0,0.0,0,1672,0,0
TXN009967,40.63,6,3,online,online,19.3,6.0,4.0,1.0,0,3435,0,0
TXN009968,69.83,19,4,restaurant,card_present,14.9,11.5,2.0,0.0,0,53,0,0
TXN009969,14.36,21,2,clothing,card_present,11.8,6.6,4.0,0.0,0,2048,0,0
TXN009970,398.24,13,5,gas,card_present,16.3,0.6,0.0,0.0,0,3512,0,0
TXN009971,12.0,11,0,gas,card_present,15.5,4.3,3.0,0.0,0,2926,0,0
TXN009972,20.11,8,6,restaurant,online,4.9,5.1,5.0,0.0,0,3550,0,0
TXN009973,17.27,19,2,restaurant,online,10.4,13.5,3.0,0.0,0,1281,0,0
TXN009974,54.09,10,0,restaurant,card_present,4.0,9.3,2.0,2.0,0,48,0,0
TXN009975,39.38,12,5,gas,card_present,0.7,1.0,4.0,1.0,0,3047,0,0
TXN009976,75.78,10,5,gas,online,1.2,14.0,3.0,6.0,0,1019,0,0
TXN009977,28.46,10,1,electronics,card_present,30.2,12.4,2.0,1.0,0,1641,0,0
TXN009978,20.45,16,4,clothing,card_present,8.6,3.3,5.0,2.0,1,151,0,0
TXN009979,61.36,20,1,grocery,card_present,4.3,11.0,3.0,1.0,0,1149,0,0
TXN009980,31.06,14,6,travel,card_present,9.3,10.9,8.0,0.0,0,2735,0,0
TXN009981,40.43,18,2,clothing,online,21.1,24.8,1.0,3.0,0,3075,0,0
TXN009982,20.29,22,3,restaurant,online,25.7,15.9,6.0,7.0,0,1523,1,0
TXN009983,17.51,16,4,gas,online,8.4,1.3,3.0,1.0,0,2867,0,0
TXN009984,77.57,21,6,clothing,card_present,0.8,10.9,4.0,0.0,0,187,0,0
TXN009985,187.49,22,4,gas,card_present,5.7,7.5,4.0,4.0,0,1993,1,0
TXN009986,45.86,21,5,clothing,card_present,23.1,3.3,6.0,1.0,0,1732,0,0
TXN009987,110.23,16,3,travel,online,8.4,3.0,2.0,1.0,0,455,0,0
TXN009988,334.44,10,2,grocery,card_present,9.5,1.7,2.0,1.0,0,3398,0,0
TXN009989,179.05,9,5,travel,online,5.8,15.1,3.0,0.0,0,2608,0,0
TXN009990,332.83,20,4,grocery,contactless,5.5,6.5,1.0,2.0,0,890,0,0
TXN009991,14.18,10,5,gas,online,5.0,15.8,2.0,2.0,0,3503,0,0
TXN009992,77.51,9,2,clothing,card_present,16.1,7.2,1.0,1.0,0,1855,0,0
TXN009993,100.9,20,0,restaurant,online,19.3,10.3,4.0,0.0,0,1442,0,0
TXN009994,62.78,7,4,travel,card_present,20.0,7.2,3.0,0.0,0,2850,0,0
TXN009995,30.75,22,2,clothing,contactless,2.4,6.7,1.0,0.0,0,1895,0,0
TXN009996,52.39,17,2,restaurant,card_present,9.9,2.7,1.0,1.0,0,2386,0,0
TXN009997,27.13,17,3,travel,contactless,6.0,6.3,6.0,0.0,0,2016,0,0
TXN009998,66.88,6,6,online,contactless,18.5,9.1,4.0,0.0,1,3636,0,0
TXN009999,9.8,20,4,travel,online,2.0,11.7,1.0,0.0,0,2836,0,0
